author	selftext	created_at	s_id	permalink	title
7yoxpd2u		1642691369.0	s8l31c	/r/Anarcho_Capitalism/comments/s8l31c/94_of_taxpayers_agree_it_is_every_americans_civic/	"94% of taxpayers agree it is every American’s civic duty to pay their fair share of taxes, including 71% who completely agree."
gm9xr7eu		1642692414.0	s8lgg0	/r/Anarcho_Capitalism/comments/s8lgg0/always_has_been/	Always has been. ;.
12q5bf1c		1642692557.0	s8lid5	/r/Anarcho_Capitalism/comments/s8lid5/kansas_and_california_cops_used_civil_forfeiture/	Kansas and California cops used civil forfeiture to justify armored car heists that stole money earned by licensed marijuana businesses.
34oz0mo6		1642693281.0	s8lrvd	/r/Anarcho_Capitalism/comments/s8lrvd/more_americans_identify_as_independent_than_gop/	More Americans Identify As Independent Than GOP or Democrat: New Gallup Poll
7gwvmnp7		1642694476.0	s8m7nx	/r/Anarcho_Capitalism/comments/s8m7nx/tolkien_would_be_an_anarchist_in_modern_times/	Tolkien would be an anarchist in modern times.
etg6ms6i		1642694892.0	s8md7y	/r/Anarcho_Capitalism/comments/s8md7y/carhartt_fuck_this_private_business/	Carhartt??? Fuck this private business.
7l9mhnpu		1642695118.0	s8mg8v	/r/Anarcho_Capitalism/comments/s8mg8v/supreme_court_makes_historic_54_ruling_and/	Supreme Court Makes Historic 5-4 Ruling – And Justice Thomas Delivers To The Country A Stern Dissent
bi5favga		1642695739.0	s8mowy	/r/Anarcho_Capitalism/comments/s8mowy/prepare_yourself_for_the_propaganda_machine_today/	Prepare yourself for the propaganda machine today!
fcasd2hr		1642698456.0	s8npg1	/r/Anarcho_Capitalism/comments/s8npg1/should_minimum_wage_be_raised/	Should Minimum Wage Be Raised??
aw6d3en		1642699785.0	s8o7gx	/r/Anarcho_Capitalism/comments/s8o7gx/the_enemy_unjust_authority_agorist_nexus/	The Enemy: Unjust Authority | Agorist Nexus
tx8q5		1642700786.0	s8olbv	/r/Anarcho_Capitalism/comments/s8olbv/biden_suggests_russia_may_not_be_heavily_punished/	Biden Suggests Russia May Not Be Heavily Punished for 'Minor' Invasion
hum06d0o		1642701270.0	s8orta	/r/Anarcho_Capitalism/comments/s8orta/socialism_is_growing_in_popularity_because_of_the/	Socialism is growing in popularity because of the increasing complexity and efficiency of markets. If you could bring all that to a stop; get 90% voluntary support for capitalism by de-monetizing the internet...would you?
4x50bezq		1642701441.0	s8ou3s	/r/Anarcho_Capitalism/comments/s8ou3s/lefties_are_completely_clueless_without/	Lefties are completely clueless without dictatorship.
7kyrfxow		1642701496.0	s8ouv1	/r/Anarcho_Capitalism/comments/s8ouv1/fuck_the_cia/	Fuck the CIA
dg121gwd	Some of that subb is eh some is downright retarded and it kinda gives me a hivemind vibe which is strange . But the actual problems they wanna tackle do make sense and we do need more money but holy shit there's no pleasing those people. Any logical answer you give them they reject. Fucks going on over there ?	1642702546.0	s8p9ir	/r/Anarcho_Capitalism/comments/s8p9ir/antiwork/	Antiwork
wrnx9		1642702670.0	s8pb6o	/r/Anarcho_Capitalism/comments/s8pb6o/reich_is_a_clown_and_should_be_banned_from/	Reich is a clown and should be banned from Twitter for this.
emsn8hjz		1643056125.0	sbvn9q	/r/Anarcho_Capitalism/comments/sbvn9q/who_won_the_2020_presidential_election/	Who won the 2020 presidential election?
7l9mhnpu		1643056189.0	sbvo48	/r/Anarcho_Capitalism/comments/sbvo48/ukraine_also_took_care_of_hunter_and_the_big_guy/	Ukraine also took care of Hunter and the "Big Guy"! Remember?
283pt45k		1643056575.0	sbvtay	/r/Anarcho_Capitalism/comments/sbvtay/i_made_a_video_discussing_the_original_metaverse/	I made a video discussing the original Metaverse and anarcho-capitalism. What do you guys think?
hgzfzzzh		1643056658.0	sbvue4	/r/Anarcho_Capitalism/comments/sbvue4/what_the_fuck_america_please_invade_canada/	what the fuck, america please invade canada
anaxa5zn		1643058370.0	sbwhkq	/r/Anarcho_Capitalism/comments/sbwhkq/magical_thinking_the_state_cant_stop_cocaine_from/	Magical thinking, the state can't stop cocaine from getting in jails will stop this LMAO
8pz7wplr		1643059107.0	sbwrp5	/r/Anarcho_Capitalism/comments/sbwrp5/take_note_of_which_of_these_industries_the/	Take note of which of these industries the government has their claws on
87yl95l4		1643059735.0	sbx0c0	/r/Anarcho_Capitalism/comments/sbx0c0/theyre_so_close_to_getting_it/	They're so close to getting it...
4x50bezq		1643060458.0	sbxc22	/r/Anarcho_Capitalism/comments/sbxc22/left_vs_left/	Left vs. Left
6j3yolib		1643060891.0	sbxi90	/r/Anarcho_Capitalism/comments/sbxi90/33_strategies_of_war_full_audiobook/	33 Strategies Of War Full Audiobook
ashi42u0	Hi, I am an anarchist/libertarian socialist and I am trying to understand Anarcho-capitalists more. Essentially my question is what is the basis for your version of anarchism? From traditional anarchists, it is clearly the "abolition of unjust hierarchy".   We agree that the state is an institution which uses force and violence to maintain political power in a given area. Even in democracies, citizens have much less political power than the rich and the politicians they vote in are notoriously corrupt and usually don't accurately represent their constituents.   Where we disagree is obviously on the issue of capitalism. For traditional anarchists, capitalism perpetuates a system which creates more of these unjust hierarchies and give bosses, CEOs, and owners far more power than the worker (leading to coercion and exploitation). Because it is a central part to leftist anarchists thought, it's hard for me to wrap my head around why capitalism isn't identified as a system which creates unfair power structures by you guys. Is this due to a belief that capitalism doesn't create inequality or is it due to a foundational principle different from the "abolition of unjust hierarchy"?  I know there probably won't be any minds changed but who knows!   Tl;Dr why do anarcho-capitalists defend capitalism when it is a critical enemy to the goal of traditional anarchism?	1643060903.0	sbxieq	/r/Anarcho_Capitalism/comments/sbxieq/honest_question_from_anarchocommunist/	Honest Question from Anarcho-Communist
19os14z		1643061895.0	sbxwan	/r/Anarcho_Capitalism/comments/sbxwan/vaccine_injured_professional_mountain_biker_kyle/	Vaccine injured professional mountain biker Kyle Warner challenges Biden, Fauci and Walensky to talk with those who ‘did their part’ “If they won’t talk to us maybe Joe Rogan will!” 🎙 @ChiefNerd
5ysue		1643062829.0	sby9ag	/r/Anarcho_Capitalism/comments/sby9ag/communism_achieved_youre_welcome_dirty_proles/	Communism Achieved. You're Welcome, dirty proles!
3isz8egj		1643063129.0	sbyde7	/r/Anarcho_Capitalism/comments/sbyde7/anarcho_communists_think_the_state_should_provide/	“Anarcho” Communists think the state should provide healthcare
4j5al7xa		1643063884.0	sbynos	/r/Anarcho_Capitalism/comments/sbynos/its_funny_the_comments_say_theyanti_vax_need_to/	Its funny the comments say they("anti vax") "need to check their sources", but the source of the study is a joke of an organization.
5v436rf7		1643064038.0	sbypu2	/r/Anarcho_Capitalism/comments/sbypu2/i_mean_who_would_start_pointless_wars_without/	I mean, who would start pointless wars without government?
iue65fla	  [View Poll](https://www.reddit.com/poll/sbyq4l)	1643064059.0	sbyq4l	/r/Anarcho_Capitalism/comments/sbyq4l/will_the_vaccinated_start_to_suffer_from_side/	Will the vaccinated start to suffer from side effects in the coming months and years?
4daw99fa	I’m all for deregulation of everything. However, my sister says that regulation of drug prices is good since it forces companies to not over charge for life saving drugs. And this would save lives since many poor people would be able to afford the now “cheaper” drugs. Since the drug companies have a patent on it, there is no way for competitors to make the drug. How do I argue against this?	1643064372.0	sbyuhr	/r/Anarcho_Capitalism/comments/sbyuhr/i_am_a_noob_ancap_please_help_me_win_an_argument/	I am a noob ancap. Please help me win an argument.
8qbhv7sl		1643064423.0	sbyv5g	/r/Anarcho_Capitalism/comments/sbyv5g/tampabased_rescue_group_evacuates_23_americans_us/	Tampa-Based Rescue Group Evacuates 23 Americans, U.S. Persons From Afghanistan Without State Department Assistance
56hww5ja		1643064588.0	sbyxag	/r/Anarcho_Capitalism/comments/sbyxag/without_our_glorious_government_how_can_we_have/	Without our glorious government how can we have this?
8tw49		1643066840.0	sbzr0v	/r/Anarcho_Capitalism/comments/sbzr0v/we_have_spotted_a_little_libertarian_who_gets_a/	We have spotted a little libertarian who gets A+
4x50bezq		1643066934.0	sbzs8i	/r/Anarcho_Capitalism/comments/sbzs8i/what_a_stupid_son_of_a_bch_joe_biden_is_building/	"What a stupid son of a b**ch" - Joe Biden is Building Back Better.
6j3yolib		1643067079.0	sbzu5i	/r/Anarcho_Capitalism/comments/sbzu5i/filthy_commies/	filthy commies.😁😆😂
cvu62qki		1643071220.0	sc09l1	/r/Anarcho_Capitalism/comments/sc09l1/apparently_dissent_ought_to_be_met_with_banning/	Apparently dissent ought to be met with banning and censorship. How fitting for this particular subreddit.
cnekc1s3		1643071808.0	sc0ij6	/r/Anarcho_Capitalism/comments/sc0ij6/we_live_under_warlords_and_banksters_under_a/	We live under warlords and banksters, under a veiled, corporate governance to launder money via the FED, Inc., for cronies & (now) WEF politicians and war criminals.
cyekouat		1643073021.0	sc101a	/r/Anarcho_Capitalism/comments/sc101a/i_love_neil_youngs_music_and_i_always_will_but_i/	I love Neil Young's music and I always will, but I think we all know between the two of them who's bringing Spotify more listeners.
9g66og7n		1643073166.0	sc124i	/r/Anarcho_Capitalism/comments/sc124i/pictures_sum_it_up_lol/	Pictures sum it up. lol
8w8waimh		1643073240.0	sc134x	/r/Anarcho_Capitalism/comments/sc134x/what_are_your_thoughts_on_this_genuine_question/	What are your thoughts on this? Genuine question.
4o7rw6ty		1643074398.0	sc1im4	/r/Anarcho_Capitalism/comments/sc1im4/meat_loaf_was_antivaccine_mandate_reportedly/	Meat Loaf was anti-vaccine mandate, reportedly seriously ill with COVID before death
56hww5ja		1643076536.0	sc2a6s	/r/Anarcho_Capitalism/comments/sc2a6s/thoughts/	Thoughts?
1q2b8ml		1643078160.0	sc2ujx	/r/Anarcho_Capitalism/comments/sc2ujx/yeah_we_are_equal_opportunity_even_for_those_who/	Yeah! We are equal opportunity even for those who drove their five kids in a pond...
bjh5le18		1643079111.0	sc363t	/r/Anarcho_Capitalism/comments/sc363t/when_people_ask_why_ancaps_cant_seem_to_agree_on/	When people ask why AnCaps can’t seem to agree on anything
2vce5z2p		1643079180.0	sc36y3	/r/Anarcho_Capitalism/comments/sc36y3/the_school_system_is_a_fail/	The school system is a fail
15wg7b		1643079235.0	sc37ky	/r/Anarcho_Capitalism/comments/sc37ky/a_win_for_freedom_in_nyc/	A win for Freedom in NYC
fuhhz		1643079694.0	sc3de5	/r/Anarcho_Capitalism/comments/sc3de5/unplug_it/	Unplug it!
dvtmw		1643080298.0	sc3l28	/r/Anarcho_Capitalism/comments/sc3l28/the_aclu_really_doesnt_want_parents_to_see_whats/	The ACLU really doesn't want parents to see what's being taught to their children in public schools.
