author	selftext	created_at	s_id	permalink	title
149yqa		1641674936.0	rz9lw0	/r/arabs/comments/rz9lw0/otaku_culture_in_the_arab_world/	Otaku Culture in the Arab World!
32bvw		1641736415.0	rzs68a	/r/arabs/comments/rzs68a/تحليل_أغنية_أنشودة_المطر_الجزء_الأول_محمد_عبده/	تحليل أغنية أنشودة المطر- الجزء الأول | محمد عبده - عبقرية الكلمات وابداع اللحن بلا حدود
4s511hlt	LOL Okay so as a khaleeji, i sometimes like saying levant terms just for fun   “lek shu haydaaa?” “shu 3am ta3miil?”  “keefak?”  do you guys do the same for khaleeji terms? if yes, then what terms?	1641750194.0	rzwyhx	/r/arabs/comments/rzwyhx/question_for_levant_arabs/	Question for Levant Arabs
zg16o		1641766233.0	s031bq	/r/arabs/comments/s031bq/أنقذنا_يا_غازي_من_آل_الصباح_كويتيون_ناضلوا_لضم/	أنقذنا يا غازي من آل الصباح... كويتيون ناضلوا لضم بلادهم إلى العراق
12hcx2		1641768125.0	s03q5t	/r/arabs/comments/s03q5t/thats_creative/	That's creative.
6l4z3	For general discussion, requests and quick questions.	1641772814.0	s05h4k	/r/arabs/comments/s05h4k/monday_majlis_open_discussion/	Monday Majlis | Open Discussion
4bk40		1641784247.0	s09ha5	/r/arabs/comments/s09ha5/ben_gurion_said_he_could_forgive_instances_of_rape/	Ben Gurion said he could ‘Forgive instances of rape”
11i6en		1641788301.0	s0ausx	/r/arabs/comments/s0ausx/عزاء_الرجال_للفنان_القطري_ناصر_الكبيسي/	عزاء الرجال للفنان القطري ناصر الكبيسي
gt1j7kx6		1641807170.0	s0g58x	/r/arabs/comments/s0g58x/arabic_calligraphy/	Arabic calligraphy
1vck		1641810428.0	s0gytm	/r/arabs/comments/s0gytm/هذه_المشاهد_ستشعرك_وكأنك_تحلق_بين_جمال_الطبيعة_في/	هذه المشاهد ستشعرك وكأنك تحلق بين جمال الطبيعة في سلطنة عمان (المصدر: أسامة محمد الغيلاني - @osama_fpv انستجرام)
i4a4mfh2	Why we say goodbye when we disagree ...? The difference was leading to a rupture. Where does the friendship go...? And if the difference takes years for love to return again... Where is the virtue ..grace..? If the difference leads to abandonment. Where does love go? And if the difference leads to hatred... Where does credibility go...?	1641825022.0	s0lbm6	/r/arabs/comments/s0lbm6/_/	...
jdcjbgw		1641827790.0	s0mbbu	/r/arabs/comments/s0mbbu/help_us_destroy_the_arab_apartheid_system_they_do/	'Help us destroy the arab apartheid system, they do no belong to this land'
4llnn939	thank you for asnwering. i have enough responses to finish my research. again thank you!  hello everyone! im back this is hopefully the last questionnaire. would you be kind enough to take 5mins of your time to answer it and provide me with your feedback. thank you in advance.  &#x200B;	1641832231.0	s0o0bc	/r/arabs/comments/s0o0bc/questionnaire_for_arab_gamers/	questionnaire for Arab gamers.
7uiae6iu		1641837835.0	s0q8m2	/r/arabs/comments/s0q8m2/adnan_husain_defines_the_war_on_terror/	Adnan Husain defines the War on Terror
iek4eypr		1641841727.0	s0rs00	/r/arabs/comments/s0rs00/mohamed_fawzy_teer_beena_tarek_refaat_piano_محمد/	Mohamed Fawzy, Teer Beena - Tarek Refaat, Piano - محمد فوزي، موسيقى طير بينا يا قلبي
3x3iva		1641849061.0	s0uo87	/r/arabs/comments/s0uo87/the_arab_warrior_queen_of_tanukh_mavia_was_an/	The Arab Warrior Queen of Tanukh: Mavia was an Arab warrior-queen, who ruled over the Tanukhids. She led her troops in a rebellion against late Roman rule, riding at the head of her army into Phoenicia and Palestine. After she reached the frontiers of Egypt and repeatedly defeated the Roman army.
17iqvt		1641855905.0	s0xen5	/r/arabs/comments/s0xen5/habibi_funk_arabic_music_youll_love/	Habibi Funk - Arabic Music You'll Love.
lnrzxur		1642082062.0	s2zyic	/r/arabs/comments/s2zyic/how_wwi_led_to_the_israelipalestinian_conflict/	How WWI led to the Israeli-Palestinian Conflict
3x3iva		1642085741.0	s31a5c	/r/arabs/comments/s31a5c/bono_moroccos_nt_goalkeeper_is_mad_at_the/	Bono ( Morocco's NT goalkeeper) is mad at the organizer who told him to speak in French rather than Arabic during the pre-match press conference.
7wo7k8ay	If u can get back in any year u want and change a political event what year and what change will you do?	1642096523.0	s35aq9	/r/arabs/comments/s35aq9/time_traveling/	Time traveling
4llnn939	 thank you very much! i have enough responses for now. hopefully i wont need to make another one. ill make a post with general results cuz some asked. have an amazing day! thank you again.    VERY general results: [https://www.reddit.com/r/arabs/comments/s3too9/questionnaire\_for\_gamers\_general\_results/?utm\_source=share&utm\_medium=web2x&context=3](https://www.reddit.com/r/arabs/comments/s3too9/questionnaire_for_gamers_general_results/?utm_source=share&utm_medium=web2x&context=3)	1642158759.0	s3pxo2	/r/arabs/comments/s3pxo2/yet_another_questionnaire_for_arab_gamers/	yet another questionnaire for Arab gamers.
4llnn939	some asked to see the results but i promised not to share them and that no one would see theresults aside from me. some VERY general answers shouldnt be a problem tho. b4 that this is a questionnaire for my research course it is not official i just need it to pass.  1- homosexuality: acceptable   2-  Demons, gods, demonic or goldy:  acceptable   3- sexualization: acceptable   4- profanity: acceptable   5- violence, blood and gore: acceptable   most of them were not even close.   if u have a specific answer shoot and mby i can answer it for you. again just note that this is nothing official. 	1642170622.0	s3too9	/r/arabs/comments/s3too9/questionnaire_for_gamers_general_results/	questionnaire for gamers - general results.
14gv6g		1642172716.0	s3uh2f	/r/arabs/comments/s3uh2f/زرت_أضرحة_اثنين_من_اكبر_الشخصيات_السورية_في_القرن/	زرت أضرحة اثنين من اكبر الشخصيات السورية في القرن الماضي، ولم اعلم من قبل أنهم مدفونين في ذات المقبرة حيث ندفن موتى عائلتي (مقبرة الباب الصغير في دمشق)
3x3iva		1642180176.0	s3xca5	/r/arabs/comments/s3xca5/all_these_years_and_nothing_has_changed/	All these years and nothing has changed. Solidarity with our Arab brothers in Naqab.
h1j5h		1642178624.0	s3wqku	/r/arabs/comments/s3wqku/فوزي_محسون_لا_تحايلني/	فوزي محسون - لا تحايلني
bo9lbjvi		1642223915.0	s4cpgk	/r/arabs/comments/s4cpgk/صباح_الخير/	صباح الخير 🤣
8o0o09sq		1642246806.0	s4ikjn	/r/arabs/comments/s4ikjn/بعض_من_أعظم_القادة_العرب_في_العصر_الإسلامي/	((بعض من أعظم القادة العرب في العصر الإسلامي))
6x4b0pee		1642271221.0	s4qo9p	/r/arabs/comments/s4qo9p/حبيب_الشعب_ابقى_ام_كلثوم/	(حبيب الشعب) ابقى - ام كلثوم
2lr702t1		1642276890.0	s4st31	/r/arabs/comments/s4st31/_/	.
2oyghipu		1642277638.0	s4t3cd	/r/arabs/comments/s4t3cd/دبي_دبي_دبي/	دبي دبي دبي
i4a4mfh2	It is said that the hardest resistance is to resist yourself... When your heart wants something and your mind prevents it... Who should trust the heart or the mind?.	1642281251.0	s4ugfn	/r/arabs/comments/s4ugfn/heart_or_mind/	heart or mind?
bo9lbjvi		1642310377.0	s54dfj	/r/arabs/comments/s54dfj/أكبر_أمنية_للفنانة_شادية_بخط_يدها/	أكبر أمنية للفنانة شادية، بخط يدها
6xu78fcc		1642330417.0	s59gqo	/r/arabs/comments/s59gqo/they_r_not_the_same/	they r not the same
jdcjbgw		1642335634.0	s5arma	/r/arabs/comments/s5arma/موسيقى_المغرب_الأقصى_حسب_المناطق_لائحة_غير_حصرية/	موسيقى المغرب الأقصى حسب المناطق (لائحة غير حصرية)
lnrzxur		1642350953.0	s5fjo8	/r/arabs/comments/s5fjo8/history_of_palestine_19401979/	History of Palestine 1940-1979
by9x705g		1642352897.0	s5g9je	/r/arabs/comments/s5g9je/why_more_arabs_are_embracing_pedal_power/	Why more Arabs are embracing pedal power
6l4z3	For general discussion, requests and quick questions.	1642377621.0	s5pgh0	/r/arabs/comments/s5pgh0/monday_majlis_open_discussion/	Monday Majlis | Open Discussion
eqom3ilq		1642407495.0	s5yx6g	/r/arabs/comments/s5yx6g/خريطة_يابانية_تمثل_الشرق_الأوسط١٩٤٢/	خريطة يابانية تمثل الشرق الأوسط..(١٩٤٢)
9esywhd2	 Hi everyone! Vegans, vegetarians and those who are interested are welcome. We discuss all sorts of topics related to veganism, share recipes, help others to become vegan, share useful links and resources, make friends and have fun. :)  https://discord.gg/hkdWKAYZ	1642435495.0	s67flh	/r/arabs/comments/s67flh/discord_server_for_arab_vegans/	Discord server for Arab vegans
1ewbqadc		1642464390.0	s6j4iz	/r/arabs/comments/s6j4iz/moslem_festival_1939_somalia/	Moslem Festival (1939) - Somalia
cnvaperj		1642497668.0	s6tgrb	/r/arabs/comments/s6tgrb/ختام_مقال_لغسان_كنفاني_بعنوان_إنقاذا_لكرامتنا/	ختام مقال لغسان كنفاني بعنوان: إنقاذاً لكرامتنا الفنية المهدورة، مطلوب "ماوتسيقار" فوراً. "ماوتسيقار" : نسبة للقائد ماو تسي تونغ
1vck		1642498276.0	s6tm9s	/r/arabs/comments/s6tm9s/topography_of_the_middle_east/	Topography of the Middle East
9syjsyh9		1642498912.0	s6trwo	/r/arabs/comments/s6trwo/روايات_لمؤلفين_عرب_تنصح_بقراءتها/	روايات لمؤلفين عرب تنصح بقراءتها؟
2opzz3jp		1642526496.0	s72ms7	/r/arabs/comments/s72ms7/بغداد_داري_و_في_بغداد_كان_أبي_فكيف_أسأل_عن_حالي/	بغدادُ داري و في بغداد كان أبي == فكيف أسأل عن حالي ببغدادا أتيت بغدادَ يحدوني السرور و في == بغداد قوبلت بالتكريم فازدادا المرابط الموريتاني محمد سالم بن محمد علي بن عدود - رحمه الله -
jdcjbgw		1642528707.0	s73hef	/r/arabs/comments/s73hef/cave_painting_oued_djaret_algeria_72000_bce/	Cave painting, Oued Djaret, Algeria, 7-2000 BCE
h40petox		1642531665.0	s74noa	/r/arabs/comments/s74noa/السعودية_تستضيف_وفد_دبلوماسي_ايراني_و_انباء_عن/	السعودية تستضيف وفد دبلوماسي إيراني و انباء عن قرب اعادة فتح السفارات بين البلدين
ab7hb5sx		1642545085.0	s79vfs	/r/arabs/comments/s79vfs/بلا_حدود_دعبد_الوهاب_المسيري_يتحدث_مع_أحمد_منصور/	بلا حدود | د.عبد الوهاب المسيري يتحدث مع أحمد منصور عن اليهود والصهيونية وطبيعة الصراع مع الصهاينة
ajhtj		1642552948.0	s7cuap	/r/arabs/comments/s7cuap/spectacular_lost_highways_of_ancient_arabia/	Spectacular Lost Highways of Ancient Arabia Discovered by Archaeologists
g12rh7		1642585822.0	s7mmi9	/r/arabs/comments/s7mmi9/صور_مباشره_للعاصفة_الثلجية_اللي_بلشت_تغمر_مخيمات/	صور مباشره للعاصفة الثلجية اللي بلشت تغمر مخيمات الشمال السوري وتغطي خيم بداخلها عوائل ماعندهم أيش شيء يحميهم من الصقيع والبرد.
2p3k1jik		1642603223.0	s7rkao	/r/arabs/comments/s7rkao/jordan_lebanon_and_syria_to_sign_the_treaty_for/	Jordan, Lebanon And Syria to sign the treaty for supplying Lebanon with Jordanian-prouduced electricity through Syria next week in Amman.
14gv6g		1642604443.0	s7s03z	/r/arabs/comments/s7s03z/they_speak_arabic_in_chad_يتكلمو_عربي_في_تشاد/	They speak Arabic in Chad?! يتكلمو عربي في تشاد؟
3xd1mmoo		1642607702.0	s7t7v9	/r/arabs/comments/s7t7v9/last_christian_in_idlib_recalls_his_community_the/	Last Christian in Idlib recalls his community The last Christian in Idlib is 90 years old. Despite the war and the challenges, he stayed in Idlib even as all Christians left as a result of the war and restrictions imposed by extremist Islamic factions.
lntnt		1642609974.0	s7u2r1	/r/arabs/comments/s7u2r1/رحلة_ظلمها_التاريخ_أبو_العلاء_المعري_في_بغداد/	رحلة ظلمَها التاريخ... أبو العلاء المعرّي في بغداد - رصيف 22
2p3k1jik		1642609994.0	s7u31u	/r/arabs/comments/s7u31u/jordans_monarch_king_abdullah_ii_receives_a_phone/	Jordan's monarch King Abdullah II receives a phone call from the Grand Imam of the Azhar mosque, the two discussed Jerusalemite affairs and insisted on stopping " one sided Israeli violations against our Palestinian brothers "
4pu9s7tx		1642611394.0	s7um5i	/r/arabs/comments/s7um5i/فضحتني_الله_يسامحها/	فَضحَتني الله يسامحها
d1e7j		1642613799.0	s7vkzb	/r/arabs/comments/s7vkzb/a_mapphotomontage_seized_from_profaisal_arab/	A map/photomontage seized from pro-Faisal arab nationalists in late 1919-early 1920
glmmbgj7		1642614729.0	s7vy48	/r/arabs/comments/s7vy48/لم_يكن_المستقبل_رحيما_بنا_نحن_شباب_سبيستون/	لم يكن المستقبل رحيما بنا نحن شباب سبيستون
g12rh7		1642626421.0	s80k4w	/r/arabs/comments/s80k4w/18_قضية_تعذيب_محاكمة_طبيب_سوري_في_ألمانيا/	18 قضية تعذيب.. محاكمة طبيب سوري في ألمانيا
6l4z3	نقاش حر بالعربي سواء بالفصحى او على لهجات العرب	1642636816.0	s84ku4	/r/arabs/comments/s84ku4/درر_المخارج_في_العامي_والدارج_نقاش_حر_بالعربي/	درر المخارج في العامي والدارج | نقاش حر بالعربي
13xi25	   **Minister's remarks in 1948 that he can 'forgive instances of rape' and Ben-Gurion's assertion that some Palestinian villages must be 'wiped out' were censored from unclassified docs, but exposed due to technical error**   [https://www.haaretz.com/israel-news/.premium.HIGHLIGHT.MAGAZINE-state-archive-error-shows-israeli-censorship-guided-by-concerns-over-national-image-1.10517841](https://www.haaretz.com/israel-news/.premium.HIGHLIGHT.MAGAZINE-state-archive-error-shows-israeli-censorship-guided-by-concerns-over-national-image-1.10517841)  Version without paywall : [https://archive.fo/B9kHl](https://archive.fo/B9kHl)	1642641017.0	s8639z	/r/arabs/comments/s8639z/state_archive_error_shows_israeli_censorship/	State Archive Error Shows Israeli Censorship Guided by Concerns Over National Image
3im7aiaw		1642643608.0	s86zfa	/r/arabs/comments/s86zfa/french_senators_vote_to_ban_hijab_in_sports/	French senators vote to ban hijab in sports competitions | France showing how much liberty equality fraternity they have once again.
9syjsyh9		1642652349.0	s89xb8	/r/arabs/comments/s89xb8/أين_استطيع_أن_أقرأ_عن_حكايات_السندباد_والبحارة_في/	أين استطيع أن أقرأ عن حكايات السندباد والبحارة في كتب التاريخ؟
6x4b0pee		1642661127.0	s8cm1j	/r/arabs/comments/s8cm1j/map_of_the_arab_gas_pipeline_egyptian_gas_deal/	Map of the Arab Gas Pipeline (Egyptian Gas Deal That Will Be Funded by the World Bank to pump natural gas to Lebanon in order to generate electricity)
jdcjbgw		1642661792.0	s8csot	/r/arabs/comments/s8csot/المكتبة_الحديثة_للأطفال_لمحمد_عطية_الأبراشي_قصص/	المكتبة الحديثة للأطفال لمحمد عطية الأبراشي: قصص كونت أجيالا من العرب
3j3dj		1642672274.0	s8ffuj	/r/arabs/comments/s8ffuj/recess_in_the_reception_room_in_the_house_of_the/	Recess in the reception room in the house of the Mufti Sheikh el Mahadi, Cairo, by Frank Dillon, 1875
9i4idqx		1642682963.0	s8i8fz	/r/arabs/comments/s8i8fz/المرض_بالسينما_العربية/	المرض بالسينما العربية
a9mvz61d		1642691068.0	s8kz8l	/r/arabs/comments/s8kz8l/this_video_is_a_vocal_representation_of_what_the/	This video is a vocal representation of what the Akkadian language might have sounded like. Did you notice the similarities between Akkadian and Arabic given they are in the same language family. It’s pretty interesting.
1vck		1642691824.0	s8l8tc	/r/arabs/comments/s8l8tc/what_are_the_most_googled_questions_about/	What are the most googled questions about Palestine?
qsr5p10		1642704216.0	s8pw72	/r/arabs/comments/s8pw72/one_state_for_all_the_only_alternative_to_israeli/	One state for all: The only alternative to Israeli apartheid
s4baw7k		1642708192.0	s8rcl3	/r/arabs/comments/s8rcl3/what_happens_is_the_arab_united_shocking_facts/	What happens is the ARAB United !? (Shocking Facts)
9i4idqx		1642711940.0	s8smt3	/r/arabs/comments/s8smt3/فحص_كورونا_سريع_لما_كان_سعرو_غالي_عند_عرب_الداخل/	فحص كورونا سريع ...لما كان سعرو غالي عند عرب الداخل الفلسطيني. (لا توخذوني على كثرة البوستات...مريض كورونا ومن الفلاس).
7uiae6iu		1642714535.0	s8tlqp	/r/arabs/comments/s8tlqp/nick_estes_and_adnan_hussein_on_racialization/	Nick Estes and Adnan Hussein on racialization, religion, and empire
14gv6g		1642746815.0	s94ebf	/r/arabs/comments/s94ebf/الاعلامية_السودانية_اللبنانية_داليا_أحمد_ترد_بقوى/	الاعلامية السودانية اللبنانية داليا أحمد ترد بقوى على العنصرية وغيرها من المضايقات التي واجهتها من قبل داعمين حسن نصر الله
azwjy		1642753289.0	s9604m	/r/arabs/comments/s9604m/til_there_is_a_social_movement_in_andalusia_spain/	TIL there is a social movement in Andalusia Spain, which seeks to re-Arabize the region
8o0o09sq		1642773706.0	s9be8t	/r/arabs/comments/s9be8t/العرب_والعمارة/	((العرب والعمارة))
g12rh7		1642783030.0	s9etb5	/r/arabs/comments/s9etb5/العنف_الطبي_في_سوريا_ليس_استثناء_إنما_عمل_ممنهج/	‏"العنف الطبي في سوريا ليس استثناء إنما عمل ممنهج، يعود إلى فترة الثمانينات خلال الأحداث الأمنية التي عصفت بسوريا حينها، إذ كان الأطباء يشرفون على عمليات التعذيب ويصدرون شهادات وفاة". - آدم مهران | Daraj
663p90rs		1642783143.0	s9eusn	/r/arabs/comments/s9eusn/بيت_مهجور_من_بيوت_أهل_زبير_القدامى_الزبارة_مع_بعض/	بيت مهجور من بيوت أهل زبير القدامى (الزبارة) مع بعض ذكريات الحرب العراقي...
g12rh7		1642798559.0	s9kpn1	/r/arabs/comments/s9kpn1/القبور_شهادة_حصرية_لأحد_مسؤولي_حفر_القبور/	القبور.. شهادة حصرية لأحد مسؤولي حفر القبور الجماعية في سوريا
qsr5p10		1642800308.0	s9ldtg	/r/arabs/comments/s9ldtg/without_prospect_of_end_to_occupation_middle_east/	Without Prospect of End to Occupation, Middle East Region Faces Irreversible, Dangerous Collapse, Special Coordinator Tells Security Council - occupied Palestinian territory
bo5wdwvg		1642809827.0	s9oxdl	/r/arabs/comments/s9oxdl/محلل_سياسي_يطالب_بمستحقاتة_من_بي_بي_سي/	محلل سياسي يطالب بمستحقاتة من بي بي سي
hhysqsqn		1642813058.0	s9q1o4	/r/arabs/comments/s9q1o4/marvel_moon_knight_with_arabic_subs/	Marvel moon knight with Arabic subs
jdcjbgw		1642843698.0	s9ys9h	/r/arabs/comments/s9ys9h/fantastic_conference_about_the_history_of_arabic/	Fantastic conference about the history of Arabic. True progress happen when Arabs study their language
2p3k1jik		1642854041.0	sa1cyi	/r/arabs/comments/sa1cyi/المخرج_السوري_بسام_الملا_مخرج_العمل_الدرامي/	المخرج السوريّ "بسام الملا" مخرج العمل الدراميّ السورئ الأضخم "باب الحارة" في ذمة الله عن عمز ناهز ال62 عامًا.
14gv6g		1642865937.0	sa52u9	/r/arabs/comments/sa52u9/وهل_بين_هاتان_فرق/	وهل بين هاتان فرق؟
2p3k1jik		1642869441.0	sa6at2	/r/arabs/comments/sa6at2/arab_league_2022_summit_to_be_postponed_for_an/	Arab league 2022 summit to be postponed for an unknown date because of COVID for a 3rd year in a row.
6x4b0pee		1642869588.0	sa6cp3	/r/arabs/comments/sa6cp3/final_round_of_the_african_wc_qualifiers/	Final round of the African WC qualifiers
1vck		1642878096.0	sa9ghy	/r/arabs/comments/sa9ghy/the_sword_ceremony_signifying_the_husbands/	The sword ceremony - signifying the husband's authority - a wedding, Ramallah, Palestine. Photo Underwood & Underwood, c1900 [603 x 640]
hz72arc2		1642885407.0	sac33b	/r/arabs/comments/sac33b/مقترحات_لعلم_فلسطين_من_عام_١٩٢٩/	مقترحات لعلم فلسطين من عام ١٩٢٩
idduwdxi		1642887118.0	sacony	/r/arabs/comments/sacony/مسيرة_وسط_غزه_يتظاهرون_دعما_لإيران_والحوثي_وحزب/	مسيرة وسط غزه ‏ يتظاهرون دعمًا لإيران والحوثي وحزب الله
jdcjbgw		1642923715.0	saoaoi	/r/arabs/comments/saoaoi/هل_كان_القدافي_مجنونا_حقا/	هل كان القدافي مجنونا حقا؟
fcsdo		1642936688.0	sarik8	/r/arabs/comments/sarik8/متن_مثلث_قطرب/	متن مثلث قطرب
8g2fp9gl		1642939382.0	sas82e	/r/arabs/comments/sas82e/جزيرة_سقطرى/	جزيرة سقطرى
25ggt96t		1642952322.0	saw9u4	/r/arabs/comments/saw9u4/lovely_beach/	Lovely beach
y73yp	Looking for a podcast that goes over and discusses ongoing events in the Middle East / Arab World, preferably from a left leaning perspective. Would appreciate any suggestion!	1642971223.0	sb3l4o	/r/arabs/comments/sb3l4o/podcast_on_contemporary_middle_eastern_politics/	Podcast on contemporary Middle Eastern politics
32bvw		1642971617.0	sb3qfe	/r/arabs/comments/sb3qfe/صاروخ_يوسف_المساكني_امام_نيجيريا_في_كأس_افريقيا/	صاروخ يوسف المساكني امام نيجيريا في كأس افريقيا
6l4z3	For general discussion, requests and quick questions.	1642982420.0	sb7uhn	/r/arabs/comments/sb7uhn/monday_majlis_open_discussion/	Monday Majlis | Open Discussion
jdcjbgw		1643016007.0	sbi4yh	/r/arabs/comments/sbi4yh/chad_jahilist_vs_virgin_modernist/	Chad Jahilist vs Virgin Modernist
20ew6ij7		1643020935.0	sbjdmu	/r/arabs/comments/sbjdmu/مع_تميم_الإلياذة_والإنيادة_ونحن/	مع تميم | الإلياذة والإنيادة ونحن
g12rh7		1643025604.0	sbkmii	/r/arabs/comments/sbkmii/assad_regime_tortured_over_653_palestinian/	Assad regime tortured over 653 Palestinian refugees to death since 2011, report reveals
pxe383c		1643034548.0	sbng41	/r/arabs/comments/sbng41/throwback_to_an_old_but_touching_iraqi_poem/	Throwback to an old but touching Iraqi poem.
jdcjbgw		1643035664.0	sbnu5z	/r/arabs/comments/sbnu5z/1207_أقدم_إجازة_معروفة_في_الطب_في_العالم_من_جامعة/	1207 أقدم إجازة معروفة في الطب في العالم من جامعة القرويين في فاس
3exajym8	[https://www.youtube.com/watch?v=wbp8upakwUA](https://www.youtube.com/watch?v=wbp8upakwUA)  [https://www.youtube.com/watch?v=mDMOy44bS8Q](https://www.youtube.com/watch?v=mDMOy44bS8Q)   [https://www.youtube.com/watch?v=0za3OrpD5bg](https://www.youtube.com/watch?v=0za3OrpD5bg)  [https://youtu.be/Nr87whfHUl8](https://youtu.be/Nr87whfHUl8)  وغيرها كثييييير لكن هذا أول شيء طلع لي بعد البحث  هذا بعد نشيد عن خطر التفحيط خذه  ديجي غربي وسوى له ريمكس!!!!!!!  [https://www.youtube.com/watch?v=4p1We9dpfNs](https://www.youtube.com/watch?v=4p1We9dpfNs)  &#x200B;  هذا نشيد عن خطر المخدرات والتدخين  [https://www.youtube.com/watch?v=UB7bxRNswo0](https://www.youtube.com/watch?v=UB7bxRNswo0)	1643035995.0	sbnyo1	/r/arabs/comments/sbnyo1/unpopular_opinion_الأناشيد_الجهادية_عظيمة_في/	unpopular opinion: الأناشيد الجهادية عظيمة في فصاحة اللفظ وعمق المعنى والسير على أوزان العرب في نظمهم الشعري
2opzz3jp		1643042564.0	sbqd1f	/r/arabs/comments/sbqd1f/قصيدة_رائعة_في_مدح_الرئيس_الموريتاني_السابق/	قصيدة رائعة في مدح الرئيس الموريتاني السابق معاوية ولد الطايع
3x3iva		1643046663.0	sbryk9	/r/arabs/comments/sbryk9/_/	❤️
6kozuib6	So there is this myth that Levant/ Al Sham had no Arabs in it and they are 'Romans descends' we often hear this statement from some Arabs and non arabs . If we look at pre-Islamic Arabic kingdoms , we can Cleary see that Arabs existed in levant before 'Medina / Mecca' Arabs arrived there . Here is some kingdoms you can google or read about.  * Kingdom of Qedar (800BC- 300 BC) Egypt-Jordan-North Saudi Arabia - Parts of Iraq and Syria * Nabataean Kingdom (400BC-100AD) Same as above , reached Syria Damascus (also parts of lebanon / palestine) * Kingdom of Osroene ( 132 BC  - 100/150 AD) : Iraq , Syria , parts of turkey .   (not an arab empire , however, had large arabic communities living there and some of its kings were Arab) * Emesene dynasty : 43BC - Lebanon /Syria * Kingdom of Hatra : 100 AD  North Iraq * Ghassanids : 200 A - 638 AD (located in most of the levant) * Lakhmid : 300-600 AD (Iraq , kuwait and North east Saudi arabia)  There are other instances of Arabs from Syria being roman emperors (like philip the Arab) in addition are many other figures who descended from north Arabia  But i guess this is enough for this post.  Note : The reason I did not include any old empires / kingdoms  from southern Arabia (gulf / yemen) is because I don't think it is relevant to this post. 	1643047496.0	sbsak5	/r/arabs/comments/sbsak5/why_do_we_assume_levant_al_sham_had_no_arabs_in/	Why do we assume levant / Al Sham had no Arabs in it before 7th century? History disagree.
dkhtbodn		1643050922.0	sbtlwu	/r/arabs/comments/sbtlwu/لم_أشاهد_الكثير_من_البرامج_التعليمية_للشعب_العربي/	لم أشاهد الكثير من البرامج التعليمية للشعب العربي. يمكن لمعظمنا فقط استخدام باينانس بير تو بير لشراء العملات المشفرة، هنا فيديو حول كيفية شراء أو بيع العملات المشفرة على باينانس بير تو بير حيث يتم تقييد استخدام التشفير
2p3k1jik		1643061896.0	sbxwb0	/r/arabs/comments/sbxwb0/syrian_electricity_minister_says_his_side_is/	Syrian electricity minister says his side is technically ready for Jordanian-produced electricity to pass through it's grid over to Lebanon, as per the three-way agreement that is excluded from the Ceaser act against the Syrian regime.
jdcjbgw		1643104762.0	sca7v0	/r/arabs/comments/sca7v0/راعي_ابل/	راعي ابل
q5bon		1643105176.0	scabp4	/r/arabs/comments/scabp4/metoo_wave_in_morocco_over_sex_for_grades_scandal/	#MeToo wave in Morocco over 'sex for grades' scandal
kjmnups		1643106790.0	scaq1v	/r/arabs/comments/scaq1v/اليوم_ذكري_ثورة_25_يناير/	اليوم ذكري ثورة 25 يناير
lntnt		1643109917.0	scbjjt	/r/arabs/comments/scbjjt/the_queens_file_how_the_mossad_got_to_king/	'The Queen’s File': How the Mossad Got to King Hussein of Jordan’s Mother | "Hussein was king of Jordan, and Israel needed a covert, deniable but direct line to the palace in Amman. Newly declassified, here's the surprisingly intimate route its agents took."
