author	selftext	created_at	s_id	permalink	title
5bphui1o		1642587009.0	s7mx2z	/r/Egypt/comments/s7mx2z/hinduvtas_and_a_late_entry/	Hinduvtas and a late entry
7vmhctkd		1642589506.0	s7niq1	/r/Egypt/comments/s7niq1/rise_of_the_planet_of_the_توكتوك/	Rise of the planet of the "توكتوك"
dpvaw7o	Hi everyone, I am a grad from computer engineering and have been working for 4 years now in both start ups and corporate in various roles, most recently tech sales. I got inspired by the question I always find here about CS vs CE so I made a tiktok account to answer questions about tech in egypt and how the work life is here and how to prepare for it, my format is basically AMA and I relate the answers to egypt and my experience. If you would like to check it out and ask about anything it's @kadythese	1642974540.0	sb4w2i	/r/Egypt/comments/sb4w2i/so_i_made_a_tiktok_account_to_talk_about_the_tech/	So i made a tiktok account to talk about the tech world in egypt.
2gwx9kir		1642975560.0	sb5apf	/r/Egypt/comments/sb5apf/its_really_weird_i_think_its_because_of_عقدة/	It's really weird, I think it's because of عقدة الخواجه tho
nqgwk		1642975946.0	sb5ght	/r/Egypt/comments/sb5ght/regypt_discord_invite_link/	/r/Egypt Discord Invite Link
3bq8obtc	I'm looking for some good new Egyptian movies to watch. Any recommendations.	1642976658.0	sb5qgf	/r/Egypt/comments/sb5qgf/egyptian_film/	Egyptian film
9qvks0ik		1642976674.0	sb5qnm	/r/Egypt/comments/sb5qnm/gold/	Gold
eggsgroz	Looking for a psychiatrist who specializes in ADHD	1642978912.0	sb6l4r	/r/Egypt/comments/sb6l4r/anyone_knows_a_good_psychiatrist/	Anyone knows a good psychiatrist?
2j169wso		1642982734.0	sb7yxr	/r/Egypt/comments/sb7yxr/where_are_you_from/	Where are you from
91yeqmce	I know it does i have already downloaded the app but i mean most of the profiles I've see i can guarantee are fake so a better question would be whether there are actually people who really use tinder for real here in Egypt or are they all just fake profiles made by desperate men or bots?	1642983118.0	sb841n	/r/Egypt/comments/sb841n/does_tinder_actually_work_in_egypt/	Does tinder actually "work" in Egypt?
7ucybjle	I’m 20f & i’ve never had a boyfriend. I’ve been told many times that i’m fairly good looking & fun to be around and many showed interest but for some reason they never really do any effort for us to be anything..   لا عمري ارتبطت ولا صاحبت ولا اي حاجة ونفسي اعرف ازاي اصلا اتنين بيتصاحبوا؟ كل اللي حواليا بيصاحبوا ويفركشوا مرتين تلاتة في الشهر وانا لوحدي عمر ما حد فكر يصاحبني. السؤال بقى هل العيب فيا؟   هل انا المفروض اروح اقوله مثلا نرتبط ولا بتقضوها تلميحات ولا اقوله نخرج ولا هي بتيجي ازاي عشان انا فترة المراهقة كلها راحت ومعيشتهاش. يا ريت الولاد يقترحولي كيف اصطاد رجلاً. I’m not trolling I’m genuinely concerned at this point, keep in mind that yes most 20 year olds nowadays already have exes.	1642988284.0	sb9w6y	/r/Egypt/comments/sb9w6y/how_do_you_girls_date_in_egypt/	How do you girls “date” in Egypt?
hup1ya83	Any recommendations	1642993571.0	sbbnku	/r/Egypt/comments/sbbnku/podcasts_for_building_a_better_mindset/	Podcasts for building a better mindset
7kv7tken		1642993817.0	sbbqe7	/r/Egypt/comments/sbbqe7/نصيحة_ليا_كشخص_introvert_عايز_يبقي_extrovert/	نصيحة ليا كشخص introvert عايز يبقي extrovert ويعرف يكون صداقات ويعيش كشخص طبيعي
4un9pvhl	I tried translating it and it says lattice but that's not right.	1642998055.0	sbd55i	/r/Egypt/comments/sbd55i/what_is_she3reya_in_english/	What is she3reya in english?
aavwvdgx		1642999980.0	sbdq3e	/r/Egypt/comments/sbdq3e/for_discussion_i_have_also_noticed_that_here/	For discussion + I have also noticed that here Egypt and Arab countries worship western beliefs and opinions despite ours
2y8t2kjb		1643001089.0	sbe2ro	/r/Egypt/comments/sbe2ro/where_is_the_best_and_cheapest_place_to_learn/	Where is the best and cheapest place to learn English in Cairo? Any online courses?
c8o4awxt		1643005259.0	sbfbgi	/r/Egypt/comments/sbfbgi/looking_for_somewhere_to_play_basketball_casually/	Looking for somewhere to play basketball casually in New Cairo/Rehab
1hnpr9g9		1643007629.0	sbfzm5	/r/Egypt/comments/sbfzm5/ايه_افضل_كتاب_قرأته_سواء_كان_عربى_او_انجليزى_غير/	ايه افضل كتاب قرأته سواء كان عربى او انجليزى غير أو أضاف بعض المفاهيم عندك ؟ وليه ؟
e1opeaix	دلوقتي انا لسه في اولي جامعه حاسبات ومعلومات وعلي حسب ما فهمت ان الموضوع هياخد وقت عشان اخد مرتب كويس لازم يبقي معايا خبره كذا سنه   انا سمعت ان فيه ناس بتشتغل من سنه تانيه هل ينفع اشغل اصلا وانا بدرس؟ انا هحاول ابدا اتعلم java script من دلوقتي     وايه اكتر حاجه لازم اركز اني اتعلمها ؟	1643007978.0	sbg2z4	/r/Egypt/comments/sbg2z4/امتي_software_engineer_هو_المفروض_اشتغل_ك/	امتي؟ software engineer هو المفروض اشتغل ك
ed9gczx5		1643009155.0	sbge1q	/r/Egypt/comments/sbge1q/basically_what_happened/	Basically what happened
8151p6d8	Ok, the fact that people are making such a big deal out of this movie to the point that it is being discussed at مجلس النواب is literal proof that we are spiraling way down. Seriously? It's just a fucking movie. Instead of promoting young entrepreneurs or discussing things that actually matter, we're sitting here judging a NON-EGYPTIAN MOVIE, on national fucking television.   The problem will always lie with الامر بالمعروف والنهي عن المنكر an ideology that will consistently set us back, while the entire world is moving forward. You can have your beliefs about LGBTQ+ or sex, etc etc, its your right, but keep it to yourself. Why take time to judge others when they have done absolutely nothing wrong to you. Thats it, the value of time, a concept that people in general even me sometimes fail to understand. If you spent two minutes of your time cussing out someone on the internet and god-forbid something happens and you die, you will beg to take those two minutes back to say goodbye to your family/friends or whatever it is that you wanted to do.  Learn to be kinder people, we are all humans, yes we have different beliefs, but thats what makes us unique, because we can learn from each other. You like something, do it, if you don't acknowledge, ignore it, and teach your children to do the same. Again, it's your right, but keep it yourself, and if you really feel the need to let your beliefs out, then provide ADVICE, not attack someone else for simply being them.  Edit: for those asking this post is not about the movie, but its called اصحاب ولا اعز (Perfect Strangers)	1643015193.0	sbhxkm	/r/Egypt/comments/sbhxkm/a_small_rant_about_people_in_this_country/	A small rant about people in this country
4di8hs93		1643017353.0	sbih54	/r/Egypt/comments/sbih54/sums_up_everything_pretty_much/	Sums up everything pretty much
i7k46mmn	Since the book fair is opening soon,do you know any good sci fi english books? I was just wondering cause i cant find anything new	1643018000.0	sbimo9	/r/Egypt/comments/sbimo9/do_you_know_any_good_books/	Do you know any good books?
dwenvtgd		1643018319.0	sbipa2	/r/Egypt/comments/sbipa2/اه/	اه
63vsqxrs		1643025420.0	sbkkj5	/r/Egypt/comments/sbkkj5/إيه_أجمد_مطعم_بيعمل_فطير_شرقي_سجق_في_القاهره/	إيه أجمد مطعم بيعمل فطير شرقي سجق في القاهره ؟؟؟
6607kgkm		1643025707.0	sbko4l	/r/Egypt/comments/sbko4l/تقريبا_زي_النهاردة_من_11_سنة_1912011_ساكتين/	تقريبا زي النهاردة من 11 سنة 19/1/2011 "ساكتين ساكتين" كايروكي.... و للأسف لم يبقى من يناير سوى الذكريات الأليمة
cwoj1ebj		1643030055.0	sbly9w	/r/Egypt/comments/sbly9w/our_trip_inside_the_pyramids_its_like_a_normal/	Our trip inside the pyramids - it's like a normal room in there lol
bm9l28me		1643033518.0	sbn3mx	/r/Egypt/comments/sbn3mx/seriously_guys/	Seriously guys...
8vmryth3	Ok so first of theres the ungrateful people the people are like rich and dont say الحمدلله and just complain about any thing and always want better always want mroe expensive your parents got you a 100k 10 year old car? No i want more i want a nee car not used, for kids/teens their parents can only afford an iphone 8 or whatever, no i want the iphone 12 and never grateful like just say الحمدلله and be grateful some people dont have that stuff   Second the economy/jobs system for this ill take the tupical office job, okay so you work your ass of for 50 hrs a week and only to get payed 3k? But you give the company more fame, more money, for example lets say you make them 50k i get it company taxes so lets say 30k alright now theres 20k, 10k for the company and 10k for you, you did most lf the work all the boss did was sit aroubd all day bossibg people around and making them suffer snd hate the job more and more, another example, my compound has a عامل نظافة عام and i was wonder how much he made so i got my answer its 2k,its so unfair like he helps every  resident  to clean their garden, trash, etc etf and theres like 20 houses and they still pay him 2k this is just bs, this is why people want to leave egypt	1643033733.0	sbn635	/r/Egypt/comments/sbn635/a_stupid_rant_abt_this_countrys_people/	A stupid rant abt this countrys people
ijx2ux7d		1643034205.0	sbnc3e	/r/Egypt/comments/sbnc3e/تتوقعوا_الحرب_اللي_احتمال_تحصل_بين_روسيا_و/	تتوقعوا الحرب اللي احتمال تحصل بين روسيا و اوكرانيا ممكن تتحول لحرب عالمية؟؟
6gf1eaxg		1643035797.0	sbnvsx	/r/Egypt/comments/sbnvsx/gf_in_the_summer_will_be_like/	Gf in the summer will be like:
afp0y32e	Hey, haven't really posted on reddit before so I apologize in advance if I'm on the wrong board.  &#x200B;  I'm trying to buy some stuff for a DYI cosplay of mine and I needed some aclyric sheets, and It's sold on there, and I'm not sure if I should do the purchase or not. It seems legit and professionally made, but its the first time I heard of it	1643036167.0	sbo0jr	/r/Egypt/comments/sbo0jr/anyone_tried_ubuy_before/	Anyone tried Ubuy before ?
1c3v4vme	As written in the title, if we order food and then the restaurant fails to deliver it within the allotted time, should we still pay for the delivery fees?	1643036602.0	sbo6g6	/r/Egypt/comments/sbo6g6/food_delivery_fees_shouldnt_be_paid_if_the_dont/	Food delivery fees shouldn’t be paid if the don’t meet the delivery time.
b8aybpjr	Hello guys, I recently made a mistake, I was supposed to send my IBAN number of my bank account to receive money from my employer and I sent the IBAN with 3 missing numbers but all other details are right. They sent the salary  but I didn't receive anything. How to correct such situation? Is my money gone?	1643037815.0	sbollm	/r/Egypt/comments/sbollm/iban/	IBAN
ctvi3j1f	انا 19 سنة نشأت في مصر الحبيبة و أكلت من ثمارها و... إلخ حاسة اني مغيبة عن الواقع و في حاجات عدت عليا كده من غير ما استوعبها او افهمها كويس زي ثورة يناير و أحداث كبيرة زيها .. أدور فين ولا أسمع من مين ولا مش مهم أدور او أعرف ده و اسيبها على الله؟  المفروض ان انا الجيل اللي جي و من أبناء المستقبل و كده و حاسة اننا هنفضل منصبين و مركزين اوي في كل مجالات الentertainment و معادش هيبقى في حاجة تتحكى او تتقال غير الtrends بتاع الfashion و الmusic و هكذا.. ابدأ منين أفهم في السياسة و الإقتصاد و باقي المجالات اللي هتهمني قدام؟ انا مش عايزة اسيب مصر و افضل أذاكر عشان اجيب شهادة كويسة و اسافر بره و خلاص كده.. انا تايهة جداً و بتجيلي existential crisis كتير اوي بسبب الموضوع ده. اي نصايح؟	1643038479.0	sbotzr	/r/Egypt/comments/sbotzr/هو_ايه_اللي_المفروض_أعرفهأعمله/	هو ايه اللي المفروض أعرفه/أعمله ؟
1ia8qevu		1643040525.0	sbpljh	/r/Egypt/comments/sbpljh/is_there_a_websiteonline_shop_where_i_can_buy/	Is there a website/online shop where I can buy Egyptian products (makeup, clothing…) from Europe?
8m8q3ery	Hey Guys. I think a few of you are confused 🤔 as to what Netflix is.  Netflix isn’t one of your constitutional rights and it’s not a public service.  It’s not القناة الاولى.  What it is, is a private corporation that offers a subscription service to its catalogue of films, some of which it produces.  YOU PAY 💰 💰 💰 NETFLIX MONEY TO CONSUME THEIR CONTENT.  So… I guess… just don’t give them your مية و خمسة و ستين جنية كل شهر if you don’t like what they have to offer?!  This would be like me travelling abroad and visiting a strip club, paying to get in, only to come screaming out that they have naked women in there trying to shove their asses 🍑 in my face.  AND THEN THE NEXT DAY I STILL VISIT THE SAME STRIP CLUB, PAY TO GET IN, ONLY TO COME OUT SCREAMING AGAIN.   Surprised. That. They. Still. Have. Naked. Women. In… THE STRIP CLUB.  I guess what I’m trying to say is…  I know everyone has different opinions on just about everything, that’s FINE.  Your values matter, they really do.  But they only matter to YOU.  I don’t give a f*ck about your values and I don’t expect you to give a f*ck about mine.  The world is a big place and you can’t please everyone. If Netflix tried to make films everyone found agreeable, we would probably end up with a ton of cat 🐈 🐈‍⬛ 🐈 movies — and nothing else.  Feel free to never watch Netflix again.  Personally, I’ll keep enjoying Mona Zaki’s awful acting.	1643042010.0	sbq5ra	/r/Egypt/comments/sbq5ra/netflix_is_not_one_of_your_constitutional_rights/	Netflix Is NOT One Of Your Constitutional “Rights”
4denv	Hey there!  I'm in Hurghada right now, and one of my local Egyptian friends was telling me that maybe Egypt will go into some kind of lockdown in two weeks?  I don't follow any kind of Egyptian news, so I'm not really aware of what's going on in terms of covid. I also couldn't find any news about it online.  Can anyone elaborate on this? Anyone know if anything is going change, or if planes will stop flying back (to the Netherlands)? Because I'm not sure if I want to be "stuck" here for a couple of months	1643042993.0	sbqiul	/r/Egypt/comments/sbqiul/will_egypt_closelockdown_for_tourism_flights/	Will Egypt close/lockdown for tourism / flights?
8ftqwlkj		1643043611.0	sbqrk9	/r/Egypt/comments/sbqrk9/ده_اول_ميم/	ده اول ميم
8ftqwlkj		1643044706.0	sbr783	/r/Egypt/comments/sbr783/فعلا_يا_جدعان_طز/	فعلا يا جدعان طز
di065q13	I am still in sanawy. I want advice about majoring in mathematics I have made my decision but I need advice in terms of what careers there are other than teaching and if there is anything I can do that can  help in getting a job because my parents think the major has no jobs and I want to reassure them.	1643045138.0	sbrd7t	/r/Egypt/comments/sbrd7t/i_want_to_study_mathematics_advice/	I want to study mathematics, advice?
erqm7atx		1643045374.0	sbrghr	/r/Egypt/comments/sbrghr/where_do_you_wish_you_had_grown_up/	Where do you wish you had grown up?
h7ztlcu9	اقصد نضيف من الناحية انه بيعقم ادواته و كده و ياريت تضيفوا سعر الحلاقة بتاعته لو تعرفوا و شكرا.	1643046515.0	sbrwfp	/r/Egypt/comments/sbrwfp/صالون_حلاقة_نضيف_في_اسكندرية/	صالون حلاقة *نضيف* في اسكندرية؟
8x0eg0rm	Asalamo 3aleikooooom! Ya gama3 ana 3ayza a3raf eza feh some kind of podcast scene f masr? El podcast el wa7eed ely a3rafo esmo "Kefaya b2a" w msh 3agebny awy... Hal feh podcasts tanya mashhoora f masr? W kaman 3ayza a3raf momken a3melhom stream men anhy platform.   Shokran:))))	1643046772.0	sbs06z	/r/Egypt/comments/sbs06z/feh_podcasts_masreya_7elwa_w_law_feh_feh_nas/	Feh podcasts masreya 7elwa? W law feh, feh nas kteer betesma3hom wla la2?
2jwstba	A friend of mine is coming to egypt soon, he has everything ready but unfortunately he lost his passport, but it is stated on the german embassy in cairo and the Ministry of foreign affairs that it is possible to enter and get a visa on arrival via the german id and 2 photos of the person entering, does anyone have experience with a situation like this or knows who i can get in touch with to inquire about it? i have been already in touch with the german embassy and they said as far as they know it is possible.	1643047144.0	sbs5d2	/r/Egypt/comments/sbs5d2/entry_requirements_for_a_german_citizen_to_enter/	Entry requirements for a german citizen to enter Egypt
11eqdo		1643050025.0	sbt9ff	/r/Egypt/comments/sbt9ff/anyone_know_where_can_i_get_these_starbucks_cups/	Anyone know where can I get these Starbucks cups in Egypt? (Can’t find them in Starbucks)
5zoohxmj	  [View Poll](https://www.reddit.com/poll/sbv18m)	1643054545.0	sbv18m	/r/Egypt/comments/sbv18m/do_you_think_the_nubian_language_should_be_the/	Do you think the Nubian language should be the official language in Aswan and the Amazigh language in Siwa? If not why?
daf012i9		1643055779.0	sbvigr	/r/Egypt/comments/sbvigr/هاي_في_ذكري_ثورة_يناير_المجيدة_صحيفة_الجارديان/	هاي في ذكري ثورة يناير المجيدة صحيفة الجارديان بتنشر فديو صادم لتعذيب معتقلين مصريين في في قسم السلام في القاهرة دون اي وجه حق وابقوا سلمولي علي استراتيجية حقوق الانسان 👋👋👋
erqm7atx		1643055803.0	sbvisp	/r/Egypt/comments/sbvisp/ايه_أسوأ_نصيحة_حد_الهلاك/	‎‏ايه أسوأ نصيحة حد الهلاك؟
h1klkmag	Hi, so it's been roughly 1 year since I landed here and to this day I haven't made any connections mostly due to the language barrier and mindset barriers as well    although I like talking with the gatekeeper next to my house he listens a lot to me and offers advice he's a cool old man, usually I shown him illustrations , maps and writing of my novels since I'm a Sci-Fi fantasy writer   I tend to keep to myself a lot mostly because I'm extremely passionate towards these things, I can go on so many hours of talking on how beautiful the cosmos of the galaxy is and how mysterious the unknown is! It truly is fascinating to to even think about or even imagine.  It would be somewhat cool to find one or two people who are an audience to these things. I will admit it feels lonely a lot being around mostly because its a different society with different values and ideas so to somewhat find common ground with someone here it is challenging.  What do you think?	1643056644.0	sbvu7i	/r/Egypt/comments/sbvu7i/is_there_like_a_place_where_you_can_find/	Is there like a place where you can find like-minded individuals ?
f7l0n		1643057298.0	sbw32e	/r/Egypt/comments/sbw32e/come_on_guys_youre_making_us_blush/	come on guys, you're making us blush!
ihbo9bnj	Where can I buy an emperor scorpion in Cairo?	1643058013.0	sbwcn4	/r/Egypt/comments/sbwcn4/emperor_scorpion/	Emperor Scorpion
3761yr79	So What if the whole internet have no comment section?	1643060276.0	sbx9cl	/r/Egypt/comments/sbx9cl/ركن_التعليقات/	ركن التعليقات
7cu0kmqk		1643061644.0	sbxsnz	/r/Egypt/comments/sbxsnz/remember_remember/	Remember Remember
dpwkpwfa		1643066665.0	sbzorx	/r/Egypt/comments/sbzorx/it_became_a_memory/	It became a memory
j649x		1643072591.0	sc0u2h	/r/Egypt/comments/sc0u2h/double_standards_much/	Double standards much?
bh5us2d4		1643077439.0	sc2li8	/r/Egypt/comments/sc2li8/أردوغان_خلي_الأمة_الإسلامية_كلها_كفار_بالكلمتين/	أردوغان خلي الأمة الإسلامية كلها كفار بالكلمتين دولة
838w5vrb		1643077837.0	sc2qii	/r/Egypt/comments/sc2qii/المجد_لشهداء_ثورة_يناير_ماتوا_هباءا_من_أجل_شعب_لا/	المجد لشهداء ثورة يناير، ماتوا هباءا من أجل شعب لا يستحق ❤️
6bf84s5w		1643078818.0	sc32ld	/r/Egypt/comments/sc32ld/anubis_with_baguettes_figurine/	Anubis with baguettes figurine
bzpgbr4g	امبارح وانا رايح الشغل والعربيه ماشيه كان فيه ناس راجعه مخالف علي الطريق بسبب لجنه شرطه مش مرور . محدش كان عارف في ايه , بس لما لقينا كذا مجند ملثم بألي وشرطه واتنين شكلهم منفر نمطي بالافلام المصريه عن العسكري الفاسد الي بيهين .  الاتنين كانوا عمالين يوقفوا عربيات وكل الي بيعملوه يبصوا علي وشوش الناس الي في العربيات , الغريب ان دا كان بيحصل بسرعه لاني كنت مفكر انهم معاهم صوره او ومواصفات معينه لشحض او مجموعه معينه الكمين معمول لهم فالمفروض ياخدوا وقت يركزوا بالملامح , لكن اتضح بعد ما مشينا شويه ان الصفه المشتركه ظاهريا بني المتثبتين علي جنب هي الدقن  . بعدها السواق اتصل بحد بيقول "ياعم لا عادي .... دا بيدورا علي الدقون ....... اخوان اخوان" , انا باقي الركاب "متعبيين سردين" -واحد وانا راكب في مره شتمنا بالكلمه دي- في الاتوبيس بنبص زي الاصنام .   أنا مش لسه هعرف ان اي حد بيفتح بوقه بكلمه و حد وشي بيه -ايوه من زمايل شغل او حتي قرايب- بيتسجل عندهم , ومن الي اعرفهم من قريب بعيد فالعواقب الي شوفتها بتترواح من نزول درجه علميه - فصل نهائي - اعتقال للتحقيق ثم بعد فتره فصل نهائي - حبس سنين .    دا الي انا اعرفه وماشي بيه ... اني لو اتكلمت واتعرفت فحياتي اكلينكيا انتهت .   الي انا مكنتش اعرفه هو المماراسات الدينيه . مثلا كان دايما فيه هزار مختصر من زمايلي عن مواقف حصلتلهم "ههههه صاحبك دا واحنا راكبين كان بيقرا قران , قفل المصحف وعانه في الشنطه لما لقي كمين" , "بيقولك مره واحد اتوقف عشان عنده علامه صلاه" , "انا وانا جاي النهارده لقيت ناس ممسكوه علي الطريق بدقن ... اه ياعم اخوان ...بس انا مش عارف دا حتي سنه عن الرسول ... انا في ناس كتير في بلدي اتخدوا عشان مربيين دقنهم وملهومش دعوه بالاخوان ولا اي حاجه" وهكذا   هل فعلا الوضع الحالي كدا ؟	1643079353.0	sc391p	/r/Egypt/comments/sc391p/ministry_of_love/	Ministry of love
6p4sw5vi	One thing I realized about living in England is that a lot of British people romanticize the colonial past and almost all of them agree that they shouldn’t return the artifacts back to Egypt because it’s unstable country and the artifacts aren’t safe there and they say because we are high on the corruption index and ruled by a dictator and they always use the 2011 artifact looting that happened in cairo when there was political instability and the police was focused on the protestors rather than the museums and the treasures.  What do you guys think of this?  Should Britian return the stolen artifacts?	1643081703.0	sc41qx	/r/Egypt/comments/sc41qx/returning_stolen_artifacts_from_britian/	Returning stolen artifacts from Britian!!
12zmm6	Do most men in Egypt think having relationships outside of marriage is alright? For example looking for another partner without their wife’s consent.	1643082429.0	sc4abe	/r/Egypt/comments/sc4abe/egyptian_men/	Egyptian men
xwbom		1643082612.0	sc4cbv	/r/Egypt/comments/sc4cbv/a_tribute_to_25_jan_2011/	A tribute to 25 Jan, 2011. 🇪🇬
4pw445r4	Coffee addicts. Where do you buy coffee beans from? I usually get Brazilian coffee from عبد المعبود اللي في التحرير But i like shaheen and عبد المعبود الحبشي. I also got Ethiopian coffee from arab al maadi (this place has a lot of authentic Ethiopian shops and i bought some from there).	1643084343.0	sc4wax	/r/Egypt/comments/sc4wax/best_place_to_buy_coffee_بن_from/	Best place to buy coffee (بن) from.
7gnii		1643092748.0	sc7bu7	/r/Egypt/comments/sc7bu7/every_day_i_must_make_a_difficult_choice/	Every day I must make a difficult choice
5palcvl		1643098437.0	sc8qqg	/r/Egypt/comments/sc8qqg/11_years_of_memory/	11 years of memory
dswwvdeu		1643099917.0	sc93fv	/r/Egypt/comments/sc93fv/lol_my_first_time_filming_the_streets_of_cairo_i/	Lol my first time filming the streets of Cairo. I kinda miss it
6607kgkm		1643099914.0	sc93ex	/r/Egypt/comments/sc93ex/epic/	Epic
hgpnsism	Looking for a quiet place to study and I just can’t find any on google	1643101448.0	sc9gj0	/r/Egypt/comments/sc9gj0/any_good_studying_spots_near_qasr_el_ainy_faculty/	Any good studying spots near qasr el ainy (faculty of medicine)
kjmnups	 [egypt 25 january revolution - YouTube](https://www.youtube.com/watch?v=Mv83DZ-9COo)	1643102352.0	sc9nwq	/r/Egypt/comments/sc9nwq/الفديو_ده_أجمل_فديوا_عندي_لـ_25_يناير_بتفرج_عليه/	الفديو ده أجمل فديوا عندي لـ 25 يناير, بتفرج عليه كل سنة عشان منساش.
9rhgu9gj	   It has been five months now since the Taliban took control of Afghanistan.      Now, a quick recapping and assessing their achievements and futuristic plans.   Undoubtedly, we all have noticed massive progress in hard-core scientific disciplines, such as pure and applied mathematics, physics, astronomy, engineering, and biological sciences.   We also have witnessed progress towards women's freedom. I heard some rumors that now women in Afghanistan can run for local government offices and soon be presidential.   Not only that, but also we have seen tremendous accomplishments in almost all aspects that touch our daily life, such as 5G tech, quantum computing, metaverse, electric cars, space, quantum physics, software developments, ethics, philosophy, psychology, and everything they promised to do.   Afghanistan is not the only one, but we also have seen equal progress from Saudi Arabia, Syria, Iraq, Iran, Lebanon, Sudan, Somalia, Libya, Tunisia, Algeria, Morocco, Turkey, Pakistan, Mali, Yemen, Jordan, Bahrain, Qatar, Oman, Indonesia, and Bangladesh.   Therefore, we ought to praise their success and ensure that our future is not like theirs.	1643103330.0	sc9w1f	/r/Egypt/comments/sc9w1f/afghanistan/	Afghanistan
hhof2byn		1643103939.0	sca118	/r/Egypt/comments/sca118/media/	Media
2ayng7zo	انت كواحد ليبرالي شايف ان الديمقراطية هل الحل و مافيش خلاص الا بالفلقسة الكاملة لعقيدة الغرب (الليبرالية) و بتطالب الناس تنزل مظاهرات و تحرق كاوتشات و تضرب بعض بالطوب و تخاطر بحياتها عشان القيم دي و الا يكونوا عبيد في نظرك كليبرالي او قوم فرعون لو انت كإخوانجي. انا واحد من ضمن مجموعة ضد الديمقراطية و مش شايفها الطريق للإزدهار و شايف ان البحث عن حكم رشيد و عاقل غير ديمقراطي اهم من الدفاع عن الحقوق السياسية و حق التظاهر و غيرها من الأشياء الغير مفيدة و الغير متوافقة مع ثقافتنا. و اه انا عارف ان غالبية الناس عايشة في ضلال و فاكرة اننا كبشر كلنا ممكن تتبنى نفس العقيدة السياسية و نفس نظام الحكم و دي طبعا كدبة كبيرة فضل يروجلها الليبراليين. الهدف هو الحكم الرشيد اللي مش لازم ابدا يبقى ديمقراطي بل ان الحكم الديمقراطي قد يأتي بما هو عكس ذلك. عشان كدا انا شايف ان منع التظاهر و اخصاء المجال السياسي العام تماما إنجاز جيد للدولة.	1643105250.0	scacaf	/r/Egypt/comments/scacaf/رسالة_لليبرالجية/	رسالة لليبرالجية
h3kbl5dc		1643105321.0	scacx0	/r/Egypt/comments/scacx0/share_with_us_your_personal_shots_at_the_glorious/	share with us your personal shots at the glorious 25/1 revolution in its 11th anniversary
kjmnups		1643106678.0	scaows	/r/Egypt/comments/scaows/أقل_حاجة_نقدر_نعملها_أننا_مننساش/	أقل حاجة نقدر نعملها أننا مننساش
9cdiwtzc	I checked TV earlier this morning and every god damn channel is celebrating "The Egyptian Police day" which was 70 years ago. Why's no one mentioning the anniversary of 2011's revolution (the greatest revolution in modern history) which was only 11 years ago??  They're ignoring it like it never happened or like if it was a "bad" memory which they don't want to remember which is *completely* ridiculous.  How's uniting people to revolt aganist injustice and corruption smth bad? (Unless you're in favour of corruption ofc, in that case you should be the one who's*ashamed* of himself)	1643107285.0	scaueu	/r/Egypt/comments/scaueu/the_egyptian_revolution_and_the_egyptian_police/	The Egyptian revolution and the Egyptian Police day
aavwvdgx		1643108244.0	scb3b9	/r/Egypt/comments/scb3b9/لما_تسأل_حد_من_على_قهوة_في_وسط_البلد_على_رأيه_في/	لما تسأل حد من على قهوة في وسط البلد على رأيه في اللي بيحصل للبلد حاليا
9piild8n		1643108873.0	scb9lf	/r/Egypt/comments/scb9lf/_/	:
xe2b4	[https://ayadymisr.com/](https://ayadymisr.com/)  Please rise awareness of this type of changes, and if you like handmade crafts consider looking into these websites where you can support local crafts	1643109165.0	scbcci	/r/Egypt/comments/scbcci/there_has_been_enormous_effort_by_the_government/	There has been enormous effort by the government to revive old handmade crafts in Egypt, here is where you can buy some.
8caqe00v		1643112425.0	scc8bj	/r/Egypt/comments/scc8bj/اثبت_مكانك_كل_سنة_وانتم_طيبين/	اثبت مكانك… كل سنة وانتم طيبين
6ae8w1wu		1643116050.0	scdbkp	/r/Egypt/comments/scdbkp/dictator_sisi_stole_democracy_from_egyptians_and/	Dictator Sisi stole democracy from Egyptians and made the population slaves once again following in the footsteps of his predecessor, Mubarak. ARAB spring was murdered by new Pharaoh reinstated by the "people's" army. Today is a painful anniversary of what could have been. My condolences Egyptians!
3kzoa9jw		1643116362.0	scdf99	/r/Egypt/comments/scdf99/i_am_curious_if_anyone_knows_this_game_it_was_a/	I am curious if anyone knows this game it was a huge part of my childhood and I thought that many people know it but surprisingly I can't find a single soul that knows it
ba8bef4m		1643117585.0	scdud9	/r/Egypt/comments/scdud9/emergency_please_help_me_where_i_can_find_them_in/	Emergency !! Please help me, where i can find them in cairo??
hjojb1et	I am Half Egyptian, I was born in a different country, I've lived here for most of my life, I only ever lived in Egypt for 5 years when I was a kid between the age of 8 and 12, so I haven't really experienced Egypt in the way that most of you have.         I haven't been back to Egypt for a little over 22 years.        I have a few Egyptian friends who do go back from time to time, and a few who continue to live there, (old school friends from back in the day), and Honestly I get mixed messages from Both sides, some say, man Egypt has changed for the better, so many opportunities now, work is abundant, you should really consider going back and explore options,          On the other end of that spectrum, they say, a7a bro, inta itgannint? Terga3 meen???? Stay where you are dude, you're better off, hatirga3 ta3mil eh??          I have these conversations regularly with them and I never find a truly unbiased answer, either side is heavily influenced by their own individual experience and/or by the media.        So my questions are,      What's it really like there now?      Is it worth going back to explore options, either work or start a business of some kind?       Am I screwing my self over if I come back?           Never mind how controlling or corrupt the government may or may not be, I'm asking about life there, about the people and their interactions with one another, family, safety, Education, stuff like that.        And thank you for taking the time to answer, if you do.        P.S: I don't have a higher degree in anything, Just my own work experience, started from the relative bottom up, Customer service job and moved my way up.	1643119478.0	scehs7	/r/Egypt/comments/scehs7/i_have_a_general_question_for_yall_but_please/	I have a general Question for y'all, but please, easy with the pitch forks.
c8zcc6sa		1643122539.0	scfjz2	/r/Egypt/comments/scfjz2/can_i_use_visa_gold_or_visa_platinum_to_withdraw/	Can I use Visa gold or Visa platinum to withdraw money from paypal?
5454mjr7		1643122659.0	scflh0	/r/Egypt/comments/scflh0/painting_the_egyptian_pharaoh_akhenaten/	Painting the Egyptian Pharaoh Akhenaten
9esywhd2		1643122892.0	scfoly	/r/Egypt/comments/scfoly/افتكروهم/	افتكروهم
3ea32oyn	On the 25/1/2011, As soon as we pushed through the march and entered the square, I remember you climbing up on the firetruck, pushed the cop that was shooting water (it really hurts) at us, and pointing it to the cops. I saw them take u down, and vanish; I will never forget you.  I remember marching on the qasr el nile bridge, 2nd row of the march, and the bravest 15 year old girl infront of us in the first row. As soon as we went through the barricade, she fell, My friend and I almost died trying to save the girl from the stompeed, and were successful. As soon as we looked up, cops grabbed her and we got hit, but we pushed through.  I remember the guy that literally saved my life after i fell down and was surrounded by cops with sticks, grabbing my hand as i laid on the floor, pulling me to my feet. I dont know where u went after, but thank you.  Remember Ahmad Harara, Esraa mahfooz, alaa abd elfattah, abo elmagd, ahmed doma, maher, shady, shady, rehab, sally, sanaa.  Ill be drinking one for you.   Remember those who gave their lives to a lost cause. Remember those who still suffer the consequences. Your death have been in vain, we failed you.   ALL HAIL THE GLORIOUS DEAD, ALL HAIL THE LIVING DEAD	1643124093.0	scg3tk	/r/Egypt/comments/scg3tk/25_jan_a_remembrance_to_the_anonymous_dead_or/	25 jan: A remembrance to the anonymous dead (or alive)
9qvks0ik		1643124139.0	scg4fo	/r/Egypt/comments/scg4fo/انا_مش_مع/	انا مش مع…..
7ft8uo9		1643124291.0	scg6cy	/r/Egypt/comments/scg6cy/it_all_happened_11_years_ago_today/	It all happened 11 years ago today...
bbhzu1m3	Hello, happy 25th of January !   فل ايام الي فاتت اشتغلت كتير قوي علشان احلل فرقه الكوت ديفوار و افكر ايه احسن طريقه نلاعبهم بيها، لو عندكو وقت اتفرجو عليه و قولولي رأيكو الlike و الsubscribe هيسعدوني قوي بس دا قراركم، شكرا   https://youtu.be/5NHBBThoYdw	1643125154.0	scghy3	/r/Egypt/comments/scghy3/afcon_round_of_16/	AFCON round of 16
hhur186x	Years ago I used to buy from concrete and they were great but they got expensive and my family got poorer (middle class on the edge of being poor)... I mean they jumped from like 300 l.e during sale to a freaking 700-1000 l.e.   Anyways I tried town team and gave it many chances but their pants are easily ripped and the color fades pretty easily.  I just need a good pair of jeans with a fair price because I'm still a college student and I don't want to put much pressure on my family.  Thanks in advance.	1643126444.0	scgz6g	/r/Egypt/comments/scgz6g/jeans_with_a_fair_price/	Jeans with a fair price
5999jpb2	As mentioned in the title, it’s an Australian company looking for people in Egypt, the work will take place mostly in Egypt. I am not sure if I should announce more here or not, so if you are interested please contact me directly. Cheers	1643126651.0	sch23o	/r/Egypt/comments/sch23o/can_i_post_about_a_job_opportunity_here_the/	Can I post about a job opportunity here? The company is in Australia looking for people from the Middle East
dvq2upy2		1643127330.0	schbpg	/r/Egypt/comments/schbpg/how_good_is_the_new_giza_university_how_good_is/	How good is the New Giza University? How good is the education, and what kind of certificates that they give?
g2ujidwb		1643127933.0	schjze	/r/Egypt/comments/schjze/for_dual_egyptian_citizens_do_you_always_renew/	For dual Egyptian citizens, do you always renew your Egyptian ID even if you don’t live in Egypt but just visit occasionally. Would that cause any problems ? Would they ask about it in the airport even if I only use a foreign passport?
e1nqyjmc	I want to use my PayPal account to purchase online, but I don’t know if I can create an account with an Egyptian Visa. If not, do you have any other good alternative ?	1643128310.0	schp2q	/r/Egypt/comments/schp2q/does_paypal_work_in_egypt_if_i_use_an_egyptian/	Does PayPal work in Egypt if I use an Egyptian Visa Card ?
2go7m2nd	فيه سوق كويسة للسمك في القاهرة؟	1643130459.0	scii0v	/r/Egypt/comments/scii0v/good_fish/	Good fish
9u2y3		1643130742.0	scilq5	/r/Egypt/comments/scilq5/we_made_international_news_hope_everybody_is_so/	We made international news! Hope everybody is so proud!! "Netflix: First Arabic movie sparks morality row"
h28jew7s		1643131606.0	scixm8	/r/Egypt/comments/scixm8/this_legit_people_are_sharing_videos_of_alleged/	This legit? People are sharing videos of alleged torture all over twitter
a35i3	Does anyone have a recommendation for buying bitcoin in Egypt using Egyptian pounds? Thank you!	1643132574.0	scjb3n	/r/Egypt/comments/scjb3n/i_need_to_buy_crypto_in_egypt/	I need to buy crypto in egypt
fjupz1ga		1643132773.0	scjdw0	/r/Egypt/comments/scjdw0/i_just_found_an_oscar_nominated_documentry_about/	I just found an oscar nominated documentry about 25 January called the square made by netflix but isn't available on Netflix egypt so i got the movie from a channel on yt that posted the movie there if somone want's to watch it
ilw85vsm	Bit controversial but I think I want to hear people's opinions here.  [View Poll](https://www.reddit.com/poll/scjiqd)	1643133128.0	scjiqd	/r/Egypt/comments/scjiqd/egyptians_which_you_think_is_more_of_a_successor/	Egyptians which you think is more of a successor to 25 January revolution?
90x19shb	Or do I need to use VPN and that stuff?	1643133361.0	scjm08	/r/Egypt/comments/scjm08/does_xbox_live_on_xbox_one_work_in_egypt_normally/	Does Xbox live on Xbox one work in Egypt normally?
1nh5dpj7	i mean its nice to see more memes here but all of a sudden im seeing loads of them did something happen?	1643133757.0	scjro8	/r/Egypt/comments/scjro8/whats_with_the_sudden_influx_of_memes/	Whats with the sudden influx of memes
5bphui1o		1643135209.0	sckc58	/r/Egypt/comments/sckc58/عض_عض/	عض عض
f7l0n		1643135858.0	sckl1p	/r/Egypt/comments/sckl1p/i_believe_someone_asked/	I believe someone asked
g2ujidwb		1643137100.0	scl1s5	/r/Egypt/comments/scl1s5/i_got_married_overseas_and_my_wife_is_not/	I got married overseas and my wife is not Egyptian. How can I register this marriage in Egypt?
8hyb28ps	Someone posted here some of their memories of the revolution. I was 11 back then. So maybe you can give us an idea of how it was. I'm sorry if this is triggering for any of you.	1643139194.0	sclui8	/r/Egypt/comments/sclui8/to_people_who_participated_in_the_revolution_can/	To people who participated in the revolution, can you please share your story
10wqp0		1643139570.0	sclzgo	/r/Egypt/comments/sclzgo/عيب_إحنا_في_كباريه/	عيب.. إحنا في كباريه!
iodtfpi6	What is the over all view of Egyptians on the Ethiopian GERD dam?	1643140352.0	scm9rj	/r/Egypt/comments/scm9rj/question_for_all_egyptians/	Question for all Egyptians.
dt610xrz		1643140803.0	scmfpl	/r/Egypt/comments/scmfpl/chill_and_drive_lofi_mix/	Chill and Drive Lofi Mix.
4xv8h7k2		1643143750.0	scnk1d	/r/Egypt/comments/scnk1d/مش_اي_حد_يفهمها/	مش اي حد يفهمها
3u2etdx6	[https://podu.me/shows/show/35/enh?play=11008](https://podu.me/shows/show/35/enh?play=11008)	1643143773.0	scnkdk	/r/Egypt/comments/scnkdk/أحسن_حاجة_ممكن_تسمعوها_عن_25_يناير/	أحسن حاجة ممكن تسمعوها عن 25 يناير
30v3mfo2	I'm looking for recommendations for a hotel in Cairo, Egypt. There are hundreds of places to stay in Cairo, but here are my requirements:  * 30-45 minute drive of Giza Necropolis * Elevator * High quality kitchen/restaurant in the hotel * Around $200/night with taxes/fees  Any leads would be very helpful! I work in film production and this is a for a documentary show. Safety is a huge priority. I understand that safety is a spectrum and based on individual perspective, however this is a film crew carrying equipment worth hundreds of thousands of dollars so ideally we're in what is designated a "safe" area of Cairo.	1643144638.0	scnvux	/r/Egypt/comments/scnvux/hotel_recommendations_in_cairo_near_giza/	Hotel Recommendations in Cairo near Giza
9op2nhc7		1643145943.0	scodgb	/r/Egypt/comments/scodgb/حاول_تقول_لوران_كثير_بسرعة_و_قو_لي_عرفت_ولا/	حاول تقول لوران كثير بسرعة و قو لي عرفت ولا معرفتش زي ؟
hhur186x	انا ساعتها كنت لسة طالب في اعدادي مش فاهم ايه اللي بيحصل وليه الناس دي كارهة "بابا مبارك" و"ماما سوزان" على ما اتربيت في المدرسة والبيت.  شوية ولقيت البيت عندي متضايق من الشباب دول وانا ماشي مع الموجة اللي هو اهلي بيحبوا مبارك انا احب مبارك.  شوية احداث كتير متلاحقة وبعدين وصلنا للانتخابات وفترة حكم دكتور مرسي والبيت عندي تقريبا كله رافض واللي هو انا فاكر اني اروح زي الاهطل (لامؤاخذة) واقول يا جماعة احمد شفيق هو الاحسن.  بس كنت عيل في اعدادي ولا حاجة اللي هو انا اصلا مش كنت لسة قادر اكون رأي خاص بيا.  المهم سنة من حكم مرسي وانا لية مش مهتم بالسياسة كل اللي انا فاكره ان احنا لو بنقلب في التليفزيون مثلا هتلاقي كمية نقد هادم لمرسي رهيب وانا صدقت اللي هو شوية نضحك على طائر النهضة أو طريقة كلامه أو مش عارف شوف بص في الساعة قدام مين أو التريقة عليه بأهله وانا كنت بغبغان (اكرر كنت طفل) ده بقى ولسة باسم يوسف اللي انا عمري ما نزل لي من زور بس كنا بنتفرج عليه لأسباب لا يعلمها الا الله.  شوية وحصلت تمرد اللي انا برضو طبلتلها عمياني وشوية وناس نزلت والإعلاميين الشرفاء المحترمين شجعوا الناس تنزل تفوض وبعدها ناس كتير نزلت ثم رابعة والنهضة و٣٠ يوليو وانا فاكر اني ساعتها كان عندي آراء (كلها مستمدة من التليفزيون) انا غير فخور بيها اطلاقا واللي هو عيل مش فاهم حاجة بيعمل شير لبوستات كلها شماتة في ناس ماتت دفاعا عن رأيهم وبلدهم ومش عايزين نظام مبارك يرجع تاني.  فاست فورورد بقى سنتين تلاتة كده واللي هو حالنا بيسوء وجودة معيشتنا بتقل ومش ده اللي التليفزيون زمان ايام ما كان بيعرض اخبار بس قال عليه.  بدل ما كنت باجيب هدوم ماركات مش عالمية بس حاجة نضيفة وشيك بقيت ماقدرش اجيب منهم.  بدل ما كان مصروفي اللي مش كان كبير اطلاقا قبل الثورة بالمناسبة مابقاش يجيب حاجة اصلا.  التكيف في الصيف بقى حاجة كده اللي هو يادوب نقدر نعيش بس من غير مانولع.  ده طبعا مع تحذيرات من ان الواحد يقول رأيه لايتمسك واللي هو طيب ما الثورة قالت عيش حرية عدالة اجتماعية... والتليفزيون قال إن مرسي وحش والسيسي هو اللي هايعمل كده... طيب فين؟  بدأت بقى ادور وسبحان الله بقيت اتفرج على الاخبار في التليفزيون واللي هو الناس دي عايشة فين؟      اصل مش ده حالنا ولا انا شايف أي فايدة جاتلي كمواطن.  مابقاش قدامي غير السوشيال ميديا وجوجل وانا بقى اشوف صحة الأخبار واقارنها بالواقع اللي انا عايشه واللي الناس عايشاه وأشوف بقى حد اخد منه الاخبار واكون واثق فيه بس مش ثقة عمياء عشان خلاص ماينفعش نثق في حد كده.  وادينا اهو... ١١ سنة لاحقا وكل رموز "بابا مبارك" طلعوا عادي واشتغلوا ومقربين للنظام... كل شباب الثورة اتنكل بيهم وكلهم في السجن.  النظام اللي شايف الثورة أنها كانت هاتضيع البلد (مع ان السيسي طالع يهني الشعب بمناسبتها... ارسى على بر) فرق ايه عن النظام اللي أسقطه شباب الثورة اللي كانوا عايزين غد أفضل؟   وادينا بنتعلم ومستني الحال ينصلح وأملي في بكرة ويارب الامل مايموتش.	1643147455.0	scowp0	/r/Egypt/comments/scowp0/ثورة_٢٥_يناير/	ثورة ٢٥ يناير
32ddodac	Salary is 4k net	1643149567.0	scpnrw	/r/Egypt/comments/scpnrw/since_most_of_you_are_obviously_good_enough_at/	since most of you are obviously good enough at English if anyone's interested to work in customer's service PM me.
ywmrw	في اغنية شعبي تقريباً معلقة في دماغي ومش عارف الاقيها النغمة في اللينك ده:    https://voca.ro/1ib3SfxBNnqv	1643150162.0	scpvxl	/r/Egypt/comments/scpvxl/بدور_علي_اغنية/	بدور علي اغنية
fophnw08	مرة سهرت مع صحابي في بار و سكرت حبة حلوين و كنت راجع في اوبر و قاعد جنب السواق مفرهد خالص بسبب السكر و بسبب إني نعسان جدا.   وقفنا في كمين في شبرا الظابط أول ما شافني جالي كدة و قعد يسألني أنا كويس ولا لا و لو محتاج اسعاف او أي حاجة يطلبهالي و أتأكد إن السواق مش خاطفني أو حاجة.  بس يعني حبيت أشارك حاجة حلوة حصلت معايا في البلد. و من البوليس كمان و الظابط كان محترم جدا معايا. (play "fiha 7aga 7elwa" in the background)	1643152318.0	scqouv	/r/Egypt/comments/scqouv/وقفت_في_كمين_و_أنا_سكران/	وقفت في كمين و أنا سكران...
bxrt0ux5		1643161061.0	sctub5	/r/Egypt/comments/sctub5/إيرادات_السياحة_في_2021_تجاوزت_13_مليار_دولار/	إيرادات السياحة في 2021 تجاوزت 13 مليار دولار وعادت لمستويات ما قبل كوفيد
2v8n909g		1643168596.0	scwepm	/r/Egypt/comments/scwepm/africa_cup_of_nations_cote_d_ivoire_vs_egypt/	Africa Cup of Nations - Cote D Ivoire vs Egypt Preview
evx75qh0		1643178652.0	sczeyb	/r/Egypt/comments/sczeyb/happened_once_cant_replicate_that_again/	Happened once can't replicate that again.
8bqxqn21		1643178783.0	sczgb4	/r/Egypt/comments/sczgb4/أسرار_تكشف_شخصيه_اي_انسان_بسهوله_جدا_هتعرفك_أذى/	أسرار تكشف شخصيه اي انسان بسهوله جدا هتعرفك أذى تعرف شخصيه اي شخص موجود قدامك
91tc26ib		1643178775.0	sczg87	/r/Egypt/comments/sczg87/no_matter_what_support_your_country/	No matter what, support your country!!
5zrb7t2x		1643179901.0	sczquv	/r/Egypt/comments/sczquv/جو_النهاردة/	جو النهاردة!
1rsd0nsz	كل سنة وانتم طيبين، عايز اقرأ اكثر عن الثورة و نفسي في كتب حلوة بالعامية المصرية، شكراً	1643182316.0	sd0d41	/r/Egypt/comments/sd0d41/كتب_روايات_ثورة_٢٥_يناير/	كتب روايات ثورة ٢٥ يناير؟
2p162eu2		1643183006.0	sd0j8d	/r/Egypt/comments/sd0j8d/google_shows_doodle_to_celebrate_soad_hosnys_79th/	Google shows Doodle to celebrate Soad Hosny's 79th Birthday
