author	selftext	created_at	s_id	permalink	title
edw8crds	Almost all men say that the neck is the hardest part to shave, most prone to irritation and cuts and so on, compared to the face. Is this due to the angle of shaving down there, or the way the hair grows, or something to do with the skin on the neck, etc?	1642698358.0	s8no2r	/r/explainlikeimfive/comments/s8no2r/eli5_why_is_the_neck_the_most_sensitive_area_to/	ELI5: Why is the neck the most sensitive area to shave?
3blo2k2k		1642698363.0	s8no5l	/r/explainlikeimfive/comments/s8no5l/eli5_why_is_it_that_not_wearing_a_seat_belt_is/	ELI5: Why is it that not wearing a seat belt is unsafe and illegal, yet most (U.S.) school buses aren't even equipped with them?
olpdv	My point of reference is from viewing the "live" energy use data from a Tesla's screen.  When the accelerator is pressed, it shows the rate of energy consumption depending on how far the accelerator is pressed.  When the vehicle is at a certain velocity, the accelerator can be throttled back since less energy is required to maintain that velocity and the data reflects this in the chart.  Here, the EV is consuming power.  During regenerative braking (accelerator released), the inertia from the vehicle turns the motors into a generator and energy flow is reversed, going back to the battery.  Here, the EV is generating power.  Let's say we're somewhere in between.  The vehicle is traveling at 70 mph (112 kph) at the top of a hill and begins the descent (assume a 7% grade).  If the accelerator is released, the battery will begin to recharge but the vehicle will also start to slow.  In order to keep the vehicle at the current speed, the accelerator still needs to be pressed - albeit a small amount - and provide power to the motors; however, because the car is now going downhill, gravity (potential energy) is contributing to the cars velocity and that the EV is recharging the battery, based on the energy consumption graph.  So in this case, some power is applied to maintain the velocity going downhill, but at the same time the battery is being charged.  Does this mean that the battery pack is simultaneously charging and discharging and, if so, how does that work?	1642700411.0	s8og24	/r/explainlikeimfive/comments/s8og24/eli5_do_evs_charge_and_discharge_at_the_same_time/	ELI5: Do EVs charge and discharge at the same time?
11cdw7		1642704047.0	s8pu0a	/r/explainlikeimfive/comments/s8pu0a/eli5_when_touring_in_hot_humid_countries_my/	Eli5: When touring in hot, humid countries my saxophone gets sharp. Shouldn’t the pitch get flat because of the warm weather elongating the saxophone tube?
gdi77	I used to use Apple Maps, but switched to google maps due to traffic being much more up to the minute. Apple Maps feels like more of a general advisory instead of accurate Data.	1642704592.0	s8q113	/r/explainlikeimfive/comments/s8q113/eli5_why_is_google_maps_traffic_data_much_more/	Eli5: why is google maps traffic data much more accurate than Apple Maps?
32htsl8z		1642707300.0	s8r0xg	/r/explainlikeimfive/comments/s8r0xg/eli5_how_do_technologies_like_the_cdrom_work_how/	ELI5 How do technologies like the CD-ROM work? How do they become unwritable after they have been written to once?
42p4m7sp	I can't find a definitive definition anywhere and have a hard time understanding them	1642707409.0	s8r2c4	/r/explainlikeimfive/comments/s8r2c4/eli5_what_is_first_principles_thinking/	ELI5: What is first principles thinking?
3zyb0	I remember when I was a teen there was that food pyramid that had dairy, milk and cheese as one of the base parts.  Now I’m an adult and lactose intolerant and getting my calcium from OJ and vegetables.  Is this just big industry invading the health department? Or is there any actual benefit to milk vs. alternatives?  Secondly, “a glass of wine a day” seems fishy to me. Isn’t alcohol bad overall and the grapes nutrition part insignificant?  - A non scientist	1642709169.0	s8rpl9	/r/explainlikeimfive/comments/s8rpl9/eli5_a_cup_of_milk_a_day/	ELI5: A Cup of Milk A Day
7xqmlnhp	Not even sure if this happens to everyone or if they're connected but does anyone know why this happens? Is this a protective mechanism for your eyes and nose?	1642711404.0	s8sfta	/r/explainlikeimfive/comments/s8sfta/eli5_why_do_your_eyes_tear_up_and_your_nose_gets/	eli5: Why do your eyes tear up and your nose gets runny in the cold?
cj4g4vox		1642711992.0	s8sngx	/r/explainlikeimfive/comments/s8sngx/eli5_why_does_your_car_still_move_forward_after/	ELI5: why does your car still move forward after letting off the brakes when you have come to a complete stop? Even on inclines?
147aui		1642712802.0	s8syjt	/r/explainlikeimfive/comments/s8syjt/eli5_what_is_aperture_synthesis_and_how_does_it/	ELI5: what is aperture synthesis and how does it work?
h5tjqza4	This thought just occurred to me earlier today.  EDIT: thanks everyone, you guys really explained it well	1642713145.0	s8t32d	/r/explainlikeimfive/comments/s8t32d/eli5_if_water_is_incompressible_than_why_does/	ELI5 If water is incompressible, than why does ocean pressure increase the further down you go?
3h4f2zn		1642713768.0	s8tba9	/r/explainlikeimfive/comments/s8tba9/eli5_what_causes_that_awful_pain_in_your_chest/	ELI5: What causes that awful pain in your chest when you swallow wrong?
563v6b4i	My reason for asking that when rock climbing, I don't warm up much, instead I just climb gently and slowly until I feel 'warmed up'. And once I am, I feel indestructible, almost like wrapped in armour.  This is especially so in snowboarding, where once warm falling and injuries don't seem to cause any damage. Is this just a mental thing or is there actually something going on?	1642715348.0	s8twih	/r/explainlikeimfive/comments/s8twih/eli5_what_is_warming_up_for_sport_why_is_it/	ELI5 what is warming up for sport? Why is it important and what are we warming? Is it actually a temperature thing? And does it actually make us more resistant to injury?
rgnrp		1642715857.0	s8u3cu	/r/explainlikeimfive/comments/s8u3cu/eli5_what_impact_does_stoppingpausing_interest_on/	ELI5: What impact does stopping/pausing interest on Student Loans have on the US Economy?
ss8t2tn	Pretty much like the title states, what is it and how does it work?	1642718834.0	s8v1o0	/r/explainlikeimfive/comments/s8v1o0/eli5_how_does_car_tcell_therapy_work/	ELI5 How does CAR T-cell therapy work?
21qe2wuv	Yeah I'm scared of dust exposure to my cracked skin, though I am fully vaccinated, still curious as to why it can be found in dust.	1642719773.0	s8vebd	/r/explainlikeimfive/comments/s8vebd/eli5_if_tetanus_is_a_common_soil_bacterium_why_is/	ELI5: If tetanus is a common soil bacterium, why is it said to also be found in dust? Does it get into homes somehow?
a1uh3ohm	There’s no way all these grocery stores and other places have super advanced facial recognition. How would a store even be able to recognize if a banned customer walked in? Or are most bans more to scare people rather than actually move towards a trespassing charge? Does this differ if the ban is conveyed verbally versus a signed notice ?	1642719783.0	s8vegs	/r/explainlikeimfive/comments/s8vegs/eli5_how_do_stores_enforce_verbal_bans/	ELI5: how do stores enforce verbal bans?
8jnktjxz	For some folks, it's Scott's Tots. For others, it's remembering that really awkward and regrettable thing you said eight years ago that really doesn't matter but you still *really* wish you never said.  Why do we get that icky, squirmy feeling when we experience something cringey? What, in our bodies, is causing that response?	1642720856.0	s8vsby	/r/explainlikeimfive/comments/s8vsby/eli5_what_is_physically_happening_in_our_bodies/	ELI5: What is physically happening in our bodies when we experience cringe/cringey situations?
59dflxzn		1642722254.0	s8wa5o	/r/explainlikeimfive/comments/s8wa5o/eli5_how_they_calculate_the_center_of_gravity_of/	ELI5: How they calculate the center of gravity of an aircraft?
3su6ip36	~ so maybe some of you have noticed, that some expensive milk has cream top, which means when the fat contain is high enough the cream will be separated and go to the top after sitting for a few hours. Why isn’t cream in half and half go to the top?	1642723063.0	s8wkk3	/r/explainlikeimfive/comments/s8wkk3/eli5_why_isnt_cream_separating_in_half_and_half/	ELI5: why isn't cream separating in half and half
tbnz6	Okay, I know this post is probably going to get a lot of dick jokes, but in all seriousness, I’m trying to figure this one out.      The Heimlich seems somewhat difficult to execute properly (I have no idea what the success rate is), and using someone’s air pressure inside their body doesn’t seem like the most effective dislodging mechanism. Couldn’t something like the handle side of a spoon or a pen be used to dislodge the blockage into the stomach?  EDIT: That was quick. It would plunge the object into the lungs, that is why.	1642723930.0	s8wvvd	/r/explainlikeimfive/comments/s8wvvd/eli5_why_is_the_heimlich_maneuver_preferred_over/	ELI5: Why is the Heimlich Maneuver preferred over unclogging the throat by pushing the clog down the throat with a long object?
d2u70	With all the scare from the airlines and 5G "going live" I'm confused. My Pixel 4a 5G has said it has 5G service since last year. Thanks!	1642726712.0	s8xuck	/r/explainlikeimfive/comments/s8xuck/eli5_if_5g_cell_service_is_just_going_live_now/	ELI5 If 5G cell service is just going live now, why has my phone said 5G on it for a year now?
o87xs	With the recent discovery of the massive, deep water reef off the coast of Tahiti it made my wonder why we don't have technology that could scan the ocean floor at that depth.  It was 30-60 meters.  I figured sonar could pick up those corals. Is that not how it works? Thanks in advance.	1642726791.0	s8xv9s	/r/explainlikeimfive/comments/s8xv9s/eli5_why_hasnt_technology_been_able_to_map_the/	Eli5 Why hasn't technology been able to map the entire ocean floor?
12na9s		1642726826.0	s8xvuf	/r/explainlikeimfive/comments/s8xvuf/eli5_why_are_frequent_yeast_infections_a_symptom/	ELI5: Why are frequent yeast infections a symptom of dementia in male and female patients? What does a bladder infection have to do with the health of the brain?
2dgbcaa	I knew about friction stir welding from a few years back and how it's transforming aerospace with its strong welds.  But why does the relatively low RPM (\~1100rpm) of the stir head not just grind off the material it's trying to weld?	1642727851.0	s8y8ak	/r/explainlikeimfive/comments/s8y8ak/eli5_how_does_friction_stir_welding_create_enough/	ELi5 How does Friction Stir welding create enough friction without grinding off the material?
23actvws	Especially our bodies' own cooling, with sweat being ~30°c initially due to our body temperature?	1642729407.0	s8yr5z	/r/explainlikeimfive/comments/s8yr5z/eli5_how_does_evaporative_cooling_work/	ELI5: how does evaporative cooling work?
94kal84x		1642729557.0	s8yszd	/r/explainlikeimfive/comments/s8yszd/eli5_what_are_knots_in_the_back_how_do_you/	ELI5: What are knots in the back, how do you develop them and how do you recover?
9r0ig	If I try to pick up my son, it’s easy as pie. However if he sees it coming he clenches and trying to pick him up feels like twice the weight. What gives?	1642730798.0	s8z87w	/r/explainlikeimfive/comments/s8z87w/eli5_why_is_it_so_much_harder_to_pick_someone_up/	ELI5 why is it so much harder to pick someone up when they clench?
522rj3c2	Apps not working, cellular dating not connecting when it should, etc	1642731104.0	s8zc0a	/r/explainlikeimfive/comments/s8zc0a/eli5_why_does_rebooting_a_phone_help_fix_some/	ELI5: Why does rebooting a phone help fix some issues?
c57ns9iq		1642733358.0	s903ec	/r/explainlikeimfive/comments/s903ec/eli5_this_may_sound_stupid_but_how_do_birds/	ELI5: (this may sound stupid but) how do birds somehow flap their wings fast and hard enough to fly(sorry for a dumb question). (repost bc one typo just got my entire post deleted)
6ktcbz13		1642735748.0	s90we2	/r/explainlikeimfive/comments/s90we2/eli5_why_does_food_brown_then_stick_to_the_pan/	Eli5: Why does food brown then stick to the pan? How does nonstick coating work?
aqcjihm0		1642736089.0	s910ev	/r/explainlikeimfive/comments/s910ev/eli5_why_arent_all_mirrors_optically_correct/	ELI5: why aren’t all mirrors optically correct?
3vgdnh00		1642736242.0	s9127u	/r/explainlikeimfive/comments/s9127u/eli5_why_does_frost_leave_intricate_detailed/	ELI5: Why does frost leave intricate, detailed designs on the surface it forms on?
2cohk1ur		1642739979.0	s92emx	/r/explainlikeimfive/comments/s92emx/eli5_why_do_still_births_happen/	ELI5: Why do still births happen ?
8fgdindb		1642698134.0	s8nkzy	/r/explainlikeimfive/comments/s8nkzy/eli5_what_are_indeterminate_forms_why_1_is_in_the/	ELI5: What are indeterminate forms ? Why 1^∞ is in the list ?
edw8crds	Almost all men say that the neck is the hardest part to shave, most prone to irritation and cuts and so on, compared to the face. Is this due to the angle of shaving down there, or the way the hair grows, or something to do with the skin on the neck, etc?	1642698358.0	s8no2r	/r/explainlikeimfive/comments/s8no2r/eli5_why_is_the_neck_the_most_sensitive_area_to/	ELI5: Why is the neck the most sensitive area to shave?
3blo2k2k		1642698363.0	s8no5l	/r/explainlikeimfive/comments/s8no5l/eli5_why_is_it_that_not_wearing_a_seat_belt_is/	ELI5: Why is it that not wearing a seat belt is unsafe and illegal, yet most (U.S.) school buses aren't even equipped with them?
olpdv	My point of reference is from viewing the "live" energy use data from a Tesla's screen.  When the accelerator is pressed, it shows the rate of energy consumption depending on how far the accelerator is pressed.  When the vehicle is at a certain velocity, the accelerator can be throttled back since less energy is required to maintain that velocity and the data reflects this in the chart.  Here, the EV is consuming power.  During regenerative braking (accelerator released), the inertia from the vehicle turns the motors into a generator and energy flow is reversed, going back to the battery.  Here, the EV is generating power.  Let's say we're somewhere in between.  The vehicle is traveling at 70 mph (112 kph) at the top of a hill and begins the descent (assume a 7% grade).  If the accelerator is released, the battery will begin to recharge but the vehicle will also start to slow.  In order to keep the vehicle at the current speed, the accelerator still needs to be pressed - albeit a small amount - and provide power to the motors; however, because the car is now going downhill, gravity (potential energy) is contributing to the cars velocity and that the EV is recharging the battery, based on the energy consumption graph.  So in this case, some power is applied to maintain the velocity going downhill, but at the same time the battery is being charged.  Does this mean that the battery pack is simultaneously charging and discharging and, if so, how does that work?	1642700411.0	s8og24	/r/explainlikeimfive/comments/s8og24/eli5_do_evs_charge_and_discharge_at_the_same_time/	ELI5: Do EVs charge and discharge at the same time?
11cdw7		1642704047.0	s8pu0a	/r/explainlikeimfive/comments/s8pu0a/eli5_when_touring_in_hot_humid_countries_my/	Eli5: When touring in hot, humid countries my saxophone gets sharp. Shouldn’t the pitch get flat because of the warm weather elongating the saxophone tube?
gdi77	I used to use Apple Maps, but switched to google maps due to traffic being much more up to the minute. Apple Maps feels like more of a general advisory instead of accurate Data.	1642704592.0	s8q113	/r/explainlikeimfive/comments/s8q113/eli5_why_is_google_maps_traffic_data_much_more/	Eli5: why is google maps traffic data much more accurate than Apple Maps?
32htsl8z		1642707300.0	s8r0xg	/r/explainlikeimfive/comments/s8r0xg/eli5_how_do_technologies_like_the_cdrom_work_how/	ELI5 How do technologies like the CD-ROM work? How do they become unwritable after they have been written to once?
42p4m7sp	I can't find a definitive definition anywhere and have a hard time understanding them	1642707409.0	s8r2c4	/r/explainlikeimfive/comments/s8r2c4/eli5_what_is_first_principles_thinking/	ELI5: What is first principles thinking?
3zyb0	I remember when I was a teen there was that food pyramid that had dairy, milk and cheese as one of the base parts.  Now I’m an adult and lactose intolerant and getting my calcium from OJ and vegetables.  Is this just big industry invading the health department? Or is there any actual benefit to milk vs. alternatives?  Secondly, “a glass of wine a day” seems fishy to me. Isn’t alcohol bad overall and the grapes nutrition part insignificant?  - A non scientist	1642709169.0	s8rpl9	/r/explainlikeimfive/comments/s8rpl9/eli5_a_cup_of_milk_a_day/	ELI5: A Cup of Milk A Day
7xqmlnhp	Not even sure if this happens to everyone or if they're connected but does anyone know why this happens? Is this a protective mechanism for your eyes and nose?	1642711404.0	s8sfta	/r/explainlikeimfive/comments/s8sfta/eli5_why_do_your_eyes_tear_up_and_your_nose_gets/	eli5: Why do your eyes tear up and your nose gets runny in the cold?
cj4g4vox		1642711992.0	s8sngx	/r/explainlikeimfive/comments/s8sngx/eli5_why_does_your_car_still_move_forward_after/	ELI5: why does your car still move forward after letting off the brakes when you have come to a complete stop? Even on inclines?
147aui		1642712802.0	s8syjt	/r/explainlikeimfive/comments/s8syjt/eli5_what_is_aperture_synthesis_and_how_does_it/	ELI5: what is aperture synthesis and how does it work?
h5tjqza4	This thought just occurred to me earlier today.  EDIT: thanks everyone, you guys really explained it well	1642713145.0	s8t32d	/r/explainlikeimfive/comments/s8t32d/eli5_if_water_is_incompressible_than_why_does/	ELI5 If water is incompressible, than why does ocean pressure increase the further down you go?
3h4f2zn		1642713768.0	s8tba9	/r/explainlikeimfive/comments/s8tba9/eli5_what_causes_that_awful_pain_in_your_chest/	ELI5: What causes that awful pain in your chest when you swallow wrong?
563v6b4i	My reason for asking that when rock climbing, I don't warm up much, instead I just climb gently and slowly until I feel 'warmed up'. And once I am, I feel indestructible, almost like wrapped in armour.  This is especially so in snowboarding, where once warm falling and injuries don't seem to cause any damage. Is this just a mental thing or is there actually something going on?	1642715348.0	s8twih	/r/explainlikeimfive/comments/s8twih/eli5_what_is_warming_up_for_sport_why_is_it/	ELI5 what is warming up for sport? Why is it important and what are we warming? Is it actually a temperature thing? And does it actually make us more resistant to injury?
rgnrp		1642715857.0	s8u3cu	/r/explainlikeimfive/comments/s8u3cu/eli5_what_impact_does_stoppingpausing_interest_on/	ELI5: What impact does stopping/pausing interest on Student Loans have on the US Economy?
ss8t2tn	Pretty much like the title states, what is it and how does it work?	1642718834.0	s8v1o0	/r/explainlikeimfive/comments/s8v1o0/eli5_how_does_car_tcell_therapy_work/	ELI5 How does CAR T-cell therapy work?
21qe2wuv	Yeah I'm scared of dust exposure to my cracked skin, though I am fully vaccinated, still curious as to why it can be found in dust.	1642719773.0	s8vebd	/r/explainlikeimfive/comments/s8vebd/eli5_if_tetanus_is_a_common_soil_bacterium_why_is/	ELI5: If tetanus is a common soil bacterium, why is it said to also be found in dust? Does it get into homes somehow?
a1uh3ohm	There’s no way all these grocery stores and other places have super advanced facial recognition. How would a store even be able to recognize if a banned customer walked in? Or are most bans more to scare people rather than actually move towards a trespassing charge? Does this differ if the ban is conveyed verbally versus a signed notice ?	1642719783.0	s8vegs	/r/explainlikeimfive/comments/s8vegs/eli5_how_do_stores_enforce_verbal_bans/	ELI5: how do stores enforce verbal bans?
176svx		1643030787.0	sbm6l5	/r/explainlikeimfive/comments/sbm6l5/eli5why_can_a_manual_car_with_a_dead_battery_be/	ELI5:Why can a manual car with a dead battery be started by pushing it but not an automatic?
efw6jzj	As titled	1643030966.0	sbm8hr	/r/explainlikeimfive/comments/sbm8hr/eli5_how_can_vr_headset_be_safe_for_our_eyes_when/	ELi5: How can VR headset be safe for our eyes when the advice is to not get too close to a TV screen?
7iiyjr60		1643031567.0	sbmfgu	/r/explainlikeimfive/comments/sbmfgu/eli5_what_are_those_little_black_dots_that/	Eli5: what are those little black dots that surround my windshield for?
b8dl5q0x		1643032053.0	sbmlg4	/r/explainlikeimfive/comments/sbmlg4/eli5_what_does_it_mean_to_overclock_a_cpu/	ELI5: What does it mean to overclock a CPU?
25ucjpbp		1643032369.0	sbmpbx	/r/explainlikeimfive/comments/sbmpbx/eli5_astigmatism_why_is_it_only_bright_lights/	ELI5: Astigmatism; why is it only bright lights that have those lines? Shouldn't every reflection and light source have it too?
anxz3kdr	I've tried googling and can't find an answer that I understand. So I know there's land beneath the ice in Antarctica, but how does Mount Erebus not melt all the ice and snow around it?	1643032826.0	sbmusj	/r/explainlikeimfive/comments/sbmusj/eli5_how_is_there_a_lava_lake_volcano_in/	ELI5: How is there a lava lake volcano in Antarctica?
hiou59xs		1643033347.0	sbn19m	/r/explainlikeimfive/comments/sbn19m/eli5_how_does_tuning_a_radar_to_a_certain/	ELI5: how does tuning a radar to a certain frequency work? How does a metal stick send out information?
749g2mk8	I know that Google uses indexing when searching for specific keywords, and that allows it to do that very efficiently (because of how the index is sorted).  But, when it comes to exact matching phrases (keywords enclosed in double quotes), how does it do that efficiently?	1643037539.0	sboi2w	/r/explainlikeimfive/comments/sboi2w/eli5_how_does_google_or_any_other_search_engine/	ELI5: How does Google (or any other search engine) search for exact matching phrases efficiently?
16e116	Leg hairs seem to be a lot finer than facial hair, so why do they blunt a razor so much more quickly?	1643038533.0	sbouq6	/r/explainlikeimfive/comments/sbouq6/eli5_why_does_shaving_your_legs_kill_razors/	ELI5 Why does shaving your legs kill razors?
4wj38kv7	Sex during a fertile period seems to almost guarantee offspring in many other mammals, so why does it frequently take healthy humans a number of attempts? If all is well with both partners and sex is timed perfectly, why isn’t conception guaranteed?	1643039023.0	sbp101	/r/explainlikeimfive/comments/sbp101/eli5_why_is_it_normal_for_a_healthy_couple_having/	ELI5 Why is it normal for a healthy couple having regular sex to take up to a year to conceive?
3gm0vxpx	What makes the difference between nerve endings in genitalia and everywhere else in the body? One makes pleasure and other pain. Are they two different types? Or is it all just in brain?	1643039332.0	sbp559	/r/explainlikeimfive/comments/sbp559/eli5_nerves_pleasure_and_pain/	Eli5: Nerves, pleasure and pain
9viygpml	Edit: thanks for the answers! I get it now, even though I always spend too much time waiting for the hot air to remove the fog from the windscreen to my taste!	1643039463.0	sbp702	/r/explainlikeimfive/comments/sbp702/eli5_why_is_there_no_car_with_the_same_black/	ELI5: Why is there no car with the same black lines on the windshield, like on the back window? It allows to remove ice and fogging on the glass, and doesn't impair the visibility that much?
77e28nkk	how are ziplines that are way above ground that go over massive canyons setup? like did the builder just turn on creative mode and start flying? my brain hurts thinking about it someone pls explain	1643040512.0	sbpldp	/r/explainlikeimfive/comments/sbpldp/eli5_how_on_earth_are_ziplines_setup/	ELI5: How on earth are ziplines setup?
5mgktvs6		1643043044.0	sbqjl6	/r/explainlikeimfive/comments/sbqjl6/eli5_shortsale_restriction_and_how_it_affects/	ELI5: Short-Sale Restriction and how it affects stock prices the next day
29cgzdrs		1643044942.0	sbrai2	/r/explainlikeimfive/comments/sbrai2/eli5_the_advice_is_often_given_to_increase_fiber/	ELI5: The advice is often given to increase fiber slowly so your body can get used to it. What's actually happening when your body "get's used to it?"
4if7iajf	Okay, so anywhere you stand on our sphere (Earth), gravity holds you to the surface.  The same is the case for other planets, moons, etc.  So why are solar systems and galaxies all shaped like flat disks.  It seems gravity should apply in all directions and therefore create spheres of planets, moons, etc rather than disks.  I will likely have follow up questions, but do not want to create a rambling post.	1643046238.0	sbrsnl	/r/explainlikeimfive/comments/sbrsnl/eli5_gravityshape_of_the_universespacephysics/	Eli5: Gravity/shape of the universe/space/physics
f5yrdtyw	Why can't they make cigarettes without adding all the cancerous stuff?	1643047412.0	sbs9eb	/r/explainlikeimfive/comments/sbs9eb/eli5_why_are_cigarettes_packed_with_so_much/	ELI5: Why are cigarettes packed with so much harmful content?
dt343	ELI5:  After dealing with chronic neck pain, I decided to get my medical marijuana card, so that I could try a topical THC/CBD for my pain.  Marijuana in general tends to make me extremely anxious, so I was nervous to try it to begin with. I can smoke occasionally, but only because I know if I get too anxious, it'll be over soon, unlike edibles.    My bud-tender SWORE this THC/CBD lotion won't get me high, because it's not transdermal.  But is that legit?	1643048386.0	sbsmw3	/r/explainlikeimfive/comments/sbsmw3/eli5_how_does_topical_thc_not_get_you_high/	ELI5 - How does topical THC not get you high?
13gt78		1643049687.0	sbt4vl	/r/explainlikeimfive/comments/sbt4vl/eli5_dew_point_and_relative_humidity/	Eli5 Dew point and relative humidity
3hpunun5		1643049750.0	sbt5o1	/r/explainlikeimfive/comments/sbt5o1/eli5_what_are_imaginary_numbers_when_we_started/	Eli5 What are imaginary numbers? When we started getting into that stuff in school I got completely lost.
dq6qxyv	If two computers, A and B, were sharing a file from computer A to computer B, and A had a different clock speed than B, how would they synchronize their clocks (if they at all) so the information can be read in a timely fashion?	1643050428.0	sbtf04	/r/explainlikeimfive/comments/sbtf04/eli5_how_computers_synchronize_cpu_clocks_when/	ELI5: How computers synchronize CPU clocks when communicating with each other?
4jmk9t88		1643052016.0	sbu130	/r/explainlikeimfive/comments/sbu130/eli5_why_do_mosquitoes_spin_when_hit_with_an/	eli5: Why do mosquitoes spin when hit with an electric bat?
6py3lhd3		1643052847.0	sbucp2	/r/explainlikeimfive/comments/sbucp2/eli5_why_does_a_videos_pitch_go_higherlower_when/	Eli5: Why does a video’s pitch go higher/lower when put into a time lapse/slow motion?
flt7lp85	I am wondering why, with all the automation that happened, we have a shortage of labour. Why aren't we living in  a utopia where the automation leads to lower need for manual labour?	1643052987.0	sbuer7	/r/explainlikeimfive/comments/sbuer7/eli5_with_all_the_automation_and_bots_why_are_we/	ELI5: With all the automation and bots, why are we still not running "out of work"?
7so0pwem		1643053058.0	sbufu2	/r/explainlikeimfive/comments/sbufu2/eli5_what_exactly_is_vacuum_and_how_is_vacuum/	ELI5: What exactly is vacuum and how is vacuum used in steam engines to exert pressure and movement?
7so0pwem	Why is that statistical datas are always used as reliable source of information/predictions when carrying out major operations ?. How to discover an approximate statistics and outcomes of any given thing?. Thanks!	1643053488.0	sbum4n	/r/explainlikeimfive/comments/sbum4n/eli5_how_are_statistics_accurate_most_of_the_time/	ELI5: How are statistics accurate most of the time ?
15wtfb	Do surgeons spend hours connecting every tiny piece one by one or does the body have a way of repairing and attaching parts together itself, or is my idea of the human anatomy just way off?	1643053800.0	sbuqkv	/r/explainlikeimfive/comments/sbuqkv/eli5_how_does_every_nerve_muscle_fiber_vein_and/	ELI5: How does every nerve, muscle fiber, vein and so on attached after a transplant?
gg3jj	I've had a number of different minisplit systems with cooling and heating modes available, but I've always found interesting how both cooling and heating modes have temperatures in common like 70 degrees.      Of course, when the cooling option is set to 70 degrees, cool and fresh air comes out, but if I turn the heating on, then warmer air comes out. Why does this happen? Isn't temperature supposed to be consistent?	1643053823.0	sbuqw8	/r/explainlikeimfive/comments/sbuqw8/eli5_how_is_a_minisplit_able_to_cool_and_heat_at/	ELI5: How is a minisplit able to cool and heat at the same temperature?
z3fv4	In common speech? I’m not an economist and am struggling to understand long-winded articles defining neoliberalism on Google.   Thank you!	1643053999.0	sbutf0	/r/explainlikeimfive/comments/sbutf0/eli5_what_is_neoliberalism/	ELI5 What is neoliberalism?
21vmtp2b	It goes something like on(1s) then off(0.1s), on(0.2s). Why not just continuously on?	1643054380.0	sbuyqk	/r/explainlikeimfive/comments/sbuyqk/eli5_why_does_a_cameras_flash_turn_onthen_off_and/	ELI5 / Why does a camera's flash turn on...then off and on quickly, when taking a photo?
xut3b	Hello guys,  I have diarrhea right now, and sometimes I feel like I have to vomit, but when I arrive at the toilet, welll, it comes out the other end.  From what I have read the body tries to get rid of any germs in the system. Now my question: Does it matter which end it comes out or is there a decision process the body goes through?  Kind regards	1643054552.0	sbv1ce	/r/explainlikeimfive/comments/sbv1ce/eli5_does_the_body_decide_between_diarrhea_and/	ELI5: Does the body 'decide' between diarrhea and vomiting during gastric infections?
e5229epf		1643056264.0	sbvp7g	/r/explainlikeimfive/comments/sbvp7g/eli5_how_do_historians_know_that_ancient_people/	eli5: How do historians know that ancient people actually believed in things like demons or spirits, and that it wasn’t just like the Boogeyman or Santa to them?
5q2wr0vp		1643059559.0	sbwxxa	/r/explainlikeimfive/comments/sbwxxa/eli5_how_do_things_like_probes_satellites_and/	[Eli5] How do things like probes, satellites and telescopes not get pelted with space debris/rocks coming from each and every direction at least at some point while out there in space?
81zrpvnb	I know it’s typically fatal (often painfully so), but what is actually happening at the cellular/microscopic level?	1643060516.0	sbxctq	/r/explainlikeimfive/comments/sbxctq/eli5_what_does_radiation_poisoning_physically_do/	ELI5: What does radiation poisoning physically do to the human body?
8izr21us	I get that the inactivation process occurs in the embryonal stage, when there aren't many cells present. But do all the few cells have the same X chromosome (i.e. either paternal or maternal) inactivated or do they all have different X chromosomes inactivated on a random basis?	1643062186.0	sby09t	/r/explainlikeimfive/comments/sby09t/eli5_is_the_same_x_chromosome_inactivated_in_all/	Eli5: Is the same X chromosome inactivated in all the cells of the body of a female?
1hjjcr7p		1643064704.0	sbyyv6	/r/explainlikeimfive/comments/sbyyv6/eli5_why_is_π_pi_special_and_important/	ELI5: Why is π (pi) special and important?
7bllpt0q	I'm confused by this. So in order to record very high frequency signal, you need tape to travel very quickly past the write head, so that the very high-frequency signals wouldn't overlap. For SD analog video signal (up to 5-6 MHz), that means the tape has to travel at insanely high speeds, like 11 mph or something and you'd need crazy amounts of tape.  So to solve that problem, they invented helical scan, which uses heads placed on a drum. The tape wraps around the drum and then the drum spins fast, so it's the drum going past the tape very fast rather than the opposite, and the tape travels at a reasonable speed, and you don't need that much tape.  Okay, but... how does this help you use more bandwidth on the tape? The drum is spinning very fast but the tape is going past it slowly, so the heads are just recording stuff over the same piece of tape many times over. So how do you get more bandwidth out of the tape using this method?	1643066507.0	sbzmpc	/r/explainlikeimfive/comments/sbzmpc/eli5_please_explain_helical_tape_scanning_eg_in_a/	ELI5: Please explain helical tape scanning (e.g. in a VCR).
157ix5	On Google Trends the terms “should i buy crypto” and “should i sell crypto” both yield the same, 100 “Interest over time” shortly before May 30th, 2021, worldwide.  What happened on this date in the world of economics?	1643066713.0	sbzpdf	/r/explainlikeimfive/comments/sbzpdf/eli5_why_did_interest_for_buying_and_selling/	ELI5 Why did interest for buying and selling crypto peak at the same time in 2021?
1kz1ny		1643067482.0	sbzz9d	/r/explainlikeimfive/comments/sbzz9d/eli5_what_is_a_manifold_and_what_are_its_uses/	Eli5: What is a manifold and what are it's uses?
2g3r1nv4	I keep seeing this concept over and over but never understood it	1643071995.0	sc0lca	/r/explainlikeimfive/comments/sc0lca/eli5_what_is_an_eigenvalue_in_statistics/	ELI5 What is an eigenvalue in statistics?
jiuuj	Why does a 20lb box that is 5x5x5 (inches) physically feel heavier when i am lifting it compared to a 20lb box that is 10x10x10? Assuming same item in both boxes not shifting around.  Edit: had weight directives reversed and spelling fixes	1643073720.0	sc19qr	/r/explainlikeimfive/comments/sc19qr/eli5_why_does_the_same_weight_feel_different/	eli5: Why does the same weight feel different?
x0gnu		1643073773.0	sc1agp	/r/explainlikeimfive/comments/sc1agp/eli5_what_is_dysautonomia/	ELI5 What Is Dysautonomia?
8kuf80f8		1643074632.0	sc1lsz	/r/explainlikeimfive/comments/sc1lsz/eli5_why_do_eyes_appear_red_in_photos_when_you/	eli5: why do eyes appear red in photos when you use flash or when it’s dark outside?
67y20m5p	I was wondering how ISPs connected to the internet, and I found many answers saying they either hosted many popular websites themselves, they connected directly to the servers, or they connected themselves to other ISPs. So I thought "hmm, why can't I connect directly to the server instead?" Well, because I'd need a wire connecting my PC with thousands of servers, but what if my PC was connected to my neighbour's PC, and his to his neighbour's, and so on until some PC is connected directly to the server? Every PC is a node physically connected to each other, creating a network.   This model is by no means something new. It's how LAN networks work, and taking torrents as an example, it's possible to see how it could be free and that people are willing to collaborate with each other to share content and resources. The question is, why hasn't this happened with WAN networks (i.e. the internet)? Why are we using ISPs? Why aren't there any alternatives? Is it because of costs? Because it's hard to organise?  Just to be clear *—*I had a conversation with one of the mods and I thought I should edit my post to clarify*—* this is not a *what if* question. This is a question of *why not* and *why do we use what we are currently using instead of P2P internet*. Also, I think it's worth saying that I know that LAN networks work as I previously stated *—a bunch of PCs wired together—* but the internet is not a LAN network, it's essentially a WAN network.  EDIT: Clarified some aspects of my original question.	1643075827.0	sc2113	/r/explainlikeimfive/comments/sc2113/eli5_why_cant_we_have_p2p_internet_instead_of/	ELI5: Why can't we have P2P internet instead of going through an ISP?
13nd84	So, I've watched Hostile planet narrated by Bear Grylls and there was a segment in which a jaguar pounces on a caiman, bites its skull and instantly paralyzes it. I flinched thinking its teeth would chip/break and was surprised how devastating the bite was and therefore would like to learn more about the strength of jaguar's jaws.	1643075984.0	sc22yc	/r/explainlikeimfive/comments/sc22yc/eli5_do_jaguar_teeth_get_compromised_each_time/	ELI5: Do jaguar teeth get compromised each time they bite into bones of their prey?
de0mcudu		1643077359.0	sc2kjf	/r/explainlikeimfive/comments/sc2kjf/eli5_if_humans_dont_know_what_pi_equals_to_its/	ELI5: If humans dont know what pi equals to its full extent then how do calculators know what it equals?
2leylnee	This happen to me today. While i was eating, I stroke a combo of 4 bites one after the other on the inside of my cheek. After the fourth time, it left me confused, and i needed to slow down the chewing and focus where i was placing the food and what was the position of my tongue.  So how come we are so good at this (most of the time), regardless of the shape, size, texure, hardness... of the byte and do it on autopilot?	1643077870.0	sc2qx6	/r/explainlikeimfive/comments/sc2qx6/eli5_why_arent_we_biting_our_tongue_and_the/	ELI5: Why aren't we biting our tongue and the inside of our cheeks the whole time while chewing?
5dfnxp7e	Why does printers tend to fail so often? If it’s not the ink, then it’s the connection or some chip or some cartridge and everything, while other appliances work more reliably	1643078007.0	sc2sna	/r/explainlikeimfive/comments/sc2sna/eli5_why_printers_fail_so_much/	ELI5 Why printers fail so much?
497gxtgw		1643079572.0	sc3brc	/r/explainlikeimfive/comments/sc3brc/eli5_what_is_a_cut_throat_clause/	Eli5: What is a cut throat clause?
11ayo0	Particularly as it relates to numerical computing, thanks!	1643080025.0	sc3ho8	/r/explainlikeimfive/comments/sc3ho8/eli5_difference_between_single_and_double/	ELI5: Difference between single and double precision
604m6tes		1643080101.0	sc3imh	/r/explainlikeimfive/comments/sc3imh/eli5_how_can_nonstick_cooking_spray_have_zero/	ELI5: How can nonstick cooking spray have zero calories if it contains oil which is usually high in calories?
ghjr3gos	I’m looking at applying for an internship in the Accounting department but wanted an easy explanation.   I’ve taken accounting courses and I’m almost done with my bachelors degree but accounting just doesn’t stick!!   Any help is greatly appreciated along with anything else you think may be helpful!	1643080567.0	sc3o9r	/r/explainlikeimfive/comments/sc3o9r/eli5_how_accounting_debits_and_credits_work/	ELI5 How accounting debits and credits work
11dbnt	The screen in inches from one’s eyes, where their vision is ostensibly still good. Yet I see prescription lenses being sold to mount inside VR headsets, and general advice of “wear your contacts when using VR headsets. Please help me understand.	1643081066.0	sc3ueh	/r/explainlikeimfive/comments/sc3ueh/eli5_why_do_nearsighted_people_need_to_wear/	ELI5: Why do nearsighted people need to wear glasses when using VR?
4yeq63l	I've seen the [NASA video](https://youtu.be/6cUe4oMk69E) and watched a couple of explainers on youtube, but I still have no idea how this telescope is orbiting as it does. If it simply followed a 'normal' orbit around the sun, 1million kilometers past the earth, that would be simple enough. But it isn't just doing that. In addition to its orbit around the sun, it appears to be circling lagrange 2, in a circular orbit with the plane of that smaller orbit 90 degrees off its orbital path around the sun. What exactly is holding it in that smaller orbit??	1643081285.0	sc3wxe	/r/explainlikeimfive/comments/sc3wxe/eli5_what_exactly_does_the_james_webb_telescope/	ELI5: What exactly does the James Webb Telescope orbit?
dvoe2oar	How does the water absorb the sound/noise acoustic energy during a rocket launch? Without water, the noise/sound waves will bounce off the launch pad and can damage the rocket but what's so different about adding water? The sound waves just bounce off the surface of the water and reflect back to the rocket.	1643082160.0	sc473s	/r/explainlikeimfive/comments/sc473s/eli5_how_does_water_absorb_sound_in_a_noise/	ELI5 How does water absorb sound in a noise suppression system work in rocket launches?
163e87	I saw a video and the cameras didn't seem to have much of a problem filming except when a laser happened to shine directly into the camera but that was just a split second very rarely. How did this help to prevent facial recognition if it really did at all?	1643083055.0	sc4hhv	/r/explainlikeimfive/comments/sc4hhv/eli5_in_recent_protests_laser_pointers_are_used/	ELI5: In recent protests laser pointers are used to prevent facial recognition how would the lasers do this unless shined directly into the camera?
5wahj		1643083177.0	sc4j0c	/r/explainlikeimfive/comments/sc4j0c/eli5_how_was_the_value_of_bob_dylans_music/	ELI5: How was the value of Bob Dylan's music catalogue calculated, and why does it appear that he was able to get two separate paydays from Universal and Sony?
3yvj69wg	Title basically. Couldn’t you keep theoretically inserting smaller degrees and make the circle more or less than 360 degrees?	1643085132.0	sc552a	/r/explainlikeimfive/comments/sc552a/eli5_how_did_we_decide_that_there_are_360_degrees/	ELI5: how did we decide that there are 360 degrees in a circle?
5ww53	Yes, I've Googled it. But I need a really watered down explanation, maybe with some practical examples?   Thank you!!	1643086536.0	sc5k53	/r/explainlikeimfive/comments/sc5k53/eli5_in_statistics_what_is_a_confidence_interval/	ELI5: In Statistics, what is a confidence interval and why is it important?
2ukj8gq6	And how did people get subtitles through teletext (e.g. Ceefax page 888)?	1643086994.0	sc5paz	/r/explainlikeimfive/comments/sc5paz/eli5_how_did_tv_teletext_services_work/	ELI5: How did TV teletext services work?
604m6tes	If there was nothing prior to the big bang, then the matter and energy in the Universe had to have come from somewhere and was seemingly created during the big bang but how do you get around the law of conservation of matter and energy which states that matter and energy can’t be created nor destroyed if the laws holf true?	1643088281.0	sc638f	/r/explainlikeimfive/comments/sc638f/eli5_why_does_the_big_bang_not_break_the_law_of/	ELI5: Why does the Big Bang not break the law of conservation of matter and energy?
cek86woc		1643091394.0	sc6z2w	/r/explainlikeimfive/comments/sc6z2w/eli5_why_does_our_ears_get_that_ringing_sensation/	ELI5 Why does our ears get that ringing sensation, what happens?
54c0k7o		1643092871.0	sc7d20	/r/explainlikeimfive/comments/sc7d20/eli5_why_do_candles_give_off_smoke_when_you_blow/	Eli5: why do candles give off smoke when you blow them out, but not while they're burning?
1qspnttk		1643098223.0	sc8ouc	/r/explainlikeimfive/comments/sc8ouc/eli5_we_say_energy_cant_be_created_cant_be/	Eli5 We say energy can't be created cant be destroy didn't it contradict concept of entropy.
as0jm	When your stomach starts to tighten or growl, what is physically occurring that makes you feel “hungry”?	1643100485.0	sc983b	/r/explainlikeimfive/comments/sc983b/eli5_what_actually_is_hunger_physically/	ELI5, what actually is hunger, physically?
dr0t9		1643102524.0	sc9pfc	/r/explainlikeimfive/comments/sc9pfc/eli5_why_does_water_in_a_straw_sit_below_the/	ELI5 - Why does water in a straw sit below the waterline in the glass so slightly?
dnwx2cec	Are they really practical? Are people even willing to buy them? I don't know anyone that owns this phone.	1643104058.0	sca1yq	/r/explainlikeimfive/comments/sca1yq/eli5_why_are_companies_pushing_to_produce/	ELI5 : Why are companies pushing to produce foldable phones?
9uzwlh2o	I recently got diagnosed and medicated. The meds work absolutely awesome - I can hear a real silence, I can have a clear thought process instead of something like 5 radio stations and 4 news channels on in my head, I am less anxious (normally I cried my eyes out when someone in work was mean to me and I didn't want to go there again, would call myself useless and worthless, now I can just shrug it off and go on), more self confident, have energy to do stuff around the house and feel more calm but not tired in general.   I know the meds work because they do something with the dopamine retake, but I don't really get all that complicated words and process. I need a REAL ELI5, maybe ELI8 (like, say that dopamine is a pair of jeans that the neuron uses and gets holes in it? I tried to explain it to myself kinda that way but I wasn't right probably).	1643104445.0	sca5aw	/r/explainlikeimfive/comments/sca5aw/eli5_how_does_methylphenidate_work_on_adhd_brain/	ELI5: How does methylphenidate work on ADHD brain?
mno4t	I've always heard that electricity flows through the easiest path to reach ground. So how does it flow through multiple circuits from a single source?	1643104988.0	scaa4x	/r/explainlikeimfive/comments/scaa4x/eli5_if_electricity_finds_the_least_resistance/	ELI5: If electricity finds the least resistance path to ground, how do parallel connections work?
9iuzfuy7	I recently watched Documentary about Information. So, say, the demon exists and he knows the information. So, won't the action of opening and closing the window to let molecules expend energy? Even if the demon is connected to mechanism with electric signals and with simple thought, he can open/close it, the very act of opening or closing the window/slit should take some energy somehow. I just can't get this over my head. (Also, The video did say that Loss in information compensates the energy. But this is not about it)	1643108754.0	scb8i8	/r/explainlikeimfive/comments/scb8i8/eli5does_the_maxwells_demon_need_energy_to_open/	ELI5:Does the Maxwell's Demon need energy to open or close the window to let molecules pass?
sllbk		1643113900.0	sccni4	/r/explainlikeimfive/comments/sccni4/eli5_what_is_cbrs_citizens_broadband_radio/	ELI5: What is CBRS (Citizens Broadband Radio Service) and how does it work?
dlhobavg	Thanks for your help!	1643114658.0	sccvrj	/r/explainlikeimfive/comments/sccvrj/eli5_what_was_the_reason_so_many_trees_grew_in/	ELI5: What was the reason so many trees grew in the Carboniferous Era? Was it some soil/climate condition? Or was there some other reason?
istbu1ne		1643114789.0	sccx3m	/r/explainlikeimfive/comments/sccx3m/eli5_human_sleep_cycle/	ELI5: Human Sleep Cycle
wvtzx	Like, what kind of information would Apple possibly be interested to learn about Microsoft?	1643115076.0	scd090	/r/explainlikeimfive/comments/scd090/eli5_whats_corporate_espionage_and_what_kind_of/	ELI5: What's corporate espionage and what kind of information is stolen?
9uzgsscu		1643115931.0	scda9p	/r/explainlikeimfive/comments/scda9p/eli5_why_do_things_like_body_lotion_cream_rose/	Eli5 Why do things like body lotion , cream , rose water etc get absorbed by out skin while things like soap, water don't ?
71odmj6	From time to time I have aphtosis on my tongue and after I bite it or irritate it in any other way, saliva starts to produce like crazy. Why is that?	1643118722.0	sce83b	/r/explainlikeimfive/comments/sce83b/eli5_why_theres_so_much_saliva_after_biting_or/	ELI5: Why there's so much saliva after biting or irritating aphtosis?
16e6tu	I have seen a few joke clocks in the past that were made to rotate counterclockwise. Why is that not the norm? Who decided that our clockwise was right?	1643118749.0	sce8fn	/r/explainlikeimfive/comments/sce8fn/eli5_why_do_clocks_rotate_clockwise_and_not_the/	ELi5: why do clocks rotate.. clockwise and not the other way around?
it4s0tnb	Isn't it a basic need when we are babies/young? So, why becoming intolerant of it? Is there a scientific reason for that? I think I might be.	1643119010.0	scebj5	/r/explainlikeimfive/comments/scebj5/eli5_why_we_some_get_intolerant_of_lactose/	ELI5: Why we (some) get intolerant of lactose?
n312h	WW2 documentaries on tv will be like ‘and trailing behind the caravan of American troops were 50,000 captured nazi soldiers’.  What was done with all these prisoners of war???	1643120418.0	scetl3	/r/explainlikeimfive/comments/scetl3/eli5_what_did_the_allies_do_with_axis_prisoners/	Eli5: What did the Allies do with Axis prisoners when they would capture like thousands of them at a time?
2lsokjad		1643120430.0	scetrh	/r/explainlikeimfive/comments/scetrh/eli5_does_a_youtube_video_with_a_still_image_ex/	ELI5 Does a youtube video with a still image (ex. music) drain as much mobile data as a moving video (gameplay, etc.), and why/why not?
fxd7liyw	It seems uncommon for people not to like certain foods like pasta or rice, and yet there are other foods, such as pineapple pizza, that is much more disputed. Why is that?	1643121100.0	scf2ck	/r/explainlikeimfive/comments/scf2ck/eli5_how_do_people_have_such_vastly_different/	eli5: How do people have such vastly different tastes in foods but there are still foods that almost everyone seems to like?
m456o	For instance a small piece of say chocolate could contain 100 calories which you could eat in less than 5 seconds. However it would take a considerable amount of exercise to burn the same 100 calories.	1643121194.0	scf3ih	/r/explainlikeimfive/comments/scf3ih/eli5_is_food_in_general_very_energy_dense_or_are/	ELI5: Is food in general very energy dense, or are our bodies very efficient at using the energy from food or is it some combination of both?
86b0u2jo	From my understanding, Javascript Adaptive is basically a <script> element requests an external URL to serve the Javascript. When executed, the Javascript detects the user agent and alter the website to their needs like providing an image that's mobile-friendly.  Now, my question:  1) Which external URL is requested?  2) When Javascripts detect the user agent, is it when a user click onto a page and from there, it'll alter the page to the user-agent that requested it.	1643121356.0	scf5ej	/r/explainlikeimfive/comments/scf5ej/eli5_whats_javscript_adaptive/	Eli5: What's Javscript Adaptive
12e1l8		1643122079.0	scfear	/r/explainlikeimfive/comments/scfear/eli5_why_is_some_types_of_bodywash_or_handwashes/	ELI5: Why is some types of Bodywash or Handwashes doesn't wash off easily and keeps remaining slippery and other type ones wash of easily??
135p8a	It is said that aircraft propeller blades are acting like airfoils as they move through the air, and they produce lift in the forward direction.  But propellers also move a considerable amount of air rearward like a fan moves air.  So, what is the proper function of an aircraft propeller, to get (forward) lift from the blades or to move a large mass of air rearward for the equal and opposite reaction?	1643122135.0	scff04	/r/explainlikeimfive/comments/scff04/eli5_if_propellers_function_like_airfoils_then/	ELI5: If propellers function like airfoils, then why do they move air like fans?
6pncr	I assume cost, but is it really that much cheaper to ship products with only a USB plug?  My desk fan is like this and the humidifier I just bought shipped without a power plug.  Now I have to either buy one (almost more than the cost of the humidifier) or harvest one from somewhere else.	1643123046.0	scfqkq	/r/explainlikeimfive/comments/scfqkq/eli5_why_do_a_lot_of_products_that_require_power/	ELI5: why do a lot of products that require power only ship with a USB plug but no outlet plug?
18jgagpo	I don't know much at all about cars	1643123816.0	scg08s	/r/explainlikeimfive/comments/scg08s/eli5_why_do_cars_drop_water_from_the_tube_thing/	ELI5: Why do cars drop water from the tube thing
3o02r2dd	Like, when the metal is being casted or what?	1643124610.0	scgak7	/r/explainlikeimfive/comments/scgak7/eli5_some_materials_comes_back_to_their_original/	ELI5 : Some materials comes back to their original shape after being deformed, how do they know their "original" shape?
52wgapi4		1643126102.0	scgujl	/r/explainlikeimfive/comments/scgujl/eli5_why_are_some_animals_able_to_be_domesticated/	ELI5: Why are some animals able to be domesticated and others aren’t?
gar1g	We often hear how the teeth are delicate and they can be ruined by acids or many other things. But can they also somehow heal or they only absorb damage until they are done?	1643126262.0	scgwnr	/r/explainlikeimfive/comments/scgwnr/eli5_can_the_teeth_heal_without_any_external/	ELI5: Can the teeth "heal" without any external intervention?
586vn6vr		1643126726.0	sch387	/r/explainlikeimfive/comments/sch387/eli5_how_did_atomic_models_such_as_daltons_bohrs/	[ELI5] How did atomic models such as Dalton's, Bohr's and Rutherford's get researched if around that time there were no especialized microscopes to properly see the atom
10x1kw	The ball can’t speed up after release, it can only slow down, right? Once nothing is pushing it any more, it has to slow down. Thus the ball must be moving its top speed right when released, so the hand throwing it must be going the same speed, right? Can the ball move faster than the arm utilizing leverage somehow?  How does strength of the pitcher factor in? If I took The Rock and Danny DeVito and found out both of their arms moved 50 mph when throwing a ball, could they both only throw 50 mph despite one being much stronger than the other? (Obviously strength would make the ball go further.)  Edit: Got my answer. Thanks everyone! (Also, strength will not make the ball go further it turns out)	1643127483.0	schds7	/r/explainlikeimfive/comments/schds7/eli5_when_throwing_a_baseball_does_the_pitchers/	ELI5: When throwing a baseball, does the pitcher’s arm need to move at least as fast as the balls top speed?
cr85oh1s		1643129212.0	sci19w	/r/explainlikeimfive/comments/sci19w/eli5_does_a_company_care_about_whether_its_stock/	ELI5: Does a company care about whether it's stock price is high or low?
whbb3		1643130045.0	scicka	/r/explainlikeimfive/comments/scicka/eli5_how_do_micro_stepping_servo_motor_drivers/	ELI5, how do micro stepping servo motor drivers work?
3d5uohpa	Everyone has heard advice to recycle plastic bottles and containers, but I haven't ever heard about encouraging to buy less heavily wrapped candy, it seems like a big missed spot in caring for the environment, why is that? Are the wrappers actually not that bad? Search does not indicate so..	1643131009.0	scipbr	/r/explainlikeimfive/comments/scipbr/eli5_why_candy_wrappers_are_not_mentioned_in/	Eli5 why candy wrappers are not mentioned in recycling
l4wuv		1643133289.0	scjkz7	/r/explainlikeimfive/comments/scjkz7/eli5_why_is_it_blood_can_rush_to_your_head_if/	ELi5: Why is it blood can rush to your head if you’re inverted, but when you’re standing normal blood circulates fine.
9tvpnxpk	Why is this used when it rots or gets moldy so easily? Why isn’t tile used?	1643133645.0	scjq0x	/r/explainlikeimfive/comments/scjq0x/eli5_why_is_wood_trim_or_drywall_used_around_a/	ELI5: Why is wood trim or drywall used around a shower threshold?
8e346yw1		1643134070.0	scjw4y	/r/explainlikeimfive/comments/scjw4y/eli5_why_does_old_west_baddieslike_jesse_james/	ELI5​ : why does old west baddies(like Jesse​ James, Billy the kid)​ became legends and famous while their modern day counterpart is barely known.
x0gnu		1643134722.0	sck5h7	/r/explainlikeimfive/comments/sck5h7/eli5_why_does_the_night_sky_lighten_after_it_snows/	ELI5 Why does the night sky lighten after it snows?
ekq05usg		1643135632.0	scki0n	/r/explainlikeimfive/comments/scki0n/eli5_what_do_we_humans_need_toes_for/	ELI5: What do we humans need toes for?
ubb4t	I only started seeing this in the last decade. There are a lot of lunar calendars which have a lot of different new year dates. I don't see people referring to the beginning of Muharram or Rosh Hashanah as "the lunar new year," so why this one?	1643135888.0	sckley	/r/explainlikeimfive/comments/sckley/eli5_when_and_why_did_people_start_referring_to/	ELI5: When and why did people start referring to the Chinese new year generically as "lunar new year."
d5b8rtdq		1643136022.0	sckn44	/r/explainlikeimfive/comments/sckn44/eli5_does_the_body_know_the_difference_between/	eli5 Does the body know the difference between bad bacteria and good bacteria when it tries to fight your infection?
axa9s		1643136551.0	sckuau	/r/explainlikeimfive/comments/sckuau/eli5_dew_point_as_it_relates_to_weather/	ELI5: Dew point as it relates to weather.
e497r7pm	I'm a donor. I imagine most people are but there's tons of advertising and things for people that need ...parts. Is the influx that high or is something else at play? What happens with my organs when I die and what's the process like up to someone happily living with their (my) new guts?	1643137586.0	scl8ls	/r/explainlikeimfive/comments/scl8ls/eli5_what_happens_with_organ_donation/	ELI5 What happens with organ donation?
4izboh84		1643138259.0	sclhr0	/r/explainlikeimfive/comments/sclhr0/eli5_why_cant_you_fill_a_hot_water_bottle_to_the/	ELI5: why can't you fill a hot water bottle to the top, and why can't you use boiling water?
11wvgz		1643139075.0	sclsup	/r/explainlikeimfive/comments/sclsup/eli5_why_do_vegetables_that_are_pickled_stay/	ELI5 Why do vegetables that are pickled stay crunchy whereas vegetables soaked in water get soft?
7h4mw9bp	Experts are saying that it will take the JWST around 6 months to test and calibrate its mirrors and instruments. Seeing as it’s already reached its final destination, what is the cause behind a delay in the collection of data?	1643139491.0	sclyep	/r/explainlikeimfive/comments/sclyep/eli5_why_does_it_take_so_long_to_calibrate_a/	ELI5: Why does it take so long to calibrate a space telescope?
gf7qr2qw	I was reading [this article](https://link.springer.com/article/10.1007/s11214-013-9970-0) and in Section 3.1, Eq. 1 describes power radiated per unit volume due to electron transitions in terms of Einstein coefficients. What are Einstein coefficients?	1643139822.0	scm2u2	/r/explainlikeimfive/comments/scm2u2/eli5_what_are_einstein_coefficients/	ELI5: What are Einstein coefficients?
yc1lw	I know very little about diving, but I do know you can breathe either air, or a nitrogen mix.   Assuming you breathe JUST air, how does the body build up nitrogen? How do safety stops help off-gas nitrogen that you couldn’t just do the entire time you’re diving?  I definitely need this at a 5th grade level so I can ask follow up questions.	1643140700.0	scmeck	/r/explainlikeimfive/comments/scmeck/eli5_scuba_safety_stops_and_nitrogen/	ELI5: SCUBA Safety Stops and Nitrogen
igpj8o85		1643141641.0	scmrje	/r/explainlikeimfive/comments/scmrje/eli5_how_does_throwing_a_stick_of_dynamite_into_a/	ELi5: how does throwing a stick of dynamite into a lake kill the fish if water slows moving objects?
rhna8		1643142670.0	scn5e6	/r/explainlikeimfive/comments/scn5e6/eli5_how_do_people_who_remix_a_song_isolate_the/	Eli5: how do people who remix a song isolate the vocals?
12d7lp	Didnt he just wrote poems or sonnets or stories? What precisely makes him such an important figure in our culture?	1643142763.0	scn6ng	/r/explainlikeimfive/comments/scn6ng/eli5_why_was_shakespeare_such_a_big_deal_for/	ELI5: Why was Shakespeare such a big deal for English literature?
r0pt3pb	How do countries like Venezuela recover from hyperinflation where basic items cost hundreds of thousands of the country’s currency units?	1643143064.0	scnao5	/r/explainlikeimfive/comments/scnao5/eli5_hyperinflation_recovery/	ELI5- Hyperinflation recovery
3xj7maj9		1643143261.0	scndcx	/r/explainlikeimfive/comments/scndcx/eli5_how_is_an_autopsy_performed_and_what_are/	ELI5: How is an autopsy performed and what are they looking for?
6zpfj8ap		1643144069.0	scno7s	/r/explainlikeimfive/comments/scno7s/eli5_why_is_the_flu_seasonal_does_it_take/	ELI5: Why is the flu seasonal? Does it take vacation the rest of the year?
hg3nl8he		1643144855.0	scnyvd	/r/explainlikeimfive/comments/scnyvd/eli5_why_do_compasses_point_north_since_the_earth/	ELI5: Why do compasses point north since the earth is round and not straight through the ground to the north pole?
7lwuasjp		1643145724.0	scoajx	/r/explainlikeimfive/comments/scoajx/eli5_if_you_have_an_inguinal_hernia_how_can_you/	Eli5: if you have an inguinal hernia, how can you still have a normal sized bowel movement? Wouldn’t it have to travel through the small herniated part?
49eovp2v	Why to they attract metal? What do they have to do with compasses? And how are they created?	1643146967.0	scoqwq	/r/explainlikeimfive/comments/scoqwq/eli5_how_do_magnets_work/	ELI5: How do magnets work?
8kuf80f8		1643149703.0	scppm6	/r/explainlikeimfive/comments/scppm6/eli5_why_are_there_24_hours_in_a_day/	eli5: why are there 24 hours in a day?
6l1ib	I hear inflation caused everything to go up X% so if your raise is anything but over that you lose money.  But if I make 40k and get a 10% increase and that matches inflation and Joe fucknuts is making 100k, then he would need less than 10% to match it.  But as far as I have read that isn't brought up.  Am I missing something?  How do I know what percent I would need to increase at 40k to match inflation?	1643150614.0	scq26q	/r/explainlikeimfive/comments/scq26q/eli5_how_is_inflation_measured_in_percent_and/	Eli5: how is inflation measured in percent and then compared to people's pay increase
9d3vm5hl		1643150703.0	scq3be	/r/explainlikeimfive/comments/scq3be/eli5_why_do_your_cheeks_turn_red_when_drinking/	ELI5: Why do your cheeks turn red when drinking?
aj3fz85n	As the title says	1643152215.0	scqnfo	/r/explainlikeimfive/comments/scqnfo/eli5_how_do_we_know_that_much_about_space_like/	ELI5: How do we know that much about space ( like supernovas, black holes, chemical composition of a star… ) when all we mostly have are images from telescope ?
hxe7mhd	My prof could hardly explain it to me. I just don't understand- if it adds money to the company, in what world is it considered credit? Is it because it's not yet cash and therefore not an asset? Is it simply because it's on the right side of the accounting equation?	1643152572.0	scqsbi	/r/explainlikeimfive/comments/scqsbi/eli5_if_revenue_adds_to_equity_why_is_it/	ELI5: If revenue adds to equity, why is it increased as credit?
guwh4		1643152945.0	scqxat	/r/explainlikeimfive/comments/scqxat/eli5_how_do_zk_rollups_or_zeroknowledge_rollups/	ELI5 How do ZK Rollups or Zero-Knowledge Rollups work?
chngt		1643153217.0	scr0vi	/r/explainlikeimfive/comments/scr0vi/eli5_if_scientists_find_frozen_pee_from_an/	Eli5: If scientists find frozen pee from an extinct animal what can be determined from it?
3telui6w		1643153817.0	scr8kt	/r/explainlikeimfive/comments/scr8kt/eli5_how_does_hand_sanitizer_actually_kill/	ELI5: How does hand sanitizer actually kill bacteria and does it know the difference between good and bad?
5a7pwcrk	I know it’s not water but protein and fat. Recently I started shifting my diet to more plant-based and water-based foods, things like having mashed potatoes rather than potato chips or having a soup instead of sandwich. I also learned that food provide much of our water during the day   But it got me thinking, do cook eggs provide water? I know they are watery to start and if you cook them and let them sit in a pan they will shrink again like they lose water. Are they like sponges after you cook them? How does this physical transformation happen? The protein acts as structure builder? I need to know, where does the liquid go?	1643154429.0	scrgrq	/r/explainlikeimfive/comments/scrgrq/eli5_where_does_the_liquid_go_when_you_cook_an_egg/	eli5: Where does the liquid go when you cook an egg?
5s4755x7	Im struggling with the concept of it i just dont get it	1643154592.0	scriyg	/r/explainlikeimfive/comments/scriyg/eli5_electromagnetic_flux/	ELI5 electromagnetic flux
7ep82jga	I’m very interested in how stuff works at atomic levels, but idk how you weigh something and it shows how much it ways. Am I just being dumb or how does that machine measure the weight?	1643154766.0	scrl8c	/r/explainlikeimfive/comments/scrl8c/eli5_how_do_scales_for_weighing_work_at_an_atomic/	Eli5: how do scales (for weighing) work at an atomic scale
c11gz3w5	Is physiologically true or is it a placebo type of effect from old wives tales?	1643155396.0	scrtpy	/r/explainlikeimfive/comments/scrtpy/eli5_why_does_drinking_fizzy_drinks_help_with/	ELI5: Why does drinking fizzy drinks help with phlegm when ill?
gf7qr2qw		1643155645.0	scrx12	/r/explainlikeimfive/comments/scrx12/eli5_what_are_particleincell_calculations/	ELI5: What are particle-in-cell calculations?
7ep82jga		1643157030.0	scsf16	/r/explainlikeimfive/comments/scsf16/eli5_why_do_we_get_wrinkles_on_our_skin_when_in/	Eli5: why do we get wrinkles on our skin when in water?
1f5mx9n		1643157235.0	scshny	/r/explainlikeimfive/comments/scshny/eli5_how_do_magneticmysetrygravity_hills_create/	ELI5: How do magnetic/mysetry/gravity hills create the illusion of cascading into the opposite direction? I understand that it's an optical illusion, but watching videos does not make it clearer to me how it works. Thanks!
glrps	Baby porcupines have to come from somewhere.	1643158578.0	scsyv0	/r/explainlikeimfive/comments/scsyv0/eli5_how_do_porcupines_have_sex_without_pricking/	ELI5: How do porcupines have sex without pricking each other with their quills?
5ae767xb	Ok so you add heat to water and its temperature increases, start to boil it and its temperature remains constant. Same for freezing / unfreezing / vaporizing water. During a phase change, kinetic energy nor temperature do not increase. Why??? If you add heat, shouldn’t stuff move more? I think it has something to do with potential energy but idk.	1643160868.0	sctrvc	/r/explainlikeimfive/comments/sctrvc/eli5_latent_heat/	ELI5: Latent heat
df37b5mt		1643161619.0	scu193	/r/explainlikeimfive/comments/scu193/eli5_how_do_colourblind_glassesmodes_on_devices/	Eli5: How do colourblind glasses/modes on devices work? Can colourblind person see like normal people do in them or it just improves quality of seeing things?
24wic9ma		1643163222.0	scukuw	/r/explainlikeimfive/comments/scukuw/eli5_why_is_low_iron_glass_clearer_or_more/	Eli5: why is low iron glass clearer or more transparent then regular glass?
6exxnxd0		1643163326.0	scum5q	/r/explainlikeimfive/comments/scum5q/eli5_how_can_people_understand_a_foreign_language/	ELI5: How can people understand a foreign language and not be able to speak it?
4oo29	In English I might say "daïs is spelt dee, ay, eye with a diaeresis, ess" but that's pretty awkward.  How is this handled for the many other languages that use the Latin alphabet but where accents and the like are very common?	1643163798.0	scurv3	/r/explainlikeimfive/comments/scurv3/eli5_how_do_you_verbally_spell_out_letters_with/	ELI5: How do you verbally spell out letters with accents (and similar), particularly in languages where they're common?
88y43gln	Follow up, what is a semi-conductor and why is it so important in building processors?	1643164591.0	scv1pv	/r/explainlikeimfive/comments/scv1pv/eli5_what_is_conductivity/	Eli5 what is conductivity?
e9gylrft	How does my phone know what I'm touching?	1643164689.0	scv2x2	/r/explainlikeimfive/comments/scv2x2/eli5_how_do_touch_screens_work/	ELI5- How do touch screens work?
8kuf80f8		1643164845.0	scv4tk	/r/explainlikeimfive/comments/scv4tk/eli5_how_do_fish_gills_filter_oxygen_from_the/	eli5: how do fish gills filter oxygen from the water? where does the water go?
3xsrab8j		1643165751.0	scvfxf	/r/explainlikeimfive/comments/scvfxf/eli5_in_cell_division_or_mitosis_our_cells/	ELI5: In cell division or mitosis, our cells divides into two cells, so how come are we not growing exponentialy? Do some of our cells die without mitosis or does at some point our cells stop doing mitosis?
3ypfmtww	How could you possibly ever get clean using soap made from Blubber?	1643166801.0	scvszr	/r/explainlikeimfive/comments/scvszr/eli5_how_is_soap_so_effective_at_stripping/	ELI5: How is soap so effective at stripping fats/oils from your skin when it’s made from fat/oils?
154fdk	And also why this is especially the case in the developed world.	1643167258.0	scvyla	/r/explainlikeimfive/comments/scvyla/eli5_why_the_majority_of_countries_have_more/	ELI5: Why the majority of countries have more females than males?
irqms	There's no way to track views or clicks on TV commercials, but that's how YouTube ads work as far as I know.	1643167624.0	scw33n	/r/explainlikeimfive/comments/scw33n/eli5_how_do_television_ads_work_differently_from/	ELI5: How do television ads work differently from YouTube ads?
4jmfgxay		1643168395.0	scwca4	/r/explainlikeimfive/comments/scwca4/eli5_why_do_we_need_to_install_programs_if_there/	ELI5: Why do we need to install programs if there are portable programs that works just fine?
2alog4qr	Why do our eyelashes stop growing at a reasonable length and not continue to grow like the hair on our head?	1643169030.0	scwjvg	/r/explainlikeimfive/comments/scwjvg/eli5_why_do_our_eyelashes_only_get_so_long/	ELI5: Why do our eyelashes only get so long?
33a5oo9e		1643173300.0	scxvvm	/r/explainlikeimfive/comments/scxvvm/eli5_why_is_it_that_when_its_dark_you_see_with/	ELI5: Why is it that when it's dark you see with less detail on your fixation point and have to use the area around it?
6cf5vpmu		1643175909.0	scyne4	/r/explainlikeimfive/comments/scyne4/eli5_how_do_phones_measure_the_battery_percentage/	ELI5: How do phones measure the battery percentage and temperature? How accurate are the readings?
cffxhenc	Self explanatory lol.  My lips, hands, feet are soft in the warm months but here lately it’s like those areas have just dried up and started cracking. 😅 my hands are exposed to the elements, but my feet are covered if I’m outside of course, yet they still crack and dry up—meanwhile, my cheeks, my forehead, my chest don’t experience this.  Why is it just certain areas that do this in the cold?	1643175990.0	scyo89	/r/explainlikeimfive/comments/scyo89/eli5_why_do_lips_only_certain_areas_of_skin/	ELI5: why do lips & only certain areas of skin crack/split in cold temperatures?
95qq7kk9		1643178848.0	sczgyx	/r/explainlikeimfive/comments/sczgyx/eli5_why_does_eating_something_sweet_make_the/	ELI5: Why does eating something sweet make the next sweet thing you eat less sweeter?
5qg71wqo		1643182813.0	sd0hdj	/r/explainlikeimfive/comments/sd0hdj/eli5_what_determines_a_houses_monetary_value_and/	ELI5: What determines a house’s monetary value and the fluctuation of the housing market?
3ft3s43w		1643184666.0	sd0yid	/r/explainlikeimfive/comments/sd0yid/eli5_why_are_some_male_animals_called_bulls_or/	ELI5: Why are some male animals called bulls or boars despite not actually being said animal? Same with some female animals being called cows?
flm6g	Please and thanks	1643184727.0	sd0z34	/r/explainlikeimfive/comments/sd0z34/eli5_whats_the_difference_between_occupation_and/	Eli5 What’s the difference between occupation and annexation?
g6y2vxjm	Isn’t Gatorade just salty water? Is it the AMOUNT of salt?   (Context: I’ve been told to drink gatorade because of a medication I’m on.  So, now i’m overthinking how Gatorade works)	1643184957.0	sd113l	/r/explainlikeimfive/comments/sd113l/eli5_why_does_gatorade_hydrate_you_but_seawater/	ELI5: why does gatorade hydrate you, but seawater dehydrates you?
c829y	I notice many countries are closely following the events today in the US on the interest rates being hiked, bracing for the impact. I genuinely do not comprehend how this will trigger events worldwide. Economics is complicated enough as it is to me, so why or how would increased rate in the US actually affect other countries? Should we be concerned or it is only applicable to large corporations who trade with the US? From a South East Asian nation.	1643185345.0	sd14do	/r/explainlikeimfive/comments/sd14do/eli5_how_would_the_feds_increasing_interest_rates/	ELI5: How would the Feds increasing interest rates (small or big increase) affect other countries in the world?
59qjytd5	Hello there, as the title said I'd like to ask about the effects of losing one's sensation completely. Does losing it effectively make you feel nothing, regardless if you broke your foot or not? Are internal and external sensations, particularly pain, any different from each other? How about food, will you be able to feel it inside like we usually do?   First time making a post here, I'm sorry if it doesn't follow the rules (or if it's too much.)	1643185829.0	sd18gd	/r/explainlikeimfive/comments/sd18gd/eli5_what_does_losing_ones_sensation_usually/	ELI5: What does losing one's sensation usually entails?
cyck2ccs		1643187468.0	sd1m3j	/r/explainlikeimfive/comments/sd1m3j/eli5_why_does_slapping_it_actually_makes_tv/	ELI5: Why does slapping it actually makes tv remotes work again?
12gefy4h		1643190948.0	sd2feh	/r/explainlikeimfive/comments/sd2feh/eli5_why_are_daytime_running_lights_dlrs_bright/	ELI5: Why are daytime running lights (DLRs) bright enough to be seen in the daytime but are super dim in the dark?
8e5r450v		1643191865.0	sd2ntc	/r/explainlikeimfive/comments/sd2ntc/eli5_how_are_edible_gold_leaves_edible/	ELI5 How are edible gold leaves edible?
7vq4h		1643192428.0	sd2sxy	/r/explainlikeimfive/comments/sd2sxy/eli5_how_come_when_you_drink_carbonated_beverages/	ELI5: How come when you drink carbonated beverages, your urine isn’t carbonated? What happens to the bubbles?
d026r40e		1643194442.0	sd3b4k	/r/explainlikeimfive/comments/sd3b4k/eli5_what_does_it_mean_when_investors_are/	Eli5: What does it mean when investors are investing 1 million with 20% equity?
95n3u85x	Like why can't I just use another liquid with the same viscosity.	1643196829.0	sd3xze	/r/explainlikeimfive/comments/sd3xze/eli5_how_does_a_vehicle_know_its_being_filled_up/	ELI5 How does a vehicle know its being filled up with petrol / diesel.
16cslb	If I have a big nose, and my partner has a small nose, will my child have a big / small / ‘evened out’ medium nose?  If my dad is tall, and my mum is small, will I be tall / small / medium sized?  And so on…	1643197700.0	sd45yg	/r/explainlikeimfive/comments/sd45yg/eli5_how_do_we_inherit_traits_from_parents_what/	ELI5: How do we inherit traits from parents? What is passed down to our children?
iowjcgo		1643197739.0	sd46b7	/r/explainlikeimfive/comments/sd46b7/eli5_why_do_most_marine_mammals_have_horizontal/	ELI5: Why do most marine mammals have horizontal tails, while other marine life tend to have vertical tails?
68mcupor		1643198753.0	sd4gwy	/r/explainlikeimfive/comments/sd4gwy/eli5_what_is_the_difference_between_investment/	ELI5: What is the difference between investment bonds and term deposit accounts?
d9qn8	Maybe I'm comparing apples to oranges here but when I think of white bread I usually have a picture such as [this](https://myloveofbaking.com/wp-content/uploads/2018/08/IMG_4514.jpg) in mind. On the other hand, [black bread](https://www.gutekueche.at/storage/media/recipe/14643/resp/schwarzbrot-aus-der-steiermark___webp_620_413.webp) is usually more dense with tinier bubbles and not as soft, less elastic too I think.   I can imagine there's a food scientific explanation for this, is there?	1643198929.0	sd4ilf	/r/explainlikeimfive/comments/sd4ilf/eli5_why_white_bread_often_times_is_much_airier/	ELI5 why white bread often times is much airier and softer than black bread
fu75iue8		1643200547.0	sd4z7x	/r/explainlikeimfive/comments/sd4z7x/eli5_why_do_the_most_animals_have_only_two_eyes/	Eli5: Why do the most animals have only two eyes? And I why have a few animals more than two?
5ojeq316	title	1643202904.0	sd5q6c	/r/explainlikeimfive/comments/sd5q6c/eli5_hi_why_when_people_that_use_glasses_stretch/	eli5. hi. Why when people that use glasses stretch their eyelids to the sides they see batter without the glasses on?
h77vfdjl	Does putting in lower fuses damage the electronics of the car in anyway? (Replacing a 12a for a 10a)	1643203641.0	sd5ymo	/r/explainlikeimfive/comments/sd5ymo/eli5_when_changing_a_blown_fuse_in_a_car_why_can/	ELI5 When changing a blown fuse in a car, why can the new fuse be equal or lower amps but not higher?
9syjsyh9		1643204605.0	sd69tj	/r/explainlikeimfive/comments/sd69tj/eli5how_bees_do_warm_themselves_in_winter/	ELI5:How bees do warm themselves in winter?
qin2w	As they're ultimately both being communicated via the median nerve	1643205385.0	sd6ja8	/r/explainlikeimfive/comments/sd6ja8/eli5_how_can_the_brain_tell_a_sensation_in_the/	ELI5: How can the Brain tell a sensation in the index finger apart from one in the middle finger?
mkqh6ft	Remember when we were kids watching movies, they used to seem so long? And now(in 30s) hours pass without even realizing it. It seems like days are shorter and time seems to go fast as we are growing old. Anyone else experienced the same? Any possible explanation behind it?	1643206389.0	sd6vxt	/r/explainlikeimfive/comments/sd6vxt/eli5_why_the_days_seem_shorter_as_we_get_older/	ELI5: Why the Days Seem Shorter as We Get Older?
74djqrqq		1643206637.0	sd6yxz	/r/explainlikeimfive/comments/sd6yxz/eli5_how_are_gastropods_and_cephalopods_related/	ELI5: How are gastropods and cephalopods related?
ph7gd		1643208321.0	sd7kl6	/r/explainlikeimfive/comments/sd7kl6/eli5_when_they_say_that_the_technology_in_your/	ELI5: when they say that the technology In your smart phone is more powerful than what got to the moon, what does that really mean?
h89wxdr	Whenever I (as a woman) want to imitate a man I find I instinctually lower my chin to make my voice lower. I’ve seen that professional singers such as opera singers do it too maybe to help control particularly low notes.   How does this help physiologically?	1643210625.0	sd8fma	/r/explainlikeimfive/comments/sd8fma/eli5_why_does_lowering_your_chin_enable_you_to/	ELI5: why does lowering your chin enable you to produce deeper sounds?
cd212gw		1643211373.0	sd8pt8	/r/explainlikeimfive/comments/sd8pt8/eli5_in_times_of_war_or_potential_war_how_do_the/	ELI5: In times of war or potential war, how do the opposing sides actually communicate with one another?
d3by5j92		1643212500.0	sd94jo	/r/explainlikeimfive/comments/sd94jo/eli5_why_does_water_when_put_in_the_freezer_turns/	(ELI5) Why does water when put in the freezer turns to ice, but never snow, while when the weather is really cold, the rain turns to sleet sometimes, but can aslo turn to snow?
33nw8zas	High efficiency gas heat in your house generates condensation. I understand relative humidity and how it generates condensation when the air conditioner is on. But what causes the condensation when the gas heat is on?	1643212720.0	sd97h3	/r/explainlikeimfive/comments/sd97h3/eli5_why_do_high_efficiency_furnaces_condensate/	ELI5: Why do high efficiency furnaces condensate?
24yb04dx	Do they take a salary? Can they pull as much of the profits as they want (after taxes and payroll etc) into their personal accounts to live off of or are there restrictions?	1643212792.0	sd98f3	/r/explainlikeimfive/comments/sd98f3/eli5_how_do_small_business_owners_pay_themselves/	ELI5: How do Small Business Owners Pay Themselves?
