author	selftext	created_at	s_id	permalink	title
6q4lxdhw	I bought a t-shirt in Paris that says “Le lundi, je suis au bout de ma vie” or “On Monday, I’m at the end of my life”. What would be a similar expression in the US? “Mondays are the worst?”	1642365663.0	s5l0mo	/r/French/comments/s5l0mo/need_help_with_translation/	Need help with translation
6dl273lz		1642370925.0	s5mztt	/r/French/comments/s5mztt/how_to_type_french_accent_using_us_keyboard/	How to type French accent using US keyboard?
9h2f21l9	As the title says, can you guys recommend any beginner level podcasts?	1642370968.0	s5n0f3	/r/French/comments/s5n0f3/podcasts_for_beginner_listeners/	Podcasts for beginner listeners?
505dz3wu	What are the best websites to read about football in French, specifically for Ligue 1? Thanks!	1642375928.0	s5ou7n	/r/French/comments/s5ou7n/what_are_the_best_websites_to_read_about_european/	What are the best websites to read about European Football in French?
inqlzsh0	Hi! I'm interested in doing the Explore program in Canada (been wanting to do it for years, and finally have the time to!). I was wondering if I could get some insight from other people who've done it around my age (23y/o). After searching through some Reddit posts and hearing what people have to say, right now my top 3 choices are:  1. Université Sainte-Anne, Nova Scotia ([info](https://englishfrench.ca/event/universite-sainte-anne/)) 2. French Immersion School, Western University (Trois-Pistoles, QC) ([info](https://englishfrench.ca/event/french-immersion-school-western-university-trois-pistoles/)) 3. Université du Québec à Chicoutimi ([info](https://englishfrench.ca/event/universite-du-quebec-a-chicoutimi/))  in that order, but this order is flexible and I'm open to other areas too. I can only do the summer session, though, which I think is different than most of the posts I've seen. I've heard from some people that I might not enjoy myself as much if I'm around people who are a lot younger. For example, I've heard amazing things about Saint-Anne, but it's 16+ for the summer session and I'm not sure of the proportion of older vs younger students. I wonder if anyone who did it beyond 21 could give me some insight?  Also I've heard host families are the best way to learn French, but I'm a tad nervous because I've heard it can be really hit and miss about your luck of how the host family welcomes you, and would you get to meet as many people in the program?  Finally, would there be enough time to do a part time job on the side? I might have to continue with some (remote) stuff in the summer.  Any advice would be much appreciated!  Ps. For reference, I'd call myself around A2/B1 French and looking to get to at minimum B2.	1642376490.0	s5p1jf	/r/French/comments/s5p1jf/canada_fsl_explore_program/	Canada FSL Explore Program
5n7ohec8	I’m looking for a French immersion study abroad program for my daughter for the summer. She’s 16 and will be a senior in high school next year. She has been to Paris before but open to anywhere in France. Everything I find online has so many mixed reviews it’s hard to know what would be good! She’ll finish up her fourth year of French this year and would love to spend 2-6 weeks in a program. Thank you!!	1642389441.0	s5tiom	/r/French/comments/s5tiom/looking_for_a_french_immersion_summer_program_for/	Looking for a French immersion summer program for my 16 year old daughter.
2fo5x7mp	Any one know if "Par Ici" french books are quebecois or european french?  Its published by 'md editions' which is a québec based publisher but its also shows the CEFR *AND* The Canadian levels to.  I'm trying to learn quebecois french (i know european french already).  If the 'par ici' books aren't in european french, does anyone have any books they know of to help with learning quebecois? (I know they are similar to each other, but I want to learn the quebecois version though)	1642391704.0	s5u9hg	/r/French/comments/s5u9hg/any_one_know_if_par_ici_french_books_are/	Any one know if 'Par Ici' french books are quebecois or european french?
hcovw	I believe that they both mean "you will have to (do something)". Is one more formal or literary than the other?  **edit :** I have noticed the construction "vous aurez [qch] à [vb.]". For example "vous aurez toute sortes de batailles à livrer". Is this nuance something that can be expressed with "devrez"  ?	1642408447.0	s5z64h	/r/French/comments/s5z64h/what_is_the_difference_between_vous_aurez_à_faire/	What is the difference between "vous aurez à (faire qch)" vs "vous devrez (faire qch)" ?
tsxa2rw	Hi, I’m a beginner in French. I wanted to know which of these is correct? I want to say “the house of dreams”, and not “dream house”. Thank you!  1. La maison de rêves 2. La maison des rêves 3. La maison de rêve?  I think it’s 2, but I’m not quite sure if de or des comes before plural nouns when preceded by another noun. I’ve searched for this rule, but can’t find much information.	1642410683.0	s5zqx4	/r/French/comments/s5zqx4/plural_noun_after_de/	Plural noun after “de”
10jy23	More lip rounding with jeu?	1642426640.0	s647yz	/r/French/comments/s647yz/les_mots_je_et_jeu_se_prononcenttils_différemment/	Les mots je et jeu se prononcent-t-ils différemment ?
fh0pavtd	I studied French at the Alliance Francaise from 2017-2019. I did all the courses offered, A1-C1. Instead of taking the DELF at each level, I decided I'd wait to take the DALF after I finish the highest level because, at that point, the lower ones wouldn't matter... I regret not taking them now. I took the A1, did pretty well, and decided I'd wait to take the C1. I planned on taking the DALF 3 months after I finished the C1 course, in March 2020. It got postponed to June and then just cancelled because, yknow.  I finally took it in December 2021, two years after finishing the course. I didn't stay in touch with the language as much as I should have and definitely did not prepare well enough. I was still hoping I'd at least pass, but I didn't.  I'm not sure what to do next. Do I take a step back and attempt the B2 instead? Do I retake the C1 after 3-6 months of preparation? Would it be stupid of me to give myself 6 months and attempt the C2?  If anyone has had a similar experience or could offer some guidance, I'd appreciate some advice. Thanks!	1642430069.0	s65dmz	/r/French/comments/s65dmz/i_didnt_pass_the_dalf_c1_now_what/	I didn't pass the DALF C1. Now what?
25frc765	I'm watching a French movie on Netflix with French subtitles ("How I Became a Superhero").  At one point I was very confused about which character was which, because someone was referring a police lieutenant as "le lieutenant" even though she was female. Here's a snippet of dialogue (more than in the subtitles, actually, which had dropped some words):  >Moreau, je vous présente ***le*** Lieutenant Schaltzmann. ***Elle*** a passé quatre ans à la brigade financière.  I'm used to professions changing to match the gender of the person, but maybe that doesn't carry over to military and law enforcement titles or something? Or was this an error?	1642441527.0	s69w4n	/r/French/comments/s69w4n/is_lieutenant_always_masculine/	Is "lieutenant" always masculine?
al4yalxf	So I started learning frnech a few days ago through duo lingo A good app but why THE ACTUAL CRAP do you write "an american woman" like  "une femme américaine"??????	1642449961.0	s6deo6	/r/French/comments/s6deo6/i_have_a_bone_to_pick_with_whoever_decided_to/	i have a bone to pick with whoever decided to make the writing and speaking of french so weird
6xdieasf		1642443994.0	s6axh7	/r/French/comments/s6axh7/struggling_to_comprehend_this_one_sentence_i/	Struggling to comprehend this one sentence. I translate it as "I think that he has more than 35 but I don't know, it's like with the other animals: I never know, when we come to Saint-Gil, if there aren't some pigs or some other animals, that there weren't a month ago." which doesn't make sense.
f8mwjptr	Bonjour à tous ! Quelle est la différence entre un gâteau et un cake ? Je viens de lire une liste d'aliments avec ces deux options.   Y a-t-il un mot équivalent en anglais pour c'est deux-là ? Je croyais que "gâteau" voulait dire "cake" en anglais haha  Merci beaucoup (une anglophone confuse)	1642458028.0	s6gp5q	/r/French/comments/s6gp5q/différence_entre_gâteau_et_cake_en_français/	Différence entre "gâteau" et "cake" en français
eivaylzj	Salut, je cherche des livres en français qu'un débutant peut lire. Toutes les suggestions sont appréciées!	1642460490.0	s6hnpd	/r/French/comments/s6hnpd/livres_de_français_pour_débutants/	Livres de français pour débutants
9j1iq82j	Quels types de podcast écoutez-vous ?  La semaine dernière, j'ai écouté "L'Employé", ça s'agit d'un podcast fiction sur un employé qui doit interroger des déviants qui n'obéissent pas au gouvernement totalitaire. Chaque épisode un nouveau cas se déroule et drame arrive. Les actuations sont faites par des professionnels et sont très naturelles.   J'ai bien aimé ce podcast par ce que je n'avais pas écouté quelque chose pareil avant de ça.     &#x200B;  https://preview.redd.it/0yxr162w2cc81.jpg?width=640&format=pjpg&auto=webp&s=4ff6d64a7ba663bce9335682e822df3256103619  À part ça, des autres podcasts que j'écoute souvent sont :  * Les actus du jour - Hugo Décrypte (Nouvelles) * Dans La nuit (Fiction, Horreur) * Fin du game (Jeux Vidéo)     J'aimerais connaître plus des podcasts que vous écoutez.	1642462565.0	s6igls	/r/French/comments/s6igls/recommandation_du_podcast_lemployé_et_discussion/	Recommandation du Podcast : L'Employé. Et discussion d'autres podcasts intéressants
gzdhrg6n	Salut à tous. J'aimerais avoir quelques suggestions de bons livres avec un langage familier pour améliorer mon lexique . Parce que quand j'essaie de parler à mes amis français, j'ai du mal à les comprendre ou à leur parler quand ils l'utilisent des expressions familières. Par exemple : ( Être à la bourre.  Ça me prend la tête …)  Je comprend le français normal mais quand j’essaye a parler Je commence à bégayer Et je ne trouve pas les bons mots à utiliser	1642463523.0	s6isz3	/r/French/comments/s6isz3/looking_for_good_books_to_read/	Looking for good books to read.
xojudjo		1642471486.0	s6lmod	/r/French/comments/s6lmod/when_does_the_pronoun_come_before_the_subject/	When does the pronoun come before the subject? (Cette décision, quand l’a-t-elle prise)?
c3j0da6s	Do you need to buy your own textbook and exercise book for Alliance Francaise courses? Where would you buy them?	1642474193.0	s6ml1m	/r/French/comments/s6ml1m/alliance_francaise_textbook/	Alliance Francaise Textbook?
8145bj7m	The question is to find the grammar errors in the dialogue:  mom - kuldeep, aujourd'hui c'est dimanche, qu est-ce que tu vas faire?  him - rien, maman, je reste a la maison  mom - donc, te habille vite et vas a la pharmacie pour acheter des medicaments, puis pars a la banque en velo pour retirer de l'argent.  him - mais, maman, c'est dimanche, je veux regarder la television  mom- tu peux regarder la television quand tu vas revenrir a la maison  him - donc, je vais a la banque a auto  mom - d'accord.	1642491757.0	s6s0ik	/r/French/comments/s6s0ik/can_someone_help_me_with_this_question/	Can someone help me with this question?
ipi5isa2	\- Quoi qu'il arrive   \- N'importe quoi  \- Quelle que soit  Do all of these mean whatever (happens) ?	1642497966.0	s6tjd3	/r/French/comments/s6tjd3/is_there_any_difference_among_the_following/	Is there any difference among the following?
988l22pr	Currently I’m B1 and about to spend 6 months in France. At the end of the 6 months I hope to be at B2 level or at a level where I can work in French, is this too unrealistic or possible? I’d be working in marketing	1642501541.0	s6ufmn	/r/French/comments/s6ufmn/french_learners_who_found_a_job_in_france_what/	French learners who found a job in France, what level of French did you have?
6q4lxdhw	I bought a t-shirt in Paris that says “Le lundi, je suis au bout de ma vie” or “On Monday, I’m at the end of my life”. What would be a similar expression in the US? “Mondays are the worst?”	1642365663.0	s5l0mo	/r/French/comments/s5l0mo/need_help_with_translation/	Need help with translation
6dl273lz		1642370925.0	s5mztt	/r/French/comments/s5mztt/how_to_type_french_accent_using_us_keyboard/	How to type French accent using US keyboard?
9h2f21l9	As the title says, can you guys recommend any beginner level podcasts?	1642370968.0	s5n0f3	/r/French/comments/s5n0f3/podcasts_for_beginner_listeners/	Podcasts for beginner listeners?
505dz3wu	What are the best websites to read about football in French, specifically for Ligue 1? Thanks!	1642375928.0	s5ou7n	/r/French/comments/s5ou7n/what_are_the_best_websites_to_read_about_european/	What are the best websites to read about European Football in French?
inqlzsh0	Hi! I'm interested in doing the Explore program in Canada (been wanting to do it for years, and finally have the time to!). I was wondering if I could get some insight from other people who've done it around my age (23y/o). After searching through some Reddit posts and hearing what people have to say, right now my top 3 choices are:  1. Université Sainte-Anne, Nova Scotia ([info](https://englishfrench.ca/event/universite-sainte-anne/)) 2. French Immersion School, Western University (Trois-Pistoles, QC) ([info](https://englishfrench.ca/event/french-immersion-school-western-university-trois-pistoles/)) 3. Université du Québec à Chicoutimi ([info](https://englishfrench.ca/event/universite-du-quebec-a-chicoutimi/))  in that order, but this order is flexible and I'm open to other areas too. I can only do the summer session, though, which I think is different than most of the posts I've seen. I've heard from some people that I might not enjoy myself as much if I'm around people who are a lot younger. For example, I've heard amazing things about Saint-Anne, but it's 16+ for the summer session and I'm not sure of the proportion of older vs younger students. I wonder if anyone who did it beyond 21 could give me some insight?  Also I've heard host families are the best way to learn French, but I'm a tad nervous because I've heard it can be really hit and miss about your luck of how the host family welcomes you, and would you get to meet as many people in the program?  Finally, would there be enough time to do a part time job on the side? I might have to continue with some (remote) stuff in the summer.  Any advice would be much appreciated!  Ps. For reference, I'd call myself around A2/B1 French and looking to get to at minimum B2.	1642376490.0	s5p1jf	/r/French/comments/s5p1jf/canada_fsl_explore_program/	Canada FSL Explore Program
5n7ohec8	I’m looking for a French immersion study abroad program for my daughter for the summer. She’s 16 and will be a senior in high school next year. She has been to Paris before but open to anywhere in France. Everything I find online has so many mixed reviews it’s hard to know what would be good! She’ll finish up her fourth year of French this year and would love to spend 2-6 weeks in a program. Thank you!!	1642389441.0	s5tiom	/r/French/comments/s5tiom/looking_for_a_french_immersion_summer_program_for/	Looking for a French immersion summer program for my 16 year old daughter.
2fo5x7mp	Any one know if "Par Ici" french books are quebecois or european french?  Its published by 'md editions' which is a québec based publisher but its also shows the CEFR *AND* The Canadian levels to.  I'm trying to learn quebecois french (i know european french already).  If the 'par ici' books aren't in european french, does anyone have any books they know of to help with learning quebecois? (I know they are similar to each other, but I want to learn the quebecois version though)	1642391704.0	s5u9hg	/r/French/comments/s5u9hg/any_one_know_if_par_ici_french_books_are/	Any one know if 'Par Ici' french books are quebecois or european french?
hcovw	I believe that they both mean "you will have to (do something)". Is one more formal or literary than the other?  **edit :** I have noticed the construction "vous aurez [qch] à [vb.]". For example "vous aurez toute sortes de batailles à livrer". Is this nuance something that can be expressed with "devrez"  ?	1642408447.0	s5z64h	/r/French/comments/s5z64h/what_is_the_difference_between_vous_aurez_à_faire/	What is the difference between "vous aurez à (faire qch)" vs "vous devrez (faire qch)" ?
tsxa2rw	Hi, I’m a beginner in French. I wanted to know which of these is correct? I want to say “the house of dreams”, and not “dream house”. Thank you!  1. La maison de rêves 2. La maison des rêves 3. La maison de rêve?  I think it’s 2, but I’m not quite sure if de or des comes before plural nouns when preceded by another noun. I’ve searched for this rule, but can’t find much information.	1642410683.0	s5zqx4	/r/French/comments/s5zqx4/plural_noun_after_de/	Plural noun after “de”
10jy23	More lip rounding with jeu?	1642426640.0	s647yz	/r/French/comments/s647yz/les_mots_je_et_jeu_se_prononcenttils_différemment/	Les mots je et jeu se prononcent-t-ils différemment ?
fh0pavtd	I studied French at the Alliance Francaise from 2017-2019. I did all the courses offered, A1-C1. Instead of taking the DELF at each level, I decided I'd wait to take the DALF after I finish the highest level because, at that point, the lower ones wouldn't matter... I regret not taking them now. I took the A1, did pretty well, and decided I'd wait to take the C1. I planned on taking the DALF 3 months after I finished the C1 course, in March 2020. It got postponed to June and then just cancelled because, yknow.  I finally took it in December 2021, two years after finishing the course. I didn't stay in touch with the language as much as I should have and definitely did not prepare well enough. I was still hoping I'd at least pass, but I didn't.  I'm not sure what to do next. Do I take a step back and attempt the B2 instead? Do I retake the C1 after 3-6 months of preparation? Would it be stupid of me to give myself 6 months and attempt the C2?  If anyone has had a similar experience or could offer some guidance, I'd appreciate some advice. Thanks!	1642430069.0	s65dmz	/r/French/comments/s65dmz/i_didnt_pass_the_dalf_c1_now_what/	I didn't pass the DALF C1. Now what?
25frc765	I'm watching a French movie on Netflix with French subtitles ("How I Became a Superhero").  At one point I was very confused about which character was which, because someone was referring a police lieutenant as "le lieutenant" even though she was female. Here's a snippet of dialogue (more than in the subtitles, actually, which had dropped some words):  >Moreau, je vous présente ***le*** Lieutenant Schaltzmann. ***Elle*** a passé quatre ans à la brigade financière.  I'm used to professions changing to match the gender of the person, but maybe that doesn't carry over to military and law enforcement titles or something? Or was this an error?	1642441527.0	s69w4n	/r/French/comments/s69w4n/is_lieutenant_always_masculine/	Is "lieutenant" always masculine?
al4yalxf	So I started learning frnech a few days ago through duo lingo A good app but why THE ACTUAL CRAP do you write "an american woman" like  "une femme américaine"??????	1642449961.0	s6deo6	/r/French/comments/s6deo6/i_have_a_bone_to_pick_with_whoever_decided_to/	i have a bone to pick with whoever decided to make the writing and speaking of french so weird
6xdieasf		1642443994.0	s6axh7	/r/French/comments/s6axh7/struggling_to_comprehend_this_one_sentence_i/	Struggling to comprehend this one sentence. I translate it as "I think that he has more than 35 but I don't know, it's like with the other animals: I never know, when we come to Saint-Gil, if there aren't some pigs or some other animals, that there weren't a month ago." which doesn't make sense.
6dcsk2v2		1642673870.0	s8ftxs	/r/French/comments/s8ftxs/jai_marre_de_qqch_ou_jen_ai_marre_de_qqch/	J’ai marre de qqch ou j’en ai marre de qqch?
dvodvevu	Somewhat new to learning french. The phrase above translates to "...so it's not always easy to tell it apart". Why are "de" and "le" there? And what does that literally translate to?	1642711688.0	s8sjjs	/r/French/comments/s8sjjs/donc_cest_pas_toujours_facile_de_le_distinguer/	"...donc c'est pas toujours facile de le distinguer."
6hzwc8px	I did my Delf-B2 exam back in November 2021, fast forward 3 months, nothing yet. Is there a site I can check the marks on? My ID is 961009-011737	1642711732.0	s8sk4u	/r/French/comments/s8sk4u/where_can_i_find_my_delfb2_results/	Where can I find my Delf-B2 results?
diqssv6t	Hello all. I am looking for any tips anyone might have in regards to getting pronunciation correct. When I was about 5 years old I had incredibly bad speech impediments that I had to go to speech therapy for. Could not say my w's, l's, th's, ch's, sh's and worst of all my r's that took 3 years of multiple a week sessions to help correct. As I'm Canadian I spent 10 years learning French and still have never been able to get the correct pronunciations down no matter what teacher I had.   I've been trying to learn French more now with Duolingo and Rosetta Stone to start but it's frustrating as I've never been able to do the guttural R sound - never been able to roll my R's either. Does anyone have any tips or tricks on how to get that sound correct as I'm feeling at a loss here. Thanks so much for any suggestions you might have!	1642720792.0	s8vri2	/r/French/comments/s8vri2/any_tips_on_french_pronunciation/	Any tips on French pronunciation?
8qvq6x0h		1642726186.0	s8xo4n	/r/French/comments/s8xo4n/si_le_mots_biatch_à_le_même_sens_que_pte_on_peut/	Si le mots "Biatch" à le même sens que "P*te" on peut dire fils de biatch?
asnifsuy	 [Francais interactif (utexas.edu)](https://www.laits.utexas.edu/fi/)   &#x200B;  That is the link. Has anyone tried it? How helpful is it?	1642727092.0	s8xz2b	/r/French/comments/s8xz2b/what_do_you_think_of_the_university_of_texas_free/	What do you think of the University of Texas free French course?
a3syd		1642727930.0	s8y98x	/r/French/comments/s8y98x/le_mot_wordle_en_français/	Le Mot - Wordle en français!
cfrtlvfc	How can I estimate my score by the number of questions I answer? For instance, if I answer 40 questions out of 60 in the listening part, what will be my score out of 699?	1642751907.0	s95nxt	/r/French/comments/s95nxt/how_is_teftcf_score_calculated_per_question/	How is TEF/TCF score calculated per question?
a5z576mf	Could you share any only french books that you read or are reading right now?  I'm just trying to find some good french books to read	1642752521.0	s95tim	/r/French/comments/s95tim/good_online_french_books_you_read/	Good online french books you read
aasrr	Et de manière générale, il y a-t-il un point commun avec les mots terminant avec un x muet ?	1642752607.0	s95u7e	/r/French/comments/s95u7e/etymologie_doù_vient_le_x_de_aux_fromage_aux/	Etymologie: d'où vient le x de "aux" (fromage aux herbes) ?
a5z576mf	As a native or a person who is fluent in French, what would you say are the important aspect to master?   I know about reading, listening, speaking etc... could you be more specific about it	1642752670.0	s95us1	/r/French/comments/s95us1/what_do_you_have_to_master_to_become_fluent_in/	What do you have to master to become fluent in french?
ipi5isa2	je + verb - j'ai été = J'ai été **mordu** par un vampire. , J'ai été **dévoré** vivant. , J'ai été **payé** pour être ici.  je + just the state - j'étais = J'étais ici tout le temps. , j'étais malade.	1642755837.0	s96l9q	/r/French/comments/s96l9q/would_this_be_a_good_way_of_differentiating/	Would this be a good way of differentiating between 'j'étais' and 'j'ai été' ?
ipi5isa2	I've read this sentence in a book *C'est le plus beau spectacle que j'aie vu de ma vie.* It completely confused me because why would we use the subjonctif passé? I went to the deepl translator online and typed in: *It's the best cake I've ever tasted* which game me *C'est le meilleur gâteau que j'ai jamais goûté.* Which one is correct in these situations? Passé composé or subjonctif passé?	1642761236.0	s97vlc	/r/French/comments/s97vlc/could_someone_help_me_on_differentiating_between/	Could someone help me on differentiating between passé composé and subjonctif passé in this particular matter?
cledv	Bonjour à toutes et à tous, I hope this little guide helps new learners, just like it helped me. Knowing English and Spanish, I found it weird in the beginning how the French negation requires a second word in a different part of the sentence, sometimes not used at all, and I was always using it the wrong way. A friend of mine explained it perfectly and I hope this helps for anyone here struggling:  Brief history: PAS means “step.” In old French, it was used to emphasize a phrase.  * “I can’t move” « je ne marche » * “I can’t move a step!” « je ne marche pas! »  Eventually it became the standard and now a grammatical rule. So for English speakers, think of the word: SHIT. When you really need to emphasize something, you don’t just say “I can’t see,” you say “I can’t see shit!”  STRUCTURE: Subject + negation + verb + (emphasis). The second part of the negation, the emphasis, *comes after the verb*.  * I can’t see shit, I can’t hear shit, I don’t know shit. * Je ne vois pas, je n’entends pas, je ne sais pas.  For French, the emphasizing word is necessary. Now, sometimes you omit the “pas” when there’s a second negation, just like you would in English. For purposes of this example, our use of “anything” is the French word “nothing” - « rien *»*  * “I don’t know *anything” - « J*e ne sais *rien »* * “I don't understand *anything" - «* Je ne comprends *rien »*  You don’t say “I don’t know shit anything” just like you won’t say « Je ne sais pas rien ». Instead, you replace the emphasizing word (shit) with the second negation (nothing/anything); in French, you replace the “emphasizing” word (pas) with the second negation « rien »  Finally, a word starting with "not" in French simply uses the pas. *« pas de problème »* ; for that there is no equivalent, so just remember it; it's pretty simple.  It’s a hilarious example but laid it out perfectly for me to understand sentence structure with negations, so I hope this helps you too :)	1642762380.0	s985fz	/r/French/comments/s985fz/a_little_guide_to_how_the_negation_works_ne_pas/	A little guide to how the negation works: ne + pas
8mxl3ghi	[140 Lessons to Learn French](https://youtube.com/playlist?list=PLZNV0gmRjgU_e7vUyeuO6UT2z7owFv994)  This playlist has a random list of grammar lessons in no particular order, covering absolute beginner's lessons and intermediate lessons.   I am finding it to be an excellent revision tool  to watch over several days, when I have a spare moment.	1642768486.0	s99raq	/r/French/comments/s99raq/this_is_a_useful_youtube_playlist_for_revising/	This is a useful YouTube playlist for revising French grammar
8jy6p1vi	Merci d'avance !	1642768706.0	s99tco	/r/French/comments/s99tco/que_veut_dire_pour_dans_les_deux_phrases/	Que veut dire « pour » dans les deux phrases suivantes? « Ces inondations ont pour origine des pluies successives et soutenues. »; « Ce concours a pour exigence de réaliser un film en trois minutes. »
7avlrh0n	Just wondering if anybody had any opinions or info about the private/semi-private lessons offered at Alliance Française. How are they? Is it worth the price?	1642777812.0	s9cv1k	/r/French/comments/s9cv1k/has_anybody_taken_privatesemiprivate_lessons_at/	Has anybody taken private/semi-private lessons at Alliance Française?
8qvq6x0h		1642778431.0	s9d37e	/r/French/comments/s9d37e/des_synonymes_des_expressions_ça_va_et_ça_roule/	Des synonymes des expressions "Ça va" et "Ça roule" langage parlée
jex98	I've come across the term vision du monde, which I can directly translate as "vision of the world" or "world vision," but I get the sense this is an idiom. What does it mean?	1642784616.0	s9ffoj	/r/French/comments/s9ffoj/vision_du_monde_idiom/	"vision du monde" - idiom?
9kkgrriy	Is it translated as “Son vrai nom est Kang Seulgi?”  Merci beaucoup	1642786956.0	s9gbpf	/r/French/comments/s9gbpf/how_to_say_her_real_name_is_kang_seulgi/	How to say “Her real name is Kang Seulgi”
9kkgrriy	Is it “Je prends des médicaments tous les jours pour mes allergies” ?  Merci ! I am having a hard time with choosing the correct verb (if it’s take or drink), and correct noun for medicine	1642789484.0	s9hawh	/r/French/comments/s9hawh/comment_on_dit_i_take_medicine_everyday_for_my/	Comment on dit “I take medicine everyday for my allergies” en français ?
aefp6xz1	Hi, I am really sorry for the request and my grammar, I am not a native englisch speaker and don't even understand a word of french. I am trying to aquire a french book that my girlfriend desperatly needs for a small paper she is writing and we cant find it anywhere. The title is  "Le français en Belgique : une langue, une communauté" by Paul Aron published in 1999(or 1997 there are two diffrent dates in the sources we found). Although I think there where other authors involved two.  I would be imensly greatful if those among you, able to use the french languge, could check some french book stores or similar to help me find it   Thanks a lot guys!!!	1642795366.0	s9ji8x	/r/French/comments/s9ji8x/help_needed_sourcing_a_french_book/	Help needed sourcing a french book
5cvv5	Hey everyone, I'm getting started with learning French and I'm looking for some French song recommendations! I enjoy synthpop and new wave, such as Depeche Mode, TR/ST, New Order, and The Knife. On the flip side, I also really like relaxed, spaced-out stuff like Sunset Rollercoaster's entire discography, as well as bossa nova (Stan Getz/Joao Gilberto etc), jangle pop (think Camera Obscura), and dreampop (like Slowdive).  On the jangle pop side, I like Doggy. Here's Je suis né sur un bateau: https://www.youtube.com/watch?v=VFuANhfFBiw  Onto the synthpop/new wave/coldwave, I like the two below:  Opéra De Nuit - Ami ! Amant !:  https://www.youtube.com/watch?v=cxoICiLKFYA  Alain Bashung - Alcaline: https://www.youtube.com/watch?v=OAi-wRUCEKw  And a bit more on the bossa nova and jazzy side, I dig Coralie Clément's L'ombre et la lumière: https://www.youtube.com/watch?v=e9ZVpTvDj_A  So yeah, if anyone has any recommendations, I'd seriously appreciate it! Thanks in advance.	1642801396.0	s9lshr	/r/French/comments/s9lshr/french_music_recommendations/	French music recommendations?
4w5qrkw2	In Canadian french are these words correct? Or do you call these something else?     Un matelas – mattress   Un couvre-lit – bedspread   Un drap – sheet    Une couverture – blanket   Un réveil – alarm clock   Une coiffeuse – Vanity   Un tiroir- the drawer itself  Un coffre – a safe   Des rideaux - curtains   tringles à rideaux - curtain rods   Le ventilateur - fan  Un placard – closet/cupboards   Le grenier – attic  which are preferred?   Le salon/la salle de séjour - living room   Le sous-sol/la cave – basement   Une couette/ le duvet – comforter/duvet  Edit: thanks to everyone who took the time to answer and made everything so much clearer.	1642804715.0	s9n1pk	/r/French/comments/s9n1pk/canadian_french_vocabulary_help_needed/	Canadian French vocabulary help, needed.
8qvq6x0h		1642807954.0	s9o8kz	/r/French/comments/s9o8kz/i_dont_give_a_fuk_anymore_in_french_is_je_men_bat/	"I don't give a fu*k anymore" in French is "Je m'en bat les couilles... ?
hwl0jn8z		1642816967.0	s9rbsu	/r/French/comments/s9rbsu/whats_your_favorite_french_slang_word/	What’s your favorite French slang word?
ipi5isa2	 *pourquoi est-ce qu'il a été là hier à 5 heures ?*   Since I know exactly when it happened, shouldn't the passé composé be used automatically?	1642841082.0	s9y5ow	/r/French/comments/s9y5ow/if_i_have_the_exact_time_frame_of_when_something/	If I have the exact time frame of when something happened, do I automatically use the passé composé?
67pkz	I've been searching off and on for a little while for how the Deaf or Hard of Hearing would refer to our struggles. I find a lot about the various sign languages, which is something I should learn more of, but it's not exactly what I'm looking for.   I'm still stumbling through the hearing world because I have some hearing.  I haven't seen disabilities in general covered in the classes/lessons/apps I've used, and I have no idea how to describe my own issues.   I started learning before I started losing my hearing so I sound *okay* if I speak slowly (in either language, I make audible mistakes speaking English now too). I'd like to be able to explain that I can't understand or I jumble up my words because I can't hear/struggle with audio processing rather than simply not knowing the words. Sometimes it's both :P.  Also if anyone has focused resources or experience learning like me, I'll happily take the advice. I feel like my writing/speaking is lagging so far behind my reading skill partially because I can't hold normal conversations.	1642873822.0	sa7wom	/r/French/comments/sa7wom/deafhard_of_hearing_descriptions/	Deaf/Hard of Hearing descriptions
af1ljlfx	Panajachel, c’est un petit coin en l’Amérique central. C’est une ville tranquille, belle mais elle est très internationale. Il y a beacoup d’entrangers du monde entier.	1642877879.0	sa9dii	/r/French/comments/sa9dii/hello_à_tous_does_this_make_sense/	Hello à tous! Does this make sense?
2fo5x7mp	I'm an advanced french level reader and was wondering if anyone has french series or books that they'd recommend? I'm looking for France / Quebec french authors mostly by the way.	1642878311.0	sa9jce	/r/French/comments/sa9jce/any_french_book_or_series_that_i_you_recommend/	Any french book or series that I you recommend?
dqk4rahf	Hello I just started to learn french. but while getting some notes on pc, I cannot write "e" letter with  (') for example "très". how can we use keyboard effective and well?	1642888733.0	sad986	/r/French/comments/sad986/shortcuts_on_keyboard/	shortcuts on keyboard.
eqwl9l19	Merci	1642894214.0	saf9o8	/r/French/comments/saf9o8/salut_i_am_currently_learning_french_as_per_my/	Salut I am currently learning French as per my job I was wondering if anyone had a tips or fun free way to speed up the process
hhwjhuy5	je relis, pour la 50ème fois, [ce livre](https://www.goodreads.com/book/show/1939390.Izo). si vous connaissez Izo, pourriez-vous me conseiller d'autres auteurs/livres du même gôut?  merci d'avance	1642895746.0	safsqw	/r/French/comments/safsqw/conseil_pour_bouquin_svp/	conseil pour bouquin, svp
arejw1h	A little introduction Hello everybody! I’ve been passively following this subreddit for a couple of months now, to remind myself to study french, and I finally decided to pick it up.  To be completely honest I’m not 100% new to french, as I studied it in middle school (very lazily, but still, I studied it). Plus I’m italian and I can speak english to a above-mediocre/mildly-advanced level.    I don’t have much time as of right now, but I’ve made my new year resolution to learn a third language, and I chose French! However some question came up to mind immediately:  How do you approach a language as a bilingual? Is it ideal to incorporate both your already spoken languages to your daily practicing? Should I start watching French movies/tv shows with alternating english and italian subtitles?  Because I started with reading a little bit about how some the grammar works and I downloaded Duolinguo just to get dome work done, even if it’s not much, however I did all of that strictly in italian. I’m just afraid my learning process might become too one-sided, but at the same time I thought to myself thst as long as I study it, there shouldn’t be any problem. What do you recommend I’d do?   Also if you could recommend some pieces of media (music/shows/movies/…) in French for a beginner, i’d really appreciate it!  Merci beaucoup!    TL;DR:  I want to learn french as an itaisn who also speaks a bit of english. I wanted to know if i need to practice this new language both in english and italian, or if it’s ok to just do it in one language. also if you have some music/shows etc.  that can really benefit for a beginner, I’d really appreciated it if you dropped them down below	1642895766.0	safszl	/r/French/comments/safszl/how_to_approach_a_new_language_as_a_bilingual_and/	How to approach a new language as a bilingual and other questions about French
iodkh3av	I only know the alphabet, colors, shapes, numbers, months, days of the week, few dozen verbs in the present tense, and a few other lists of vocabulary. The gist is I only have the ability to understand baby songs and media, anything else is above me. They're annoying as hell and discouraging me from continuing to learn (even though I'm make no or slow progress). How can I keep learning despite I'm not able to enjoy it since I'm such a beginner?	1642900763.0	sahiqy	/r/French/comments/sahiqy/i_can_only_understand_children_songs_and_its/	I can only understand children songs and it's annoying!
138kmm	Bonjour,   Je suis allée sur cette site pour améliorer ma compréhension orale.  [https://savoirs.rfi.fr/en/apprendre-enseigner/societe/argumenter-le-vote-electronique/1](https://savoirs.rfi.fr/en/apprendre-enseigner/societe/argumenter-le-vote-electronique/1)  Dans la transcription, il y a une partie dans laquelle le locuteur a dit 'C'est-à-dire, on ne peut pas garantir, on ne peut pas avoir un protocole de vote électronique qui **garantisse** deux propriétés qui pourtant nous sommes, nous semblent absolument indispensables'.   J'ai aucune idée pourquoi on utilise la forme du subjonctif ici?   Merci beaucoup pour votre aide!	1642903698.0	saihdf	/r/French/comments/saihdf/question_sur_lemploie_du_subjonctif_forme_du/	Question sur l'emploie du subjonctif forme du verbe garantir
8zpwqmee	Im buying some Asian snacks and sending it to a french pen pal, im writing in a letter I bought him Asian Snacks. I googled the word and snacks comes up as collations so would I write. Je t’ai acheté des collations Asiatique?	1642912054.0	sal34p	/r/French/comments/sal34p/french_word_for_asian_snacks/	French word for Asian Snacks?
71d1x56m	Looking for volunteers for Voice Recordings needed for a youth leadership project in FRENCH, Italian  Portuguese, and Chinese.  Any Gender  Will send link to book (5 mins read in English): Giselle Learns About Alzheimer's (pdf file)   Send MP3/MP4 recording to: learnwithgiselletoday@gmail.com by February 27  Thank you for help in advance.	1642915527.0	sam3zs	/r/French/comments/sam3zs/childrens_audio_book_in_french_volunteer_needed/	Children's Audio Book in French - VOLUNTEER NEEDED
a0n8w9v4	In about a year and a half, I might be going to France for a year or two during university! The uni teaches in English, so school wise I don't need to know any French, but I figured for living there it would be good to start preemptively learning on the side/when I have time to get ahead. + For personal interest reasons, I've been slightly interested in learning French for a bit, so I figured this would be a good chance/justification to do so!   I did see the resource tab, but was wondering what people found they had the most success in/what helped them the most with learning? Currently I know essentially no French, but I do know conversational Japanese and took a couple of years of Spanish, which I'm hoping could help a little!   I've started with duolingo for now/have been thinking of making little quizlet sets for numbers/basic adjectives/colors/etc to start out. Any suggestions?	1642919583.0	san85v	/r/French/comments/san85v/i_might_have_to_learn_french_and_was_looking_for/	I might have to learn French, and was looking for suggestions!
8qpqavi	(36 15 seems to have something to do with the former 'Minitel')  Could this mean something like:  'A (typical) day in the life of Jacques' … ?	1642927400.0	sap8bj	/r/French/comments/sap8bj/36_15_la_vie_de_jacques/	?36 15? la vie de Jacques
45x5n0sp	Donc, je PENSE que la phrase "Je suis pas sur" est la meme que dans anglais, mais une possibilite est aussi "Je suis pas certain" (a mon avis, au moins). Quelle est la meillure?   &#x200B;  (dsl, j'ai pas un clavier francais)	1642927747.0	sapb0l	/r/French/comments/sapb0l/comment_dire_im_not_sure_en_francais/	Comment dire "I'm not sure" en francais?
e2z6vzz4	i was talking to someone random on a game and they spoke french, they asked me "tu est américaine?" i said yes and i asked why they said tu est instead of tu es and i was told "parce que je te le demande" (or something like that) do french speakers really use tu est instead when asking a question? i googled it and didn't see anything on the first few results so i had decided to just ask here	1642937195.0	sarne1	/r/French/comments/sarne1/why_did_someone_native_french_speaker_use_tu_est/	why did someone (native french speaker) use "tu est"??
op56kc		1642904860.0	saiurz	/r/French/comments/saiurz/eli5_cétait_tout_juste_ce_quil_y_a_de_mieux/	ELI5: c'était tout juste ce qu'il y a de mieux == c'était vraiment le top ( l'explication pièce à pièce de la phrase? )
ido8ei2l	So about two weeks ago I came across a comment on here talking about a show (?) on YouTube, in French, covering different topics. I thought I saved it but I'm checking through my bookmarks right now and I can't find it. Does anyone know what it is? I remember one video about the human brain whose comments were praising the show as a whole  edit: apparently it was InnerFrench. I remembered the name but didn't recognize them as the same people	1642942674.0	sat3sk	/r/French/comments/sat3sk/need_help_with_finding_youtube_channel/	Need help with finding YouTube channel
csaq1uzz	Thought it may be a good way to learn the languge, s'il vous plaît	1642946715.0	saud86	/r/French/comments/saud86/hi_does_anyone_know_some_french_fairy_tales/	Hi, does anyone know some french fairy tales?
4q1du6pg	This sentence means that:  1. The boss likes us.  2. We liked the boss.   I am confused because my translator tells me that the correct answer is number 2 but in all the sentences with the verb PLAIRE it is always the opposite.  For example in "J'ai plu à mon chef." means that my boss liked me right? Not the other way around, in that case the answer shouldn't be number 1? at least that's what I learned. Please help 🙏	1642949168.0	sav6as	/r/French/comments/sav6as/nous_avons_plu_à_le_chef/	NOUS AVONS PLU À LE CHEF.
8fa00afz	On the [LawlessFrench](https://www.lawlessfrench.com/grammar/dans/) website, it says that dans can be used for saying when something is physically in or on something.   Example:  Dans la rue/dans le carton = in the road, in the box  Dans l'avion/l'escalier= on the plane/on the stairs  So, why can't I say dans le tableau (on the table) instead of sur le tableau?  Similarly, I see en being used when I would've used dans. I can't think of an example right now but could someone explain this?	1642950792.0	savqtn	/r/French/comments/savqtn/dans_sur_en_confusion/	Dans, Sur, En Confusion
5kvlonok		1642953850.0	sawtyr	/r/French/comments/sawtyr/do_you_generally_use_do_or_ut_when_talking_about/	Do you generally use do or ut when talking about music?
zdy2quz	Hi all,  Currently an American living in Paris (for the 90 days allotted to tourists). I'm looking for ways to stay beyond my 90 days, and one I've been considering is enrolling in a language school and getting a student visa through that. To qualify, I know programs must amount to more than 20 hours a week for 3+ months. Does anyone have experience getting a visa this way? If so, I'd love to hear your thoughts on that process, what schools are good to apply to (I know programs are typically expensive. Cheaper the better!), etc. Thanks!	1642958024.0	sayfcj	/r/French/comments/sayfcj/language_program_student_visa/	Language Program | Student Visa
ixg5x	I know the differences can be quite subtle to non-native French speakers (such as myself), but why is there no accent on the e in cher? Am I missing something? Seems like the two versions of the same word should have the same accents. Are there other examples of this in French and I just haven't seen them yet?	1642963182.0	sb0h6i	/r/French/comments/sb0h6i/why_are_cher_and_chère_pronounced_the_same/	Why are cher and chère pronounced the same?
h6p9z	Hi guys. I wanted to rewatch some of my favourite shows on my streaming platforms but I can’t find French in most of them :( (audio and subtitles). I’m from Chile and I have HBO Max, Disney, Crunchyroll, Prime Video and Netflix.   What can I try instead?	1642966967.0	sb1ymy	/r/French/comments/sb1ymy/im_having_trouble_finding_shows_in_french_dub_and/	I’m having trouble finding shows in french (dub and sub) on multiple streaming platforms
5ltzbac6	Bonjour!    I have been learning some french these last 2 weeks and I belive that im slowly getting better. However, I would really llike a professor to teach me because there are so much things that confuse me. I would like to know what online course do you people belive its the best.	1642969677.0	sb2zt6	/r/French/comments/sb2zt6/good_online_courses_to_learn_quicker/	Good online courses to learn quicker.
qgx9k	I've been learning French for several years and this is a question that still bothers me and which I've never bothered to find a straight answer for. I'm reasonably familiar with the various ways to express obligation (e.g. falloir, devoir), but as a native English speaker I've always wondered this:   In English, if I want to express that someone is obligated to *not* do something, I can say "You must not do that!" And if I want to instead express that someone is *not obligated* to do something, I can say "You (don't have to/don't need to) do that." As an example of the contrast here--  * "You must not brush your teeth before dinner" means that in no circumstances should you brush your teeth before dinner, whereas * "You don't have to/don't need to brush your teeth before dinner" means that it might still be permissible to brush your teeth before dinner, but it's not an obligation.  My question is simply if there is any way to explicitly distinguish these two meanings in French. I *think* I've seen things like "*Il ne faut pas te brosser les dents avant le dîner*" used for both senses above (please correct me if this is wrong!) but I wasn't sure if there was a way to make it clear which meaning is to be taken, besides context. I had previously tried to construct sentences like "*Tu dois ne pas faire cela!*" but from what I understand that isn't really a comfortable or correct way of phrasing things. Any help would be much appreciated.	1642972894.0	sb48zr	/r/French/comments/sb48zr/obligation_with_negations/	Obligation with negations
20la53w0	I have never seen a French film or series on Netflix where the subtitles match the speech 100% as is the case with most English media.  Do you know any?	1642972910.0	sb497u	/r/French/comments/sb497u/any_french_language_films_on_netflix_with/	Any French language films on Netflix with completely matching subtitles?
3es5ouom	Mon professeur a dit on doit utelise un article dans Français.  Pour example  I want to eat cake (implies some of the cake)  Je veux manger **du** gâteau  Si on n'utelise pas un article  Pour example:  Je veux manger gâteau  Est-ce que cette phrase a l'air de éstrange?	1642974160.0	sb4qs4	/r/French/comments/sb4qs4/estce_que_on_doit_utelise_une_atricle/	Est-ce que on doit utelise une atricle?
aft6wfnc	Just Google translated this quote in french for tattoo, is it grammatically and in general for french right??  Thanks in advance. Travel and tell no one, live a true love story and tell no one, live happily and tell no one, people ruin beautiful things. Voyagez et ne le dites à personne, vivez une véritable histoire d'amour et ne le dites à personne, vivez heureux et ne le dites à personne, les gens gâchent de belles choses.	1642946215.0	sau70m	/r/French/comments/sau70m/google_translation_must_be_right/	Google translation must be right.
8qvq6x0h		1642977032.0	sb5vom	/r/French/comments/sb5vom/je_men_bas_les_reines_estce_que_cette_expression/	"Je m'en bas les reines" est-ce que cette expression est courante ?
op56kc	à l'aide d'un exemple svp ( il me semble que c'est une émotion assez compliquée ?)	1642982441.0	sb7v0l	/r/French/comments/sb7v0l/dépit_comment_peuton_décrire_ce_motce_sentiment/	dépit : comment peut-on décrire ce mot/ce sentiment ?
5qzmb6pq	I was watching a [TV commercial for Amazon Prime](https://youtu.be/uwnMH1dduhQ) featuring a character of Napoleon Bonaparte. Linguistically, does the character use French from Napoleon’s time or modern French?	1642984359.0	sb8jsf	/r/French/comments/sb8jsf/what_type_of_french_is_this/	What type of French is this?
ewbd6zov	Hello! Im looking for some french animes (dub/sub). Im starting to learn french and was wondering If yall have any french animes I can watch! :)	1642984467.0	sb8l4g	/r/French/comments/sb8l4g/any_french_animes_to_watch/	Any french animes to watch?
crnhn7za	Like podcast, YouTube ? And what are they called !!	1642985443.0	sb8x3u	/r/French/comments/sb8x3u/what_are_your_favorite_listening_immersion_tactics/	What are your favorite listening immersion tactics?
3ivtxy7v	j'espère que cela signifie que mon français s'améliore 🤩	1642986924.0	sb9g0t	/r/French/comments/sb9g0t/jai_parlé_en_français_dans_mon_rêve_hier_soir/	j'ai parlé en français dans mon rêve hier soir pour la première fois... super bizarre
138kmm	Bonjour à tous,   J'ai essayé de faire une dictée moi-même sur cette histoire et j'ai croisé qqch que je n'ai pas compris:   'Il arrivait que de gros bateaux s’en viennent naviguer jusque sous les branches. Et dans celles-ci habitait un rossignol qui chantait si divinement que même le pauvre pêcheur, qui avait à s’occuper de tant d’autres choses, restait immobile et écoutait **quand, la nuit, il était sorti tirer des filets et qu’il entendait alors le rossignol.'**  Je trouve la construction de cette phrase difficile à comprendre. Est-ce qu'il veut dire que **' quand il sort tirer des filets  pendant la nuit, il va rester immobile pour écouter le rossignol quand il chante'? ...**   **Merci beaucoup pour votre aide!**	1642987169.0	sb9itd	/r/French/comments/sb9itd/je_nai_pas_compris_le_sens_de_cette_phrase_le/	Je n'ai pas compris le sens de cette phrase (le rossignol et l'empereur de chine)
