author	selftext	created_at	s_id	permalink	title
j6kb5sc		1642724238.0	s8wznr	/r/PoliticalHumor/comments/s8wznr/dino/	DINO
12r3m4		1642724831.0	s8x785	/r/PoliticalHumor/comments/s8x785/went_road_tripping_through_arizona_saw_a_lot_of/	Went road tripping through Arizona, saw a lot of MAGAts…
i4lb3jxm		1642725029.0	s8x9rc	/r/PoliticalHumor/comments/s8x9rc/im_not_political_but_i_feel_embarrassed_to_even/	I'm not political but I feel embarrassed to even live here
fdu40gkl		1642725304.0	s8xd74	/r/PoliticalHumor/comments/s8xd74/funny_how_that_works/	Funny how that works
9de9t		1642725515.0	s8xfra	/r/PoliticalHumor/comments/s8xfra/simpsons_did_it/	Simpsons did it.
615lj6xk		1642725658.0	s8xhlq	/r/PoliticalHumor/comments/s8xhlq/joe_and_kyrsten_teaming_up_for_america/	Joe and Kyrsten teaming up for America!
512qouob		1642727354.0	s8y29n	/r/PoliticalHumor/comments/s8y29n/every_politician_needs_a_pile_of_these/	Every politician needs a pile of these
7rmj9nan		1642728265.0	s8ydgd	/r/PoliticalHumor/comments/s8ydgd/sadly_we_know_whats_going_to_happen_this_year/	Sadly, we know what's going to happen this year.
m1pii		1642728918.0	s8yldw	/r/PoliticalHumor/comments/s8yldw/wait_till_those_same_conservativestake_back_their/	Wait till those same conservatives"take back their country"
5jsyxafw		1642729057.0	s8yn0u	/r/PoliticalHumor/comments/s8yn0u/i_drew_this_a_year_ago_mitch_is_not_my_friend/	I drew this a year ago. Mitch is not my friend.
8i9pki3m		1642729846.0	s8ywiy	/r/PoliticalHumor/comments/s8ywiy/catch_it_while_you_can_if_conservatives_have/	Catch it while you can. If conservatives have their way, soon to be part of a bonfire. Meow.
6m94o		1642730880.0	s8z97e	/r/PoliticalHumor/comments/s8z97e/banana_stand_covid_policy/	Banana stand covid policy
xbnxe		1642731045.0	s8zb88	/r/PoliticalHumor/comments/s8zb88/watch_your_step/	“Watch your step”
aaco1		1642731352.0	s8zf4y	/r/PoliticalHumor/comments/s8zf4y/owning_the_libs_by_burning_a_50_hat_i_already/	Owning the libs by burning a $50 hat I already paid for. Didn't they already try this with Nike?
6m94o		1642732369.0	s8zrix	/r/PoliticalHumor/comments/s8zrix/sinema/	Sinema
b8zrg		1642733886.0	s909m3	/r/PoliticalHumor/comments/s909m3/my_wife_mailed_all_of_our_wedding_thank_you_cards/	My wife mailed all of our wedding thank you cards using Ronald Reagan stamps….
abijm		1642733932.0	s90a61	/r/PoliticalHumor/comments/s90a61/the_green_mm_no_longer_wears_heels/	The Green M&M no longer wears heels
mlh4y2m		1642734964.0	s90n3o	/r/PoliticalHumor/comments/s90n3o/buyers_remorse/	Buyer's remorse
iu5qmg7a		1642736240.0	s91270	/r/PoliticalHumor/comments/s91270/2022_is_going_to_be_explosive/	2022 is going to be explosive
6m94o		1642736774.0	s918fm	/r/PoliticalHumor/comments/s918fm/theres_a_clenched_fist_under_that_mitten/	There’s a clenched fist under that mitten
dp74b8gd		1642737622.0	s91ide	/r/PoliticalHumor/comments/s91ide/im_not_watching_that_garbage_their_ratings_must/	iM nOt wAtChinG tHaT GaRbaGe ThEiR RaTiNGS mUSt bE LoW!1!
pdjc2z7		1642738524.0	s91tsh	/r/PoliticalHumor/comments/s91tsh/the_rich_get_richer/	The rich get richer.
gstak7b5		1642738602.0	s91umh	/r/PoliticalHumor/comments/s91umh/the_harsh_reality_of_maga/	The harsh reality of MAGA
59vmdump		1642738728.0	s91w0s	/r/PoliticalHumor/comments/s91w0s/what_do_you_want_what_do_you_want/	What do you want!? WHAT DO YOU WANT?
2ldrjr5r		1642738851.0	s91xb5	/r/PoliticalHumor/comments/s91xb5/living_in_a_time_warp/	Living in a time warp!
41xwkany		1642740591.0	s92lr1	/r/PoliticalHumor/comments/s92lr1/january_69th/	January 69th
pdjc2z7		1642740857.0	s92oqr	/r/PoliticalHumor/comments/s92oqr/the_rich_get_richer/	The rich get richer.
9l7qr2y7		1642741400.0	s92uyc	/r/PoliticalHumor/comments/s92uyc/its_a_beautiful_day_in_the_neighborhood/	It’s A Beautiful Day In The Neighborhood…
l1zvkdj		1642742667.0	s9389y	/r/PoliticalHumor/comments/s9389y/other_insurrectionistst_be_like/	Other insurrectionistst be like...
hzzku		1642742801.0	s939nl	/r/PoliticalHumor/comments/s939nl/dumberer_and_dumbererer/	Dumberer and Dumbererer…
1ugwv8kn		1642743627.0	s93hzp	/r/PoliticalHumor/comments/s93hzp/woke_joe/	Woke Joe.
4pb78lrs		1642744473.0	s93qj7	/r/PoliticalHumor/comments/s93qj7/us_public_school_system_only_wants_compliance/	US public school system only wants compliance they don't care if you fail, they just want you to do what your told, There is no learning only memorization at best
4a0de47w		1642744595.0	s93rrj	/r/PoliticalHumor/comments/s93rrj/all_i_see_when_the_former_president_asshat/	All i see when the former president asshat announces anything.
9u763pdb		1642744753.0	s93tbv	/r/PoliticalHumor/comments/s93tbv/the_do_nothing_party_undermines_biden_then_blames/	The Do Nothing Party Undermines Biden Then Blames Him for Everything
4mpjh92d		1642744757.0	s93tda	/r/PoliticalHumor/comments/s93tda/venn_diagram/	Venn Diagram
c0a0h		1643076631.0	sc2bdo	/r/PoliticalHumor/comments/sc2bdo/just_another_day_at_both_sides_middle_school/	Just another day at Both Sides Middle School
4ooryllj		1643076826.0	sc2dvw	/r/PoliticalHumor/comments/sc2dvw/biden_saying_the_out_loud_part_out_loud/	Biden saying the out loud part, out loud.
nm3xk		1643076938.0	sc2fai	/r/PoliticalHumor/comments/sc2fai/republicans_are_upset/	Republicans are upset
4nptd		1643077090.0	sc2h5a	/r/PoliticalHumor/comments/sc2h5a/its_crt_man/	It's CRT MAN!
nm3xk		1643077699.0	sc2opp	/r/PoliticalHumor/comments/sc2opp/petition_to_add_the_new_word_in_american/	Petition to add the new word in American Dictionary
7m4d7ais		1643077897.0	sc2r8m	/r/PoliticalHumor/comments/sc2r8m/its_not_nepotism_if_it_happens_on_fox_news/	It's not nepotism if it happens on Fox News!
3w37w708		1643077985.0	sc2sdi	/r/PoliticalHumor/comments/sc2sdi/the_great_glem_has_spoken_he_has_thoughts_on/	The great Glem has spoken! He has thoughts on Biden's naughty word
2dk5l4b5		1643080003.0	sc3hdj	/r/PoliticalHumor/comments/sc3hdj/one_cool_sob/	One cool SOB
6kndw		1643081001.0	sc3tl5	/r/PoliticalHumor/comments/sc3tl5/omg_can_you_believe_how_unpresidential_biden_is/	OMG, can you believe how unpresidential Biden is?
h9bwnjsf		1643081286.0	sc3wy5	/r/PoliticalHumor/comments/sc3wy5/ben_shapiro_dropping_truth_bombs/	Ben Shapiro dropping truth bombs
bzq04		1643081356.0	sc3xr5	/r/PoliticalHumor/comments/sc3xr5/what_will_the_demoncrats_take_from_us_next_oc/	What will the Demoncrats take from us next?! (OC)
17p4ru7i		1643081641.0	sc4119	/r/PoliticalHumor/comments/sc4119/we_must_protect_ukraine_at_all_costs_trump/	We must protect Ukraine at all costs! Trump wouldn't want us to go to war with Russia...
16a480ye		1643082951.0	sc4g91	/r/PoliticalHumor/comments/sc4g91/so_true/	So true…
4njfhzea		1643083786.0	sc4q0k	/r/PoliticalHumor/comments/sc4q0k/alllivesmattter/	ALlLiVeSmAtTtEr
fvf8jh6z		1643084766.0	sc510n	/r/PoliticalHumor/comments/sc510n/in_the_world_of_facts_and_logic_the_cons_want/	In the world of facts and logic, the Cons want to...fuck M&Ms...
ciefk		1643086191.0	sc5ghq	/r/PoliticalHumor/comments/sc5ghq/dumping_on_peter_doocy_has_always_had_bipartisan/	Dumping on Peter Doocy has always had bipartisan support!
9rnaevdw		1643086252.0	sc5h5e	/r/PoliticalHumor/comments/sc5h5e/meanwhile_in_oklahomathe_covid_capital_of_the_us/	Meanwhile in Oklahoma…the Covid capital of the US
7rr5siju		1643086384.0	sc5iiu	/r/PoliticalHumor/comments/sc5iiu/i_think_virginia_schools_may_have_bigger_issues/	I think Virginia schools may have bigger issues
i0zg7lje		1643086739.0	sc5mbl	/r/PoliticalHumor/comments/sc5mbl/easy_bipartisan_take_joe_manchin_is_not_good/	Easy bipartisan take: Joe Manchin is not good people
34map9ct		1643086791.0	sc5mti	/r/PoliticalHumor/comments/sc5mti/the_onset_of_collusion/	The onset of collusion
8tb3fmmt		1643087423.0	sc5tw6	/r/PoliticalHumor/comments/sc5tw6/of_course/	Of course.
i9xyi		1643087427.0	sc5txw	/r/PoliticalHumor/comments/sc5txw/my_face_when_conservatives_feign_outrage_at/	My face when conservatives feign outrage at Biden's choice of language
c2fvt		1643089204.0	sc6cx7	/r/PoliticalHumor/comments/sc6cx7/the_old_man_once_said_hes_in_a_fight_for_soul_of/	The old man once said he's in a fight for soul of America...
zop06		1643089227.0	sc6d6c	/r/PoliticalHumor/comments/sc6d6c/im_sure_steve_doocey_concurs_secretly/	I'm sure Steve Doocey concurs (secretly).
2dsuu2hv		1643089672.0	sc6hmo	/r/PoliticalHumor/comments/sc6hmo/but_we_cant_afford_medicare_for_all_it_will_hurt/	But we can’t afford medicare for all! it will hurt the defense budget. Think about the contractors not your life threatening illness.
949f373m		1643090076.0	sc6lou	/r/PoliticalHumor/comments/sc6lou/lol_its_not_wrong/	Lol it’s not wrong
15p8sc		1643090118.0	sc6m3e	/r/PoliticalHumor/comments/sc6m3e/fox_news_and_tucker_carlson_pushing_vladimir/	FOX news and Tucker Carlson pushing Vladimir Putin's expansionist dreams on US airwaves
4njfhzea		1643091293.0	sc6y1j	/r/PoliticalHumor/comments/sc6y1j/karens/	Karens.
3g0kkwmd		1643093284.0	sc7gna	/r/PoliticalHumor/comments/sc7gna/oh_tucker_oc/	Oh, Tucker… OC
11dm7ekr		1643095094.0	sc7x5g	/r/PoliticalHumor/comments/sc7x5g/equality/	Equality?
i0zg7lje		1643095659.0	sc825j	/r/PoliticalHumor/comments/sc825j/how_can_one_guy_suck_so_much_and_so_consistently/	How can one guy suck so much and so consistently???
6p69yiem		1643097528.0	sc8ioy	/r/PoliticalHumor/comments/sc8ioy/theyll_make_a_mountain_out_of_a_mole_hill/	They'll make a mountain out of a mole hill
7lr8hyjt		1643097570.0	sc8j0z	/r/PoliticalHumor/comments/sc8j0z/hey_i_saw_donald_trump_jr_was_in_the_news_again/	Hey, I saw Donald Trump Jr. was in the news again.
68exmtvd		1643099484.0	sc8zs8	/r/PoliticalHumor/comments/sc8zs8/its_time_to_break_out_those_pearls_again/	It's time to break out those pearls again
ahrrvzrr		1643100016.0	sc948v	/r/PoliticalHumor/comments/sc948v/this_explains_it/	This explains it.
bdhme		1643100486.0	sc983o	/r/PoliticalHumor/comments/sc983o/biden_reminding_me_of_all_the_times_my_brain/	biden reminding me of all the times my brain turned off
1o1r4g1f		1643104732.0	sca7mi	/r/PoliticalHumor/comments/sca7mi/republicans_care_soooo_much_about_the_debt_when/	Republicans “care soooo much” about the debt… when the dems are in
cy2xue7n		1643107726.0	scaydm	/r/PoliticalHumor/comments/scaydm/good_thing_the_american_justice_system_is_here_to/	good thing the american justice system is here to save the day once again…
cr4vwhku		1643109271.0	scbdcr	/r/PoliticalHumor/comments/scbdcr/who_remembers_this_one/	Who remembers this one ?
5v30r2iw		1643110159.0	scblrm	/r/PoliticalHumor/comments/scblrm/honestly_europe_doesnt_have_as_much_a_white_vest/	Honestly Europe doesn't have as much a white vest as people say
13wsti8q		1643110332.0	scbnlg	/r/PoliticalHumor/comments/scbnlg/boneless_avocado_politician_with_no_policy_or/	“Boneless Avocado” = Politician with no policy or governing agenda. Example, “The Republican Party is a collection of boneless avocados 🥑.” Useless to their species.
4z1fv7in		1643111789.0	scc1l7	/r/PoliticalHumor/comments/scc1l7/if_you_work_for_fox_news_you_might_be_a_ssob/	If you work for Fox News, you might be a SSOB
8r9i1		1643112650.0	sccanq	/r/PoliticalHumor/comments/sccanq/watching_a_star_wars_movie_tucker_is_rooting_for/	Watching a Star Wars movie, Tucker is rooting for Vader and the Stormtroopers. He was disappointed when Vader finally did a good thing. Tucker felt betrayed. Emperor Palpatine was like a father to him.
7wkgi71		1643112804.0	scccgv	/r/PoliticalHumor/comments/scccgv/expecto_patronum/	Expecto patronum
68exmtvd		1643114000.0	sccoo8	/r/PoliticalHumor/comments/sccoo8/now_we_just_need_biden_to_put_ketchup_on_a_hot/	Now we just need Biden to put ketchup on a hot dog & Tucker will need to go out on leave for PTSD
9uhrj		1643114089.0	sccpkf	/r/PoliticalHumor/comments/sccpkf/conservatives_when_you_tell_them_a_fact_they_dont/	Conservatives when you tell them a fact they don’t like
71f2by02		1643115466.0	scd4nm	/r/PoliticalHumor/comments/scd4nm/conservatives_the_ones_who_have_been_perpetuating/	Conservatives: the ones who have been perpetuating cancel culture for the last few thousand years.
ci29br4q		1643115534.0	scd5eg	/r/PoliticalHumor/comments/scd5eg/the_right_is_truly_the_party_of_family_values/	The Right is Truly the Party of Family Values, Amirite?
12x1n3		1643115717.0	scd7r1	/r/PoliticalHumor/comments/scd7r1/is_he_though/	Is he though 🤔
4njfhzea		1643116089.0	scdc26	/r/PoliticalHumor/comments/scdc26/whos_gonna_tell_em/	Who’s gonna tell em?
qbbllug		1643116242.0	scddrd	/r/PoliticalHumor/comments/scddrd/fox_news_has_confirmed_bidens_comments_to_be/	Fox News has confirmed Biden’s comments to be correct
b95hd3ku		1643116589.0	scdhv9	/r/PoliticalHumor/comments/scdhv9/oh_fearless_leader/	Oh! Fearless Leader.
13aprf5a		1643118209.0	sce1z4	/r/PoliticalHumor/comments/sce1z4/boom_president_biden_hot_mics_are_always_gonna_be/	BOOM, President Biden! (Hot mics are always gonna be hot mics ...)
dqitcbcp		1643118379.0	sce3vb	/r/PoliticalHumor/comments/sce3vb/liberals_been_quiet_since_this_dropped/	Liberals been quiet since this dropped
12jnliml		1643119668.0	scek3q	/r/PoliticalHumor/comments/scek3q/glenn_greenwald_has_a_differing_attitude_on/	Glenn Greenwald has a differing attitude on Presidents mocking the press, depending on who did it
oht8d		1643120471.0	sceudk	/r/PoliticalHumor/comments/sceudk/us_economy_vs_wall_street_by_rj_matson_2009/	US Economy vs. Wall Street, by RJ Matson, 2009
aksbv		1643120639.0	scewmu	/r/PoliticalHumor/comments/scewmu/mmm/	Mmm…
56x6a8yc		1643120729.0	scexs5	/r/PoliticalHumor/comments/scexs5/lithiumnew_oil/	Lithium=New Oil?
2raxxu5f		1643121449.0	scf6hh	/r/PoliticalHumor/comments/scf6hh/smooth_criminal/	Smooth criminal?
fbd61feb		1643121664.0	scf955	/r/PoliticalHumor/comments/scf955/joe_biden_limerick/	Joe Biden limerick
16kgfj		1643121942.0	scfcn9	/r/PoliticalHumor/comments/scfcn9/parttime_democrats/	Part-time Democrats
h1nqv37		1643122605.0	scfkrh	/r/PoliticalHumor/comments/scfkrh/do_not_pass_go_and_do_not_collect_stock_dividends/	Do not pass go and do not collect stock dividends
5rsj47ix		1643122667.0	scflki	/r/PoliticalHumor/comments/scflki/heres_how_the_packers_can_still_win/	here's how the packers can still win
ci29br4q		1643122707.0	scfm54	/r/PoliticalHumor/comments/scfm54/its_not_just_him_the_walls_are_actually_closing_in/	It's Not Just Him. The Walls are Actually Closing In.
2k9qurv7		1643122975.0	scfpmv	/r/PoliticalHumor/comments/scfpmv/lets_go/	Let's go!
harfg1nx		1643123177.0	scfs8c	/r/PoliticalHumor/comments/scfs8c/stop_making_sense/	Stop Making Sense
51v21		1643123472.0	scfw2s	/r/PoliticalHumor/comments/scfw2s/nobody_this_horrible_to_reporters_should_ever_be/	Nobody This Horrible to Reporters Should Ever Be President, Much Less Have a Second Term
5hl8bzvy		1643124056.0	scg3cg	/r/PoliticalHumor/comments/scg3cg/cant_wait_for_these_to_come_in/	Can't wait for these to come in
7wkgi71		1643124319.0	scg6q1	/r/PoliticalHumor/comments/scg6q1/good_for_him/	Good for him
nolj6u3		1643124752.0	scgchg	/r/PoliticalHumor/comments/scgchg/lol/	Lol.
4oxawpqi		1643124828.0	scgdkd	/r/PoliticalHumor/comments/scgdkd/tucker_loves_his_green_mm/	Tucker loves his green M&M
iu5qmg7a		1643124984.0	scgfnd	/r/PoliticalHumor/comments/scgfnd/debating_with_a_maga/	Debating with a MAGA
hxom8		1643125042.0	scggev	/r/PoliticalHumor/comments/scggev/an_inconvenient_truth/	An inconvenient truth
8w6vzon		1643125235.0	scgj2c	/r/PoliticalHumor/comments/scgj2c/gop_see_we_wear_masks/	GOP: "See, we wear masks!"
4d42ejpr		1643126259.0	scgwm9	/r/PoliticalHumor/comments/scgwm9/cant_boycott_if_youre_banned_in_the_first_place/	Can't Boycott if you're Banned in the first place!
108dpa57		1643126483.0	scgzp3	/r/PoliticalHumor/comments/scgzp3/usa_rolls_for_initiative/	USA rolls for initiative!
e81tefn9		1643126803.0	sch4bp	/r/PoliticalHumor/comments/sch4bp/doofy_got_called_out_sweet/	Doofy got called out?! Sweet 😃!
68exmtvd		1643126866.0	sch57d	/r/PoliticalHumor/comments/sch57d/but_i_thought_you_guys_wanted_to_hold_all_of/	But I thought you guys wanted to hold all of those ANTIFAs accountable?!?!?!
dloxz856		1643126874.0	sch5bd	/r/PoliticalHumor/comments/sch5bd/peter_doocy_deserved_it_though/	Peter Doocy deserved it though
9k7azh23		1643127120.0	sch8td	/r/PoliticalHumor/comments/sch8td/youngkin_virginia/	Youngkin Virginia
9u763pdb		1643127685.0	schgn4	/r/PoliticalHumor/comments/schgn4/snowflake_desantiss_support_police/	Snowflake DeSantis's Support Police
h8oxd		1643128891.0	schwuj	/r/PoliticalHumor/comments/schwuj/remember_this_next_time_karenkyle_equate/	Remember this next time Karen/Kyle equate themselves to "Holocaust victims" because of vaccinations
fbd61feb		1643130535.0	sciizv	/r/PoliticalHumor/comments/sciizv/donald_trump_limerick/	Donald Trump limerick
iu5qmg7a		1643130658.0	scikmu	/r/PoliticalHumor/comments/scikmu/oh_they_will_go_down_in_history_all_right/	Oh they will go down in history all right.
31xpyqbe		1643131363.0	sciu9w	/r/PoliticalHumor/comments/sciu9w/the_medias_helping_a_freedom_fighter_reaching_the/	The media's helping a freedom fighter reaching the road to peace [1993] [Proxy war] [Causes Belli]
14i020		1643131565.0	scix0g	/r/PoliticalHumor/comments/scix0g/its_called_multitasking/	It's called "multitasking"
ff2ad10c		1643131603.0	scixko	/r/PoliticalHumor/comments/scixko/the_most_tremendous_leader/	The most tremendous leader
29ur6uxl		1643131874.0	scj1f1	/r/PoliticalHumor/comments/scj1f1/yes_yes_my_pretties/	Yes, yes my pretties.
52cf8pdm		1643131949.0	scj2dz	/r/PoliticalHumor/comments/scj2dz/oopsexcuse_me_bonus_while_wearing_your_mask_no/	"Oops,Excuse me!" *bonus: while wearing your mask, no need to tryn keep a straight face. -Freedom is "Fun'-Da-Mental"
it90x		1643132050.0	scj3sa	/r/PoliticalHumor/comments/scj3sa/ill_have_what_shes_having/	I'll have what she's having!
isxnm		1643132600.0	scjbg9	/r/PoliticalHumor/comments/scjbg9/what_a_stupid_sob/	What a stupid S.O.B.
k0wiy54		1643132885.0	scjfg3	/r/PoliticalHumor/comments/scjfg3/when_you_hear_newt_gingrich_claim_the_jan_6th/	When you hear Newt Gingrich claim the Jan 6th investigators should face jail time
dlqfors2		1643133029.0	scjhdq	/r/PoliticalHumor/comments/scjhdq/what_the_fuck_is_going_on/	What the fuck is going on
40zkn06z		1643133252.0	scjkfs	/r/PoliticalHumor/comments/scjkfs/damned_if_you_do_dammed_if_you_dont/	Damned if you do, dammed if you don’t
4fdpii2w		1643133793.0	scjs78	/r/PoliticalHumor/comments/scjs78/ssob_news/	SSOB News
5cm37afn		1643133913.0	scjtyh	/r/PoliticalHumor/comments/scjtyh/if_you_think_getting_vaccinated_is_similar_to_the/	If you think getting vaccinated is similar to the Holocaust, then you're part of the problem
675ifz37		1643134746.0	sck5tk	/r/PoliticalHumor/comments/sck5tk/i_know_its_not_funny_but/	I Know It's Not Funny But....
97bmzxph		1643135104.0	sckat2	/r/PoliticalHumor/comments/sckat2/who_wins/	Who wins?
hpiql		1643135511.0	sckgbw	/r/PoliticalHumor/comments/sckgbw/brought_to_you_by_the_same_people_who_thought/	Brought to you by the same people who thought "Let's go Brandon" was an unbreakable code.
cqsh1jom		1643135753.0	sckjo7	/r/PoliticalHumor/comments/sckjo7/two_joe_manchins/	Two Joe Manchins
8cjqvnz5		1643135898.0	scklji	/r/PoliticalHumor/comments/scklji/thoughts/	Thoughts?
1ny7ps		1643136156.0	sckoxk	/r/PoliticalHumor/comments/sckoxk/why_green_candy_no_sexy/	"WHY GREEN CANDY NO SEXY?!?"
abagh		1643136312.0	sckr02	/r/PoliticalHumor/comments/sckr02/we_have_nothing_to_lose_but_our_chains/	We have nothing to lose but our chains
fbd61feb		1643136581.0	sckuot	/r/PoliticalHumor/comments/sckuot/thats_not_funny/	That’s not funny!
gstak7b5		1643137123.0	scl23a	/r/PoliticalHumor/comments/scl23a/no_need_to_overthink_it/	No need to overthink it
ebw05		1643137156.0	scl2j5	/r/PoliticalHumor/comments/scl2j5/make_sure_you_do_not_send_fake_crt_reports_to/	Make sure you DO NOT send fake CRT reports to this email
14qpsd		1643137699.0	scla55	/r/PoliticalHumor/comments/scla55/we_hate_cancel_culture_but_also_cancel_carhartt/	We hate cancel culture! But also cancel Carhartt, Starbucks, Nike, Target, Gillette, Keurig, NASCAR!
4ituvgth		1643137964.0	sclds2	/r/PoliticalHumor/comments/sclds2/dont_look_up_matt_gaetz_sexual_misconduct/	Dont look up matt gaetz sexual misconduct allegations, worst mistake of my life.
14qsql		1643138075.0	sclf8q	/r/PoliticalHumor/comments/sclf8q/covid19_data_interpretation_by_politicians_vs/	COVID-19 data interpretation by politicians vs scientists
iu5qmg7a		1643138110.0	sclfre	/r/PoliticalHumor/comments/sclfre/frageelay/	fra-gee-lay
2scywqyn		1643138349.0	sclixe	/r/PoliticalHumor/comments/sclixe/joe_has_interesting_standards/	Joe has interesting standards
13oxtw4v		1643138910.0	sclqgq	/r/PoliticalHumor/comments/sclqgq/just_saying_what_everyone_is_thinking/	Just saying what everyone is thinking...
2opw96h9		1643139586.0	sclzq1	/r/PoliticalHumor/comments/sclzq1/fb_post_i_saw_inspired_this/	FB post I saw inspired this
8e9xt1z4		1643139707.0	scm1dl	/r/PoliticalHumor/comments/scm1dl/tru_tho/	Tru tho
j63ga		1643139722.0	scm1kv	/r/PoliticalHumor/comments/scm1kv/im_not_willing_to_incriminate_myself_unless_im/	I'm not willing to incriminate myself. Unless I'm making money.
bt0vu		1643139958.0	scm4ld	/r/PoliticalHumor/comments/scm4ld/roasting_peter_doocy_is_a_longstanding_bipartisan/	Roasting Peter Doocy is a long-standing bipartisan tradition…
4ooryllj		1643140195.0	scm7p2	/r/PoliticalHumor/comments/scm7p2/another_rabid_patriot_takes_the_fifth_100_times/	Another rabid *patriot* takes the fifth 100 times before the January 6th committee!
675ifz37		1643140718.0	scmeku	/r/PoliticalHumor/comments/scmeku/seems_like_the_way_were_going_this_might_be_the/	Seems Like The Way We're Going, This Might Be The Next Logical Step...
2ya06c10		1643141581.0	scmqrf	/r/PoliticalHumor/comments/scmqrf/what_a_douche_canoe/	What a Douche Canoe
buymfa6s		1643141701.0	scmsdm	/r/PoliticalHumor/comments/scmsdm/i_find_more_reasons_to_like_him_every_day/	I find more reasons to like him every day.
hp954w85		1643142371.0	scn1e2	/r/PoliticalHumor/comments/scn1e2/conservatives_on_abortion_and_vaccination/	Conservatives on Abortion and Vaccination
6bbf1tmn		1643142660.0	scn58z	/r/PoliticalHumor/comments/scn58z/fox_news_be_like/	Fox News be like
8bp9xz66		1643142741.0	scn6ch	/r/PoliticalHumor/comments/scn6ch/a_common_sense_approach_to_a_balanced_us_budget/	A Common Sense Approach To A Balanced U.S. Budget - or - Vote The Bastards Out Unless They Fix Their Mess
4qbyr6g		1643142978.0	scn9ia	/r/PoliticalHumor/comments/scn9ia/sorry_for_the_shitpost/	Sorry for the shitpost
awo9qlb1		1643143112.0	scnbby	/r/PoliticalHumor/comments/scnbby/well_yeah/	Well yeah
ehdwcvxu		1643143665.0	scniwd	/r/PoliticalHumor/comments/scniwd/stupid_son_of_a_bitch_fired_himself/	Stupid Son of a Bitch Fired Himself
3tkaaj4i		1643143749.0	scnk0v	/r/PoliticalHumor/comments/scnk0v/a_green_mms_joke/	a green M&M’s joke 🟢
c5z09maz		1643143946.0	scnmn2	/r/PoliticalHumor/comments/scnmn2/who_knows_what_they_put_in_that_stuff/	“Who knows what they put in that stuff”
e0qk7wfb		1643144044.0	scnnv2	/r/PoliticalHumor/comments/scnnv2/cmon_man/	C’mon Man!
bv3l3txo		1643144133.0	scnp1p	/r/PoliticalHumor/comments/scnp1p/im_moving_to_canada/	I’m moving to Canada
isxnm		1643144547.0	scnuna	/r/PoliticalHumor/comments/scnuna/its_a_hard_time_to_be_tucker/	It's a hard time to be Tucker.
11lf01		1643144809.0	scny74	/r/PoliticalHumor/comments/scny74/tucker_tmi/	Tucker, TMI!!!
7e6fx		1643144928.0	scnzub	/r/PoliticalHumor/comments/scnzub/jeff_is_my_spirit_animal/	Jeff is my spirit animal
appnw7vg		1643145003.0	sco0sn	/r/PoliticalHumor/comments/sco0sn/exactly_what_we_needed/	Exactly what we needed!
4imcu		1643145235.0	sco402	/r/PoliticalHumor/comments/sco402/its_a_little_funny/	It's... a LITTLE funny
pn18b7r		1643145384.0	sco5z1	/r/PoliticalHumor/comments/sco5z1/he_did_it/	He did it!
fg9d3fa		1643145462.0	sco701	/r/PoliticalHumor/comments/sco701/i_cant_forget_about_the_whole_texas_doesnt_think/	I can't forget about the whole "Texas doesn't think mlk books should be a necessary read in schools" as well.
fbd61feb		1643146116.0	scofrs	/r/PoliticalHumor/comments/scofrs/butt_hurt_republicans/	Butt hurt Republicans
5ljyj7i8		1643146234.0	scohba	/r/PoliticalHumor/comments/scohba/hmmmmm/	Hmmmmm
96mpq		1643146303.0	scoi94	/r/PoliticalHumor/comments/scoi94/has_cancel_culture_gone_too_far/	Has cancel culture gone too far?
12jnliml		1643146327.0	scoiki	/r/PoliticalHumor/comments/scoiki/to_ben_shapiro_facts_are_above_his_feelings/	To Ben Shapiro, facts are above his feelings, unless he doesn't like the facts
8elijm2h		1643146517.0	scol23	/r/PoliticalHumor/comments/scol23/his_wife_must_have_a_clean_hoohah_because_he_is/	His wife must have a clean hoohah, because he is just one big douche
mlh4y2m		1643147283.0	scounl	/r/PoliticalHumor/comments/scounl/he_finally_got_it_right/	He finally got it right!
iu5qmg7a		1643147532.0	scoxkw	/r/PoliticalHumor/comments/scoxkw/id_want_to_hide_my_identity_if_i_were_them_at/	I'd want to hide my identity if I were them at this point too.
xkh01		1643147553.0	scoxtu	/r/PoliticalHumor/comments/scoxtu/19_million_illegal_immigrants_were_apprehended_at/	1.9 million illegal immigrants were apprehended at the southern border in 2021.
c01ws		1643147859.0	scp1lk	/r/PoliticalHumor/comments/scp1lk/going_to_tell_my_kids_this_was_melania_and/	Going to tell my kids this was Melania and Donald's wedding.
b7ia5kr9		1643148110.0	scp4zk	/r/PoliticalHumor/comments/scp4zk/whos_going_to_tell_him/	Who's going to tell him?
e6g18213		1643148348.0	scp800	/r/PoliticalHumor/comments/scp800/side_effect_of_the_covid19_vaccine_i_guess/	Side effect of the COVID-19 Vaccine I guess
3bsovc9r		1643148452.0	scp9ad	/r/PoliticalHumor/comments/scp9ad/guys_i_think_we_can_still_push_him_to_the_left/	guys I think we can still push him to the left 🥺
6n1grco1		1643148807.0	scpdse	/r/PoliticalHumor/comments/scpdse/ok_who_signed_me_up_for_this_stupidity/	Ok, who signed me up for this stupidity?
8psaz1x6		1643148898.0	scpf1s	/r/PoliticalHumor/comments/scpf1s/putins_just_laughing/	Putin's just laughing
a2k2rm4h		1643149179.0	scpipb	/r/PoliticalHumor/comments/scpipb/i_bet_his_hands_are_covered_in_chocolate/	I bet his hands are covered in chocolate.
ifway1gk		1643149632.0	scpon1	/r/PoliticalHumor/comments/scpon1/especially_on_jan_6/	Especially on Jan 6
aqdlyghx		1643150448.0	scpzuu	/r/PoliticalHumor/comments/scpzuu/start_a_war_with_a_picture/	Start a war with a picture
hp8et		1643150467.0	scq03k	/r/PoliticalHumor/comments/scq03k/a_riddle_wrapped_in_a_mystery_inside_an_enigma/	A riddle, wrapped in a mystery, inside an enigma, obfuscated by a paradox.
wgqfr		1643150649.0	scq2mu	/r/PoliticalHumor/comments/scq2mu/free_elections_vs_shopvacs/	Free elections vs. Shop-vacs.
7eue62c5		1643151337.0	scqbx6	/r/PoliticalHumor/comments/scqbx6/dont_really_understand_the_obsession/	Don’t really understand the obsession.
68exmtvd		1643151696.0	scqgsk	/r/PoliticalHumor/comments/scqgsk/yeah_there_was_this_orange_guy_you_might_have/	Yeah, there was this Orange guy... you might have heard of him
15p8sc		1643152270.0	scqo7c	/r/PoliticalHumor/comments/scqo7c/fox_news_viewers_call_congress_to_say_usa_should/	"FOX news viewers call congress to say USA should support Russian invasion"
1e700fv		1643152550.0	scqs0o	/r/PoliticalHumor/comments/scqs0o/the_situation_at_ukraine_be_like/	The situation at Ukraine be like
3zpnzrkd		1643152819.0	scqvmp	/r/PoliticalHumor/comments/scqvmp/his_approval_rating_is_up_from_20_to_201_good_job/	His approval rating is up from 20% to 20.1%. Good Job!
8ar3us6s		1643153166.0	scr07w	/r/PoliticalHumor/comments/scr07w/looks_like_somebody_said_the_quiet_part_out_loud/	Looks like somebody said the quiet part out loud again
3gcfkhy1		1643153528.0	scr4wj	/r/PoliticalHumor/comments/scr4wj/come_on_joe_she_really_did_not_deserve_that/	Come on Joe, She really did not deserve that.
8pvm2l0j		1643154110.0	scrcgs	/r/PoliticalHumor/comments/scrcgs/this_might_be_relevant_politically_speaking/	This might be relevant, politically speaking.
fmgpuws6		1643154332.0	scrfgs	/r/PoliticalHumor/comments/scrfgs/tucker_carlson_complains_more_about_a_cartoon/	Tucker Carlson complains more about a cartoon character change for M&M’s instead of the hot water that Mars and other chocolate companies are in at the moment.
fgvr2a47		1643154605.0	scrj4g	/r/PoliticalHumor/comments/scrj4g/exactly/	Exactly
cjjhs		1643154744.0	scrkxn	/r/PoliticalHumor/comments/scrkxn/no_childish_secret_codes_just_facts/	No childish secret codes, just facts.
oso9l		1643155397.0	scrtqt	/r/PoliticalHumor/comments/scrtqt/somebody_please_call_child_services_its_getting/	Somebody please call child services it's getting bad.
ifway1gk		1643155816.0	scrzbb	/r/PoliticalHumor/comments/scrzbb/just_not_the_ones_protecting_democracy/	Just not the ones protecting democracy.
b0o9k		1643155832.0	scrzji	/r/PoliticalHumor/comments/scrzji/21st_century_advertising_to_distract_from_18th/	21st century advertising to distract from 18th century business practices.
4dmtf		1643156429.0	scs7cd	/r/PoliticalHumor/comments/scs7cd/fuck_my_feelings/	"Fuck, my feelings!"
8nooxxml		1643156452.0	scs7mq	/r/PoliticalHumor/comments/scs7mq/ill_gladly_pay_more_for_covid_to_go_away/	I'll gladly pay more for COVID to go away
50ohvc92		1643156893.0	scsd9n	/r/PoliticalHumor/comments/scsd9n/feels_about_the_same/	Feels about the same
50ohvc92		1643157082.0	scsfpq	/r/PoliticalHumor/comments/scsfpq/keep_the_subpoenas_flowing/	Keep the subpoenas flowing
7wkgi71		1643157538.0	scsln8	/r/PoliticalHumor/comments/scsln8/hope_this_helps/	Hope this helps
4b77l		1643157779.0	scsoqm	/r/PoliticalHumor/comments/scsoqm/tuckers_junk_food_scandal_continues/	Tucker's Junk Food Scandal Continues
e6g18213		1643158165.0	scstnc	/r/PoliticalHumor/comments/scstnc/covid19_booster_side_effect_or_perverted_mind/	COVID-19 booster side effect or perverted mind?
817jo790		1643158211.0	scsu84	/r/PoliticalHumor/comments/scsu84/the_left_cant_meme/	The Left Can't Meme
7eue62c5		1643158443.0	scsx6p	/r/PoliticalHumor/comments/scsx6p/alright_guys_i_fixed_the_meme/	Alright guys, I fixed the meme.
gauueg77		1643158860.0	sct2hv	/r/PoliticalHumor/comments/sct2hv/food_rights_that_is_socialism_eat_your_bootstraps/	Food rights?! That is socialism! Eat your bootstraps!
450y54aa		1643159071.0	sct5bk	/r/PoliticalHumor/comments/sct5bk/3_cowards_watching_from_a_distance_vs_chad/	3 cowards watching from a distance Vs Chad walking into NK border
9bid7abi		1643159106.0	sct5rl	/r/PoliticalHumor/comments/sct5rl/this_candy_fetish_is_weird/	This candy fetish is weird
50ohvc92		1643159258.0	sct7na	/r/PoliticalHumor/comments/sct7na/damned_if_you_do_damned_if_you_dont/	Damned if you do, damned if you don’t
umrsq		1643159959.0	sctgfc	/r/PoliticalHumor/comments/sctgfc/chyna/	Chyna
21xjp2wm		1643159989.0	sctgtt	/r/PoliticalHumor/comments/sctgtt/mental_gymnastics/	Mental Gymnastics
aghd2vpx		1643160655.0	sctp4v	/r/PoliticalHumor/comments/sctp4v/defund_the_police/	Defund the police!
21k49dcm		1643160697.0	sctpnr	/r/PoliticalHumor/comments/sctpnr/know_a_coverup_when_you_see_it/	Know a Coverup when you see it
3w71e2oj		1643160865.0	sctrta	/r/PoliticalHumor/comments/sctrta/biden_didnt_call_peter_doocey_a_son_of_a_bitch_he/	Biden didn’t call Peter Doocey a son of a bitch, he said soup filled son on the beach. Now buy my merch and let’s obsess over this for months.
gtertj3d		1643160955.0	sctsyc	/r/PoliticalHumor/comments/sctsyc/idiocracy_2_how_it_started/	Idiocracy 2 How It Started
3zpnzrkd		1643161185.0	sctvu2	/r/PoliticalHumor/comments/sctvu2/not_even_satire/	Not. Even. Satire.
6f1m5kn5		1643162097.0	scu722	/r/PoliticalHumor/comments/scu722/how_many_countries_joining_the_diplomatic_boycott/	How many countries Joining the Diplomatic Boycott of the Beijing Olympics ?
b0o9k		1643162097.0	scu729	/r/PoliticalHumor/comments/scu729/the_only_thing_hes_a_victim_of_is_the_propaganda/	The only thing he's a victim of is the propaganda that convinced him dying would own the libs.
9ijshtv5		1643162124.0	scu7el	/r/PoliticalHumor/comments/scu7el/not_my_proudest_fap/	Not my proudest fap
iwg7esxh		1643162161.0	scu7th	/r/PoliticalHumor/comments/scu7th/facebook_twitter_instagram_banned_this_obama/	Facebook, Twitter, Instagram banned this Obama t-shirt
15p8sc		1643162256.0	scu8xp	/r/PoliticalHumor/comments/scu8xp/bidens_hot_mic_moment_with_fox_news_peter_doocy/	Biden’s hot mic moment with Fox News’ Peter Doocy triggered the angry snowflake children of the right
iork4oyh		1643162336.0	scu9xg	/r/PoliticalHumor/comments/scu9xg/just_some_wholesome_ukrainian_boys_in_desperate/	just some wholesome Ukrainian boys, in desperate need for american lethal aid
2kvv261l		1643162437.0	scub88	/r/PoliticalHumor/comments/scub88/these_are_no_longer_your_mum_and_dads_mms/	These are no longer your Mum and Dad's M&Ms
crxc9pn1		1643162923.0	scuh3g	/r/PoliticalHumor/comments/scuh3g/let_the_competition_between_megan_my_father/	Let the competition between Megan "My Father" McCain & Eric Trump commence
3gamv		1643163276.0	sculid	/r/PoliticalHumor/comments/sculid/dementia/	"Dementia"
iwl8xr3q		1643163453.0	scunnl	/r/PoliticalHumor/comments/scunnl/thanks_jen/	thanks Jen
3g0kkwmd		1643164065.0	scuv2n	/r/PoliticalHumor/comments/scuv2n/oc_but_probably_all_true/	OC but probably all true
ccjds		1643164266.0	scuxm6	/r/PoliticalHumor/comments/scuxm6/tucker_carlson_made_some_calls_and_finally_for_a/	Tucker Carlson made some calls and finally for a more masculine Snickers bar for you boys.
1t1ub5mi		1643164811.0	scv4dv	/r/PoliticalHumor/comments/scv4dv/trying_to_narrow_down_my_political_opinions/	Trying to narrow down my political opinions. Inspired by Ben Garrison.
3zpnzrkd		1643166917.0	scvugs	/r/PoliticalHumor/comments/scvugs/wasting_away_in_margaritaville/	Wasting away in margaritaville
crkk6		1643167168.0	scvxh2	/r/PoliticalHumor/comments/scvxh2/where_theres_smoke/	Where there’s smoke. . . .
31r58uez		1643167444.0	scw0xo	/r/PoliticalHumor/comments/scw0xo/double_standards_part_334/	Double Standards, Part 334
hqvizui		1643169171.0	scwlin	/r/PoliticalHumor/comments/scwlin/4_years_of_treason/	4 years of treason
5qhrwvqj		1643169918.0	scwu8j	/r/PoliticalHumor/comments/scwu8j/bernie_or_bust_unchained/	Bernie or bust unchained
4ooryllj		1643171557.0	scxctp	/r/PoliticalHumor/comments/scxctp/ronnie_is_spinning_so_fast_in_his_grave_he_could/	Ronnie is spinning so fast in his grave, he could power Las Vegas!
8w6vzon		1643172612.0	scxoaz	/r/PoliticalHumor/comments/scxoaz/covid_in_a_landslide_why_bother_to_have_a_map_abc/	Covid in a landslide! (why bother to have a map, ABC?)
29x09jxg		1643173624.0	scxzft	/r/PoliticalHumor/comments/scxzft/the_illuminati_confirmed_plans_revealed_going/	The Illuminati confirmed plans revealed going back years
9k7azh23		1643174268.0	scy6aq	/r/PoliticalHumor/comments/scy6aq/its_not_easy_being_greene/	It's not easy being Greene
i684blrf		1643174779.0	scybo8	/r/PoliticalHumor/comments/scybo8/b_in_biden_stands_for_based/	B in biden stands for based
903jy8q3		1643175137.0	scyfee	/r/PoliticalHumor/comments/scyfee/partially_based_on_a_true_story/	Partially based on a true story.
d6e5obah		1643175273.0	scygvn	/r/PoliticalHumor/comments/scygvn/i_feel_like_i_can_hear_this_conversation_happening/	I feel like I can hear this conversation happening!
2tfiuh6v		1643175294.0	scyh3v	/r/PoliticalHumor/comments/scyh3v/think_this_is_what_tucker_looks_like_while/	Think this is what Tucker looks like while watching 2021 M&M commercials?
hi2dgwri		1643180092.0	sczsrm	/r/PoliticalHumor/comments/sczsrm/teach_the_liberals_a_lesson_and_slash_your_tires/	Teach the liberals a lesson and slash your tires today!!
uxc2itf		1643184446.0	sd0woa	/r/PoliticalHumor/comments/sd0woa/please_be_civil_people/	Please be civil, people
hkcf4fg		1643184584.0	sd0xro	/r/PoliticalHumor/comments/sd0xro/the_dream_for_my_kids/	the dream for my kids
nbvmg7		1643185515.0	sd15wd	/r/PoliticalHumor/comments/sd15wd/extreme_low_effort_but_jordans_tuxedo_plus_the/	Extreme low effort, but Jordan’s tuxedo plus the comedic nonsense reminded me of this scene
blz8jkek		1643193185.0	sd305g	/r/PoliticalHumor/comments/sd305g/according_to_cnn_kharkov_is_already_in_russia/	According to CNN, Kharkov is already in Russia. Thanks to Americans from Russians!
108dpa57		1643194742.0	sd3dnf	/r/PoliticalHumor/comments/sd3dnf/im_curious_where_is_our_priorities_are_at/	I’m curious where is our priorities are at.
1wc7lrta		1643195054.0	sd3h3z	/r/PoliticalHumor/comments/sd3h3z/germanys_input_in_solving_russiaukraine_crisis/	Germany's input in solving Russia-Ukraine crisis
3f1f5moe		1643195171.0	sd3i5w	/r/PoliticalHumor/comments/sd3i5w/tucker_loves_the_way_they_melt_in_his_mouth_and/	Tucker loves the way they melt in his mouth, and his hands
7xjeg		1643196339.0	sd3t4o	/r/PoliticalHumor/comments/sd3t4o/itz_not_a_cult/	“ItZ NoT a CuLt!”
47wyeat4		1643196833.0	sd3y08	/r/PoliticalHumor/comments/sd3y08/when_are_you_going_to_wake_the_fuck_up/	When are YOU going to Wake. The. Fuck. Up?! 🤔🤣
8r9i1		1643196946.0	sd3z0w	/r/PoliticalHumor/comments/sd3z0w/it_is_like_they_are_russian_patriotssmh_its_hard/	It is like they are Russian Patriots...smh. It's hard to believe their ancestors fought against the monarchy.
65r73sww		1643197042.0	sd3zvq	/r/PoliticalHumor/comments/sd3zvq/inflation_good/	Inflation good.
2q90pprk		1643197559.0	sd44q2	/r/PoliticalHumor/comments/sd44q2/the_lets_go_brandon_crowd_is_all_upset_over_some/	The “Let’s go Brandon” crowd is all upset over some locker room talk
68exmtvd		1643197737.0	sd46aj	/r/PoliticalHumor/comments/sd46aj/i_guess_its_back_to_whacking_off_to_gummy_bears/	I guess it’s back to whacking off to gummy bears
aknv7		1643197878.0	sd47p2	/r/PoliticalHumor/comments/sd47p2/patriot/	Patriot
7m9cij77		1643198256.0	sd4bfw	/r/PoliticalHumor/comments/sd4bfw/neil_young_at_woodstock_2025/	Neil Young at Woodstock 2025
12jnliml		1643199040.0	sd4jro	/r/PoliticalHumor/comments/sd4jro/shut_up_and_dribble_unless_you_agree_with_me/	"'Shut up and dribble', unless you agree with me"
ah3qqizb		1643199090.0	sd4kbn	/r/PoliticalHumor/comments/sd4kbn/mtghot_on_the_trail_of_those_commie_bastards/	MTG….hot on the trail of those Commie bastards!
7gjvtw26		1643199443.0	sd4nv9	/r/PoliticalHumor/comments/sd4nv9/perfectly_fine_nothing_to_see_here/	Perfectly fine. Nothing to see here!
3yv2rb		1643200584.0	sd4zk4	/r/PoliticalHumor/comments/sd4zk4/trump_gets_his_wall/	Trump gets his wall
hgyvhjga		1643200800.0	sd51nt	/r/PoliticalHumor/comments/sd51nt/dont_make_a_mockery/	Dont make a mockery
3yv2rb		1643201042.0	sd54da	/r/PoliticalHumor/comments/sd54da/republican_victims_vs_real_victims/	Republican victims vs real victims
3yv2rb		1643201141.0	sd55cz	/r/PoliticalHumor/comments/sd55cz/we_need_to_drop_the_gop_players_and_build_up_our/	We need to drop the GOP players and build up our defense in the next draft
3yv2rb		1643201668.0	sd5c6c	/r/PoliticalHumor/comments/sd5c6c/gop_mvp/	GOP MVP
4oxawpqi		1643202818.0	sd5p5u	/r/PoliticalHumor/comments/sd5p5u/got_to_clean_them_there_glasses/	Got to clean them there glasses
7v6cowqe		1643202823.0	sd5p8q	/r/PoliticalHumor/comments/sd5p8q/tucker_wants_his_sexy_mms_and_he_aint_trying_to/	Tucker wants his sexy M&M's and he ain't trying to hide it
e81tefn9		1643203448.0	sd5whg	/r/PoliticalHumor/comments/sd5whg/mom_needs_24_hour_medical_care_trump_needs_24/	Mom needs 24 hour medical care. Trump needs 24 hour surveillance. You know when it's time to put them where they both belong 😉.
5j8zgwuh		1643203726.0	sd5zml	/r/PoliticalHumor/comments/sd5zml/but_commienism_killed_millions_i_guess_i_placed/	“BuT CoMmIeNiSm KiLled MiLLiOnS”. I guess I placed this here because I find the irony humorous.
g1qylqub		1643205341.0	sd6ir2	/r/PoliticalHumor/comments/sd6ir2/laura_loomer_is_struggling_to_come_to_grips_with/	Laura Loomer is struggling to come to grips with the antisemitism of her Nazi Allies
gstak7b5		1643205523.0	sd6kx5	/r/PoliticalHumor/comments/sd6kx5/maga_make_believe/	MAGA make believe
5uucz		1643205574.0	sd6ljw	/r/PoliticalHumor/comments/sd6ljw/when_your_policies_echo_into_the_future_i_dont/	When your policies "echo into the future" I don't think this is what you should be aiming for.
bskmi00h		1643205712.0	sd6nld	/r/PoliticalHumor/comments/sd6nld/a_billionaire_needs_your_money_to_pay_his_friends/	A Billionaire needs your money to pay his friends for air time on their network. Won't you help?
bskmi00h		1643205925.0	sd6qc8	/r/PoliticalHumor/comments/sd6qc8/this_just_for_you_because_you_are_special/	This just for you because you are special
cjjhs		1643206338.0	sd6vac	/r/PoliticalHumor/comments/sd6vac/an_old_picture_that_helps_explain_tuckers_old/	An old picture that helps explain Tuckers old obsession with bowties and his obvious candy fetish.
66yq5odd		1643207457.0	sd799o	/r/PoliticalHumor/comments/sd799o/shhh_its_secret_code/	shhh it's secret code
