author	selftext	created_at	s_id	permalink	title
jamoc		1642620886.0	s7ydgc	/r/russia/comments/s7ydgc/using_a_water_dispenser_1960s/	Using a water dispenser, 1960s
dwqsmbmz	Hello,      I have weird fascination about this city. Its good city to live in? Maybe someone is from city itself and can tell some trivia :)	1642622774.0	s7z4tc	/r/russia/comments/s7z4tc/how_is_life_in_vladivostok/	How is life in Vladivostok?
hvrrhsqq		1642626647.0	s80n8q	/r/russia/comments/s80n8q/yakut_woman_ph_alexander_khimushin/	Yakut woman. Ph: Alexander Khimushin
165q9z	I've been watching allot of russian movies from the late 90s early 2000s and it feels like they redubbed their own voices? Is that the case?	1642629584.0	s81spn	/r/russia/comments/s81spn/are_russian_speaking_movies_dubbed_over/	Are Russian speaking movies dubbed over?
8eidtjdv	Hello,  My name is Sean Murray. I am a student in digital publishing. I am writing a piece on how Russian Canadians have been affected by the current tensions between the Ukraine and Russia. Are there any Russian Canadians on this subreddit who would be willing to answer a few questions? The responses provided by the individual would be included in the article, and only be seen by my instructor. If you are interested, can you please let know so I can DM you the questions? I have attached a link to my LinkedIn profile below. Thank you for your time.  Sincerely,  Sean Murray  [https://www.linkedin.com/in/sean-murray-107168133/](https://www.linkedin.com/in/sean-murray-107168133/)	1642630321.0	s823jv	/r/russia/comments/s823jv/request_to_submit_questions_for_purposes_of/	Request to submit questions for purposes of writing an article on Russia-Ukraine tensions
ym74t	Здравствуйте! Я пишу диссертацию и у меня есть просьба. Мне нужно проверить мою грамматику. Кто-то из вас будет помогать мне?	1642630373.0	s824al	/r/russia/comments/s824al/i_need_help/	I need help!
h3774	Hello from USA! Grandma grew up in Russia and loves to read. For her birthday I want to get her a book in Russian that is a top seller or very popular read.   Any recommendations??  Thank you in advances!	1642630885.0	s82buv	/r/russia/comments/s82buv/russia_book_recommendations_for_grandma_birthday/	Russia Book recommendations for Grandma birthday
2e71i9ol	 My friend needs to sign 2 Russian Power of Attorney documents and 1 de-registration document for his family to sell property in Russia. He needs the POA’s certified and the de-reg authenticated (witnessed signature). He resides in Canada on a work visa. He has an appointment with the Russian embassy but he may not be able to make it. He was told this is where he should go but we’re both confused and unsure on the process. Appointments are fully booked at the embassy and it’s a time sensitive matter. Is there alternative ways to go about this quickly?   Any advice would extremely help in this situation!	1642634700.0	s83t4q	/r/russia/comments/s83t4q/russian_documents_abroad/	Russian Documents Abroad
i4m9n4ik		1642635109.0	s83yos	/r/russia/comments/s83yos/which_was_the_stupidest_question_that_you_heard/	Which was the stupidest question that you heard about Russia?
7s28j8e5		1642636874.0	s84lvd	/r/russia/comments/s84lvd/russia_dumps_900_million_more_in_us_treasuries_as/	Russia Dumps $900 Million More in US Treasuries as Total Investment Hits Historic Low
7s28j8e5		1642637108.0	s84p2q	/r/russia/comments/s84p2q/russian_missiles_in_cuba_venezuela_whats_behind/	'Russian Missiles in Cuba & Venezuela': What's Behind Moscow's Hardball Rhetoric?
4pmx34jm		1642637308.0	s84rmn	/r/russia/comments/s84rmn/altai_republic_2022/	Altai Republic (2022)
7qpjs7hz		1642640454.0	s85vwx	/r/russia/comments/s85vwx/sirin_and_alkonost_by_viktor_vasnetsov_1896/	Sirin and Alkonost by Viktor Vasnetsov 1896
8art6g8g		1642640499.0	s85wmr	/r/russia/comments/s85wmr/именины_у_кристины_christinas_birthday_секрет/	Именины у Кристины (Christina's Birthday) | Секрет (Secret) | Mishasfriends Band
11gbha	I've been living in Moscow for a few months, and will have to stay for about a year more. I speak perfect Russian.  So what are some opportunities to meet nerdier people in Moscow?	1642650713.0	s89e5e	/r/russia/comments/s89e5e/where_to_meet_new_people_in_moscow/	Where to meet new people in Moscow?
ddh1q3nz		1642659705.0	s8c7jl	/r/russia/comments/s8c7jl/excuse_me/	Excuse me?
awr7o9qy		1642665539.0	s8ds5i	/r/russia/comments/s8ds5i/how_did_your_family_contribute_to_victory_in_the/	How did your family contribute to victory in the Great Patriotic War?
5gnfaqxe	I'm half Russian from the US (Russian father; American mother). If I had a dollar for every stupid thing I heard about Russia I could've retired when I graduated high school. 1) people ask if Russia is still Communist or are surprised when I tell them it's not. This was not just in elementary school but I've been asked by grown ass adults who were adults when the Soviet Union collapsed. 2) Is Ukraine (or Moldova or another former Soviet country) in Russia? 3) someone asked if Russians drink eel blood. Eel blood is poisonous to humans.  4) Why do Russians hate Jews? It's a long fucking story 5) do you hate gay people? No, I don't 6) do you hate blacks (people of color in general)? IDK did Russia colonized Africa or Latin America?    Also, I had a Spanish teacher who told me to go back to Crimea, my dad from Moscow lol735146	1642665622.0	s8dt3d	/r/russia/comments/s8dt3d/anyone_else_in_the_russian_diaspora_get_asked/	Anyone else in the Russian diaspora get asked these stupid questions?
lahvn		1642666888.0	s8e4qv	/r/russia/comments/s8e4qv/cosmonauts_mosaic_perm_russia/	Cosmonauts Mosaic- Perm, Russia
cfmh2e2	I live in Germany and thus the way we talk about the situation aligns with the general western view of Russia (you already know that). So I'd like to ask you Russian redditors to tell me how you feel about the situation.	1642669039.0	s8en9z	/r/russia/comments/s8en9z/what_is_the_russian_perspective_on_the_ukraine/	What is the Russian perspective on the Ukraine situation?
7qpjs7hz		1642671498.0	s8f8xc	/r/russia/comments/s8f8xc/the_flying_carpet_viktor_vasnetsov/	The Flying Carpet, Viktor Vasnetsov
6ls3s9r2	I was reading about the current Defense Minister of Russia and in his hobbies it said he was interested in the period of Peter the Great and the Decemberist Revolt.  And it made me wonder, how do most Russians view Catherine the Great? Or what are the varying opinions of her? Is she seen as a feminist figure at all?	1642670486.0	s8f08k	/r/russia/comments/s8f08k/how_do_russians_view_catherine_the_great/	How do Russians view Catherine the Great?
ib6p23ku		1642676341.0	s8gfyk	/r/russia/comments/s8gfyk/western_liberals_be_like/	Western liberals be like...
1nz4fhmm	I got an online history hse entrance exam next month, and the practice tests seem impossible, The exam covers a ridiculous amount of information. If anyone here is an hse student who passed the exam with 80 or more points, can you please share your experience. Thanks!	1642901823.0	sahv89	/r/russia/comments/sahv89/higher_school_of_economics/	Higher school of economics
ivytkyi4	So, basically I started thinking moving to Russia to just see how life is here, I may even to Omsk!     But in general, I would like to know what is the Russian point of view on things and when I search I ONLY get western point of view (and let's say that I don't trust the West anymore) I am not even going to talk about the Ukraine crisis where I do agree with Russia ffs, I mean it's worst than Cuba and we all know how it went and the US gun lobbies are sad now that most of their stuff was gifted to the teletubbies, so they want to create another conflict...      I am not talking about State owned channel because I don't trust any of those from Fox news, to RT, to Skynews, I am looking for a YouTube channel that just talks about stuff and shows them how they are.     I never saw/heard Russian's opinion about doneks, luhanks, or crimea for all I know it was a land invasion, but I found that they 'crimea' voted to be Russian in early 2000s and I found out because a Russian guy told me to look it up.     Is there any good YouTube channel IN ENGLISH or at least has English subs that you would recommend?	1642898753.0	saguia	/r/russia/comments/saguia/any_youtube_channel_that_shows_russian_point_of/	Any YouTube channel that shows Russian point of view of things?
g8e7y		1642922935.0	sao3n3	/r/russia/comments/sao3n3/just_some_russian_dinosaurs/	Just some Russian dinosaurs
7s28j8e5		1642924300.0	saofyb	/r/russia/comments/saofyb/in_the_vyborgsky_district_of_the_leningrad_region/	In the Vyborgsky district of the Leningrad region, the Cancer Lakes reserve is located. For the convenience of visitors, wooden flooring has been laid here, and it is convenient to watch birds from ornithological towers. Photo: vkus kakao
7s28j8e5		1642925573.0	saos5k	/r/russia/comments/saos5k/a_surreal_purple_corner_on_mendeleevskaya_street/	A surreal purple corner on Mendeleevskaya Street in Moscow. Photo: andrey_moshkarov
7s28j8e5		1642926124.0	saowzg	/r/russia/comments/saowzg/art_object_in_moscow_near_the_baumanskaya_metro/	Art object in Moscow near the Baumanskaya metro station on Olkhovskaya street. The official name is "Emotional Mother", the unofficial nickname is "Shamed America". Photo: andrey_moshkarov_ph
iszry86j	Saw on /europe people saying that Russians especially in the far east view china with fear and suspicion because chinese want to annex siberia. Is this a real sentiment?	1642926012.0	saovtk	/r/russia/comments/saovtk/do_russians_view_china_with_fear_and_suspicion/	Do Russians view China with fear and suspicion?
12uxlw	Do you see other Slavs as brothers? What do you think about Slavic nations that are part of West?	1642927761.0	sapb5l	/r/russia/comments/sapb5l/is_panslavism_a_thing_among_russians/	Is panslavism a thing among Russians?
gt0b7m95		1642929156.0	sapnsa	/r/russia/comments/sapnsa/reddit_moment/	Reddit moment
5achrqzn	Привет всем! As the Covid pandemic begins to subside, and assuming that Biden doesn’t start something stupid in Ukraine, my dad has offered to take me and my six year old daughter to Russia this summer (we’ve been trying to get to Saint Petersburg and Moscow for the past two summers, only to have our visas canceled last-minute due to Covid/non-recognition of our American vaccines).   My daughter requires the use of a wheelchair or walker to get around on her own. Knowing that Saint Petersburg and Moscow are historic cities, I am aware that she will generally have a difficult time getting around independently, but are things like shops, restaurants, and museums at least accessible at a basic level? How about the metro and buses in either city? A friend who’s visited Moscow said the gap between the platform and subway car is upwards of six inches in most places, is that still the case? She’s just really mastering getting around on her own here in our corner of rural America, and I’m not sure how she’d do in a bustling metropolis.   She’s a budding Russophile, wants to learn Russian as her first foreign language, and is beyond excited by the prospect of being able to visit, but I don’t want her to be miserable the entire time if she can’t get around easily, or worse, in dangerous situations in places like the metro.	1642929517.0	sapqs1	/r/russia/comments/sapqs1/disability_access_in_st_petersburgmoscow/	Disability access in St. Petersburg/Moscow
ap76w82d	Last month I came across the band "Nautilus Pompilius" from Ekaterinburg. Do you know some bands with similar style of music ? Or some rock from 80's - 90's.  Спасибо за ответы.	1642930917.0	saq2wd	/r/russia/comments/saq2wd/would_you_like_to_recommend_me_some_russian_rock/	Would you like to recommend me some Russian rock bands ?
lahvn		1642931593.0	saq8o1	/r/russia/comments/saq8o1/mig_on_takeoff_perm/	Mig on Takeoff - Perm
ayyxx		1642938547.0	sarzpz	/r/russia/comments/sarzpz/central_house_of_scientists_moscow_with_virtual/	Central House of Scientists, Moscow with virtual tour
g8e7y		1642940772.0	saslb7	/r/russia/comments/saslb7/siberian_cat_breed/	Siberian cat breed
ahle7qv5	Couldn't find any information but I have seen multiple combat videos on YouTube etc of russian troops inside Russia who all wear a white or coloured cloth strip tied around their arm, can someone shed some light on this? (Just curious about it as with recent videos on the Ukrainian crisis I have noticed ukrainians wear it as well, is it for good luck?)	1642944995.0	satt2f	/r/russia/comments/satt2f/cloth_strips_tied_onto_soldiers_arms/	Cloth strip's tied onto soldiers arms?
72pcp4dv		1642945207.0	satvfc	/r/russia/comments/satvfc/гибель_стерегущего_помилуй_нас_бог_всемогущий/	Гибель Стерегущего | Помилуй нас, Бог Всемогущий - патриотическая песня ...
31owd		1642951207.0	savvvw	/r/russia/comments/savvvw/what_would_peter_the_great_say_to_putin_about/	What would Peter the Great say to Putin about space power?
7m6xsy8n		1642952340.0	sawa17	/r/russia/comments/sawa17/street_basketball_ussr_1961/	Street basketball. USSR, 1961.
gz2wbdfc		1642961427.0	sazrvr	/r/russia/comments/sazrvr/snowy_day_in_rogovskaya_russia_photo_taken/	Snowy day in Rogovskaya, Russia (photo taken yesterday)
1pdcyr00	For example, from European, US, Indian subcontinent, Africa, Asian Will there be a degree of difference in attitude? (Not implicating racism, just how people would react)	1642963544.0	sb0mhu	/r/russia/comments/sb0mhu/what_do_russians_think_of_someone_outside_of/	What do Russians think of someone outside of Russia dating someone Russian?
fi55dx4	I am looking for stuff from  Valery Zolotukhin I really fell in love with his music	1642965204.0	sb1a9l	/r/russia/comments/sb1a9l/where_can_i_find_russian_vinyl/	Where can I find Russian vinyl ?
ya8ay	Not the Stalker phrase, but the counting-out rhyme that formed the basis for the slang phrase that was put into that game; all I've found on the internet is that it's similar in purpose to the English/American "Eeny meeny miny mo", it starts with "cheeki breeki", and that it exists.  Does anybody here remember it from the depths of their childhood?	1642965321.0	sb1buj	/r/russia/comments/sb1buj/whats_the_rhyme_that_cheeki_breeki_comes_from/	What's the rhyme that "Cheeki Breeki" comes from?
dz7cdv1m	I have the feeling that both US and also many european countrys (especially eastern EU countrys) constantly try to play out germany and russia against each other and it makes me really sick.   I feel like russia and germany could be very good allies. I live in germany for 30 years and never felt that russia wants anything bad for us even though they would have a reason. I remember how putin was speaking for almost an hour in german language in front of our Bundestag and I was really proud being half german and half russian back then and I thought that our countrys will have a great future together  But now it seems like everything is fucked up and everyone around us wants that we somehow act against russia. I feel that a lot of germans and german politicians are neutral about russia but are pressured by partners.  This is not really a question or a valuable comment, Im just very irritated and dont know how you guys think about all of that.	1642968084.0	sb2e6s	/r/russia/comments/sb2e6s/sick_about_german_russian_relations/	Sick about german/ russian relations
bjuxi8oy		1642967381.0	sb246k	/r/russia/comments/sb246k/птюч/	Птюч
7s28j8e5		1642970123.0	sb362b	/r/russia/comments/sb362b/st_petersburg_view_of_the_blagoveshchensky_bridge/	St. Petersburg, view of the Blagoveshchensky bridge. Photo: andrei_mikhailov
3vs1yy0f	Hey guys i am an azeri but i am living in poland rn ok so long story short i am travelling in eastern europe ehenever i have chance qnd now i want to visit kaliningrad do i need visa.(yeah i have azerbaijan's cituzenship)	1642973751.0	sb4kwj	/r/russia/comments/sb4kwj/i_can_enter_russia_without_needing_visa_can_i/	I can enter russia without needing visa can i visit kaliningrad too?
75h8hb9f		1642973981.0	sb4nxs	/r/russia/comments/sb4nxs/russian_leaders_nesty_bois/	Russian Leaders Nesty bois
7s28j8e5		1642974463.0	sb4v27	/r/russia/comments/sb4v27/snowy_evening_in_vyborg_photo_elenaleonardovna/	Snowy evening in Vyborg. Photo: elenaleonardovna
7s28j8e5		1642978128.0	sb6abd	/r/russia/comments/sb6abd/children_dressed_in_national_clothes_of_various/	Children dressed in national clothes of various peoples of the USSR
80sjmd0w	I'm watching a series called кухня and there are some people from Kavkaz that are described as somewhat primitive, maybe even dangerous, they speak a bit differently, all in all they are portrayed in a negative light. Are these the stereotypes about people from Kavkaz, do they hold any truth?  По-русски я плохо говорю, поэтому здесь короче: Какие стереотипы о людях из кавказа?	1642979272.0	sb6ptc	/r/russia/comments/sb6ptc/what_are_the_stereotypes_about_people_from_the/	What are the stereotypes about people from the Caucasus (Кавказ)?
x7aes		1642979279.0	sb6pwg	/r/russia/comments/sb6pwg/liberaldemocrats/	Liberal-democrats
5mzbhvto		1642980672.0	sb78fw	/r/russia/comments/sb78fw/what_are_peoples_thoughts_on_пошлая_молли_are/	What are peoples thoughts on Пошлая Молли? Are they popular in Russia? I just got into then a couple months ago and just wanted to know everyones thoughts.
7s28j8e5		1642983202.0	sb8524	/r/russia/comments/sb8524/httpswwwrbthcom_in_my_opinion_the_best_site_in/	https://www.rbth.com/ In my opinion, the best site in English about Russian culture, traditions, peculiarities of life, etc. A lot of relevant and new information wants to know the real Russia, and not the Russia that is shown in the Western media.
