author	selftext	created_at	s_id	permalink	title
u2xsug3	I used to be in a support group in Jeddah 2019 and it helped me a lot I met new people and it was my secret sanctuary no one knows about and I met lots of new people who has their own story to tell and learned many new things, so if you are in Khobar, dammam or Dhahran tell me if you are interested?	1642361242.0	s5jd2f	/r/saudiarabia/comments/s5jd2f/hello_everyone_i_planning_to_start_a_support/	Hello everyone I planning to start a support group in eastern province tell me if you are interested
61b6tq0t	Hey guys,  Who is your favorite foreign Youtuber? I'm trying to make a list of popular foreign youtubers who have a large Saudi audience. Any suggestions welcome and appreciated. 	1642365990.0	s5l57c	/r/saudiarabia/comments/s5l57c/who_is_your_favorite_اجنبي_youtuber/	Who is your favorite اجنبي youtuber?
7ncxg		1642367290.0	s5ln0m	/r/saudiarabia/comments/s5ln0m/thought_this_belongs_here_as_well/	Thought this belongs here as well
84ql0		1642367719.0	s5lsrs	/r/saudiarabia/comments/s5lsrs/ولدنا_بالددسن_و_هو_شد_بلد_يسابق_سيارة_محترفين/	ولدنا بالددسن و هو شد بلد يسابق سيارة محترفين مجهزة
bkg8f0d3		1642371270.0	s5n4ch	/r/saudiarabia/comments/s5n4ch/taifsaudi_arabia/	Taif-Saudi Arabia
bh0s4l0x	I’m looking to ship something to Sa, what companies would you recommend.  is Alami good?	1642374008.0	s5o40i	/r/saudiarabia/comments/s5o40i/package_forwarding/	Package forwarding
i81a18f6	Anyone know a shop or someone that has a new PS5 (Disk Version) with a price not more then 2800 SR?	1642376745.0	s5p4y1	/r/saudiarabia/comments/s5p4y1/affordable_ps5_in_riyadh/	Affordable PS5 in Riyadh?
156qmt	any good pakistani restaurants specifically	1642383268.0	s5rfao	/r/saudiarabia/comments/s5rfao/any_restaurant_recommendations_in_madinah_around/	Any restaurant recommendations in Madinah, around Masjid an-Nabawi, preferably on the King Fahd Gate side?
933g795b	 Salam, so I’ve been doing research and I really would like to move to Saudi Arabia. I’m Palestinian and the culture and people have always intrigued me. My only requirement is that I’m somewhat close to the holy land.  What are some good opportunistic places for a 22 year old Palestinian American like me to move to ? I’ve looked into Jeddah. But what are some other good places as well ? Of course one where it’s easy to find a job as well with nice people	1642392468.0	s5uiw0	/r/saudiarabia/comments/s5uiw0/american_looking_to_move_to_saudi_arabia_near/	American looking to move to Saudi Arabia near holy land. Suggestions ?
4oehny0j	Which one is better if you have tried both? Or do you have any better suggestion?	1642407823.0	s5z0d0	/r/saudiarabia/comments/s5z0d0/car_services_petromin_express_or_fuchs_one_stop/	Car services: petromin express or fuchs one stop
e4alwn5u	Hello beautiful people. I'm traveling in 3 days and I need to get a PCR test done .. sadly my sehaty app shows there are no appointments available currently .so does anyone know where I can get a valid Traveling PCR test done. I'm hoping if there are other options they would be cheap.	1642409185.0	s5zcuw	/r/saudiarabia/comments/s5zcuw/pcr_test_riyadh/	PCR Test Riyadh
7gg41	As the title says, to get to the location options in settings can be bothersome so I made a simple shortcut to take you directly to it in one click and adjust as you need. You can save the shortcut to your home screen next to it.  Enjoy.  https://www.icloud.com/shortcuts/4218c50c20144676bbd1d72762409643  I’m up for any suggestion for this shortcut.	1642409481.0	s5zflz	/r/saudiarabia/comments/s5zflz/tawakkalna_ios_shortcut_to_the_location_menu/	Tawakkalna iOS shortcut to the location menu.
4dxhrnos	Hey, is there any shop (online or in-store) that sells books at reasonable prices and have a good variety? I know usual ones like Jarir and Amazon sa but they are insanely overpriced. Any help would be appreciated	1642412186.0	s604zy	/r/saudiarabia/comments/s604zy/books_in_saudi_arabia/	Books in Saudi Arabia
4b1ikdjj	That’s pretty much it.	1642414317.0	s60p7c	/r/saudiarabia/comments/s60p7c/which_companymarketbusiness_is_missing_in_saudi/	Which company/market/business is missing in Saudi Arabia that would otherwise be super beneficial?
a27ex2kl		1642415407.0	s60zdf	/r/saudiarabia/comments/s60zdf/1997_2022/	1997 - 2022
89yf2axp	There’s atleast 3 people in my class who’ve had/still have covid. It’s within their best interests to shut down schools   Update: half the class has covid, I would’ve gotten it aswell if I wasn’t absent	1642416207.0	s616tt	/r/saudiarabia/comments/s616tt/why_doesnt_the_ministry_of_education_make_school/	Why doesn’t the ministry of education make school and university online?
b2lnmlc		1642416344.0	s6183x	/r/saudiarabia/comments/s6183x/anyone_know_which_month_it_is_on_the_stamp_would/	Anyone know which month it is on the stamp? Would be super grateful if someone could translate this date into gregorian
4tuho		1642428163.0	s64pr1	/r/saudiarabia/comments/s64pr1/haraj_bin_qassem_today/	Haraj Bin Qassem today
dhurayza	Zain doesn’t reply, STC is shit, and mobily is just a network extender for STC.  Any others that are good?	1642433773.0	s66rfd	/r/saudiarabia/comments/s66rfd/best_internet_provider_in_saudi/	Best internet provider in saudi?
3b5ue1j4	Weird question to ask but i am a big a fan of sushi.  When i was abroad, i used to go to a restaurant with open sushi. I payed ~30$ and i eat as much as i can.  Does anyone know a place with open sushi?  Sushi is expensive in Riyadh but I believe it’s worth it. It would be better with open sushi.	1642435858.0	s67ksc	/r/saudiarabia/comments/s67ksc/open_sushi_in_riyadh/	Open sushi in riyadh
16zvorau	What made people's opinions change about Jeddah? Any new developments?	1642438221.0	s68its	/r/saudiarabia/comments/s68its/why_have_people_been_praising_jeddah_as_of_late/	Why have people been praising Jeddah as of late?
1i1zgwk3	Hello guys,   I am sorry if this isn't the right subreddit for this. But I have went to MDL festival and noticed that a lot of people here are into electronic music and have good taste.  I'm a DJ and I was wondering if you guys would like to share with me any house remixes of popular songs that you love!  It could also be some Arabic folklore with an electronic twist, like this: [https://www.youtube.com/watch?v=FVYOYK-1wLE](https://www.youtube.com/watch?v=FVYOYK-1wLE)  And here's a deep house remix of a Michael Jackson song (I actually heard this while I was walking to the busses during the first day of MDL): [https://www.youtube.com/watch?v=ssipvRMnYgY](https://www.youtube.com/watch?v=ssipvRMnYgY)  I am currently situated in Jeddah and if I ever find myself playing to any crowd here I would love to include this style of music.  I love playing this type of music to a crowd in a general setting because it has the best of both worlds in it. I have seen a lot of people who aren't generally into techno or house, but who start grooving and bobbing their heads to songs that they already know but played in this style!  Thanks so much!	1642442260.0	s6a756	/r/saudiarabia/comments/s6a756/what_are_your_favorite_electronic_house_remixes/	What are your favorite electronic / house remixes of popular hits?!
bgt9cupi		1642443032.0	s6aixy	/r/saudiarabia/comments/s6aixy/the_hardest_thing_to_eat/	The hardest thing to eat
51mab12q		1642444316.0	s6b2is	/r/saudiarabia/comments/s6b2is/valid_card_for_discount_or_its_rubbish/	Valid card for discount or its rubbish?
gkmaqyfj		1642447965.0	s6cldn	/r/saudiarabia/comments/s6cldn/تويتر_اكثر_تطبيق_مليان_دراما_وكذب/	تويتر اكثر تطبيق مليان دراما وكذب
ssyxwdq		1642448411.0	s6cruj	/r/saudiarabia/comments/s6cruj/tabuk/	TABUK 😍
38vlyhb9		1642457269.0	s6ge0i	/r/saudiarabia/comments/s6ge0i/missing_medina_will_visit_soon/	Missing Medina. Will visit soon.
1eio8u7x	Sharqiyah here, we have like the biggest skatepark yet no skate shops here. You wanna get rich? Just open one..  Anyways, I know theres locosonix in riyadh, but they don't really have good stuff I can order online to here (mostly the meh prebuilt customs), and theres Siteenstreet in jeddah but everything is sold out.  So where can I buy at this point that sells good stuff and will ship internationally, or if theres any place im missing please lmk.	1642485963.0	s6qf21	/r/saudiarabia/comments/s6qf21/where_can_i_get_good_skate_boards_from_here/	Where can I get good skate boards from here.
fzmzolb1	How fair is it that some people get to go on the hajj multiple times in their lives? Muslims believe that everyone should go on the hajj just once in their lives (assuming they can afford it & have the health to do so), so shouldn't the policies be engineered to let the most number of Muslims get to do the hajj just once and check that box off on their bucket list?	1642490772.0	s6rqz5	/r/saudiarabia/comments/s6rqz5/since_there_are_roughly_2_billion_muslims/	Since there are roughly 2 billion Muslims worldwide and only 2 million of them (or 0.1%) get to go on hajj annually, why doesn't the Saudi government limit pilgrimages to once a lifetime?
f7sba3nu	نحن نبحث عن شركة نتعاون معها مؤخرًا ، يرجى PM لي مرة أخرى	1642490851.0	s6rroc	/r/saudiarabia/comments/s6rroc/هل_توجد_خدمة_مخازن_في_الرياض/	هل توجد خدمة مخازن في الرياض؟
ioj67hzo	I might have adhd and i want to get diagnosed I cant go with my dad because he doesn't believe in that kind of "stuff" and says I am fine also how much does it cost in Khobar       also I cant go with my mom cause I live far away from her      thanks in advance	1642440986.0	s69o1y	/r/saudiarabia/comments/s69o1y/can_someone_under_18_go_to_the_psychiatrists_alone/	can someone under 18 go to the psychiatrists alone
iogll9e9	Hey everyone. Is there any place where I can buy Propecia / Finastride in Riyadh? I checked Dawaa, Nahdi and Sulaiman Al Habib and they all dont have stock.	1642429422.0	s655gu	/r/saudiarabia/comments/s655gu/propecia_finastride/	Propecia / Finastride
io9m68dj	I study in a CBSE school , where we have a choice to choose a stream (our subjects )in grade 11 .I chose medical (physics, chemistry, biology and physical education) , this way I've studied math only till 10th grade . I want to write the tahsili exam but like what do i do??? like  it has math and i haven't studied the 11th n 12th grade math !!	1642413902.0	s60lbo	/r/saudiarabia/comments/s60lbo/help/	help
fn9blb1w	Hi lovely peeps,  As someone who lived outside the KSA, and moving to Riyadh for an event soon been wondering if you can save my day with best places to shop for men. Any recommendations?   I Appreciate your time <3	1642492164.0	s6s3zn	/r/saudiarabia/comments/s6s3zn/what_are_the_best_places_to_buy_business_clothes/	What are the best places to buy business clothes in Riyadh?
d6a8q1yr		1642498740.0	s6tq56	/r/saudiarabia/comments/s6tq56/what_can_you_get_with_this/	What can you get with this?
e4alwn5u	Why are people such assholes I just got covid and I'm sure it's because I went to the hospital and this guy didn't keep any distance and started coughing like an ass. And when I told him to get back a few meters he got offended ... I have a flight in two days now I have to be in isolation because of that mf.	1642499143.0	s6ttwv	/r/saudiarabia/comments/s6ttwv/omnicron/	Omnicron.
8r2c612f		1642506559.0	s6vql3	/r/saudiarabia/comments/s6vql3/i_got_my_booster_shot_yesterday_and_later_found/	I got my Booster shot yesterday and later found out that I received three different vaccine every time.
vfpz0b4	Hello. I am 20 yrs old and want to rent a car. All rental agencies i went to have told me that the minimum age is 21 or 23 years old. Do any if you know of a rental agency or app that doesnt have this requirement? Im in Jeddah	1642516274.0	s6yubs	/r/saudiarabia/comments/s6yubs/rent_a_car_less_than_21_years_old/	Rent a car less than 21 years old
12e4rz		1642517972.0	s6zg1i	/r/saudiarabia/comments/s6zg1i/hollywood_and_saudi_arabia_teaming_up_to_produce/	Hollywood and Saudi Arabia teaming up to produce movie set in 7th century Arabia, starring eminent Arab actors Anthony Mackie and Ben Kingsley
63gegxj7		1642520405.0	s70c9j	/r/saudiarabia/comments/s70c9j/countdown_has_begun_looking_forward_to_creating/	Countdown has begun, looking forward to creating some more magical memories.
u2xsug3	I used to be in a support group in Jeddah 2019 and it helped me a lot I met new people and it was my secret sanctuary no one knows about and I met lots of new people who has their own story to tell and learned many new things, so if you are in Khobar, dammam or Dhahran tell me if you are interested?	1642361242.0	s5jd2f	/r/saudiarabia/comments/s5jd2f/hello_everyone_i_planning_to_start_a_support/	Hello everyone I planning to start a support group in eastern province tell me if you are interested
61b6tq0t	Hey guys,  Who is your favorite foreign Youtuber? I'm trying to make a list of popular foreign youtubers who have a large Saudi audience. Any suggestions welcome and appreciated. 	1642365990.0	s5l57c	/r/saudiarabia/comments/s5l57c/who_is_your_favorite_اجنبي_youtuber/	Who is your favorite اجنبي youtuber?
7ncxg		1642367290.0	s5ln0m	/r/saudiarabia/comments/s5ln0m/thought_this_belongs_here_as_well/	Thought this belongs here as well
84ql0		1642367719.0	s5lsrs	/r/saudiarabia/comments/s5lsrs/ولدنا_بالددسن_و_هو_شد_بلد_يسابق_سيارة_محترفين/	ولدنا بالددسن و هو شد بلد يسابق سيارة محترفين مجهزة
bkg8f0d3		1642371270.0	s5n4ch	/r/saudiarabia/comments/s5n4ch/taifsaudi_arabia/	Taif-Saudi Arabia
bh0s4l0x	I’m looking to ship something to Sa, what companies would you recommend.  is Alami good?	1642374008.0	s5o40i	/r/saudiarabia/comments/s5o40i/package_forwarding/	Package forwarding
i81a18f6	Anyone know a shop or someone that has a new PS5 (Disk Version) with a price not more then 2800 SR?	1642376745.0	s5p4y1	/r/saudiarabia/comments/s5p4y1/affordable_ps5_in_riyadh/	Affordable PS5 in Riyadh?
156qmt	any good pakistani restaurants specifically	1642383268.0	s5rfao	/r/saudiarabia/comments/s5rfao/any_restaurant_recommendations_in_madinah_around/	Any restaurant recommendations in Madinah, around Masjid an-Nabawi, preferably on the King Fahd Gate side?
933g795b	 Salam, so I’ve been doing research and I really would like to move to Saudi Arabia. I’m Palestinian and the culture and people have always intrigued me. My only requirement is that I’m somewhat close to the holy land.  What are some good opportunistic places for a 22 year old Palestinian American like me to move to ? I’ve looked into Jeddah. But what are some other good places as well ? Of course one where it’s easy to find a job as well with nice people	1642392468.0	s5uiw0	/r/saudiarabia/comments/s5uiw0/american_looking_to_move_to_saudi_arabia_near/	American looking to move to Saudi Arabia near holy land. Suggestions ?
4oehny0j	Which one is better if you have tried both? Or do you have any better suggestion?	1642407823.0	s5z0d0	/r/saudiarabia/comments/s5z0d0/car_services_petromin_express_or_fuchs_one_stop/	Car services: petromin express or fuchs one stop
e4alwn5u	Hello beautiful people. I'm traveling in 3 days and I need to get a PCR test done .. sadly my sehaty app shows there are no appointments available currently .so does anyone know where I can get a valid Traveling PCR test done. I'm hoping if there are other options they would be cheap.	1642409185.0	s5zcuw	/r/saudiarabia/comments/s5zcuw/pcr_test_riyadh/	PCR Test Riyadh
7gg41	As the title says, to get to the location options in settings can be bothersome so I made a simple shortcut to take you directly to it in one click and adjust as you need. You can save the shortcut to your home screen next to it.  Enjoy.  https://www.icloud.com/shortcuts/4218c50c20144676bbd1d72762409643  I’m up for any suggestion for this shortcut.	1642409481.0	s5zflz	/r/saudiarabia/comments/s5zflz/tawakkalna_ios_shortcut_to_the_location_menu/	Tawakkalna iOS shortcut to the location menu.
4dxhrnos	Hey, is there any shop (online or in-store) that sells books at reasonable prices and have a good variety? I know usual ones like Jarir and Amazon sa but they are insanely overpriced. Any help would be appreciated	1642412186.0	s604zy	/r/saudiarabia/comments/s604zy/books_in_saudi_arabia/	Books in Saudi Arabia
4b1ikdjj	That’s pretty much it.	1642414317.0	s60p7c	/r/saudiarabia/comments/s60p7c/which_companymarketbusiness_is_missing_in_saudi/	Which company/market/business is missing in Saudi Arabia that would otherwise be super beneficial?
a27ex2kl		1642415407.0	s60zdf	/r/saudiarabia/comments/s60zdf/1997_2022/	1997 - 2022
89yf2axp	There’s atleast 3 people in my class who’ve had/still have covid. It’s within their best interests to shut down schools   Update: half the class has covid, I would’ve gotten it aswell if I wasn’t absent	1642416207.0	s616tt	/r/saudiarabia/comments/s616tt/why_doesnt_the_ministry_of_education_make_school/	Why doesn’t the ministry of education make school and university online?
b2lnmlc		1642416344.0	s6183x	/r/saudiarabia/comments/s6183x/anyone_know_which_month_it_is_on_the_stamp_would/	Anyone know which month it is on the stamp? Would be super grateful if someone could translate this date into gregorian
4tuho		1642428163.0	s64pr1	/r/saudiarabia/comments/s64pr1/haraj_bin_qassem_today/	Haraj Bin Qassem today
dhurayza	Zain doesn’t reply, STC is shit, and mobily is just a network extender for STC.  Any others that are good?	1642433773.0	s66rfd	/r/saudiarabia/comments/s66rfd/best_internet_provider_in_saudi/	Best internet provider in saudi?
3b5ue1j4	Weird question to ask but i am a big a fan of sushi.  When i was abroad, i used to go to a restaurant with open sushi. I payed ~30$ and i eat as much as i can.  Does anyone know a place with open sushi?  Sushi is expensive in Riyadh but I believe it’s worth it. It would be better with open sushi.	1642435858.0	s67ksc	/r/saudiarabia/comments/s67ksc/open_sushi_in_riyadh/	Open sushi in riyadh
16zvorau	What made people's opinions change about Jeddah? Any new developments?	1642438221.0	s68its	/r/saudiarabia/comments/s68its/why_have_people_been_praising_jeddah_as_of_late/	Why have people been praising Jeddah as of late?
1i1zgwk3	Hello guys,   I am sorry if this isn't the right subreddit for this. But I have went to MDL festival and noticed that a lot of people here are into electronic music and have good taste.  I'm a DJ and I was wondering if you guys would like to share with me any house remixes of popular songs that you love!  It could also be some Arabic folklore with an electronic twist, like this: [https://www.youtube.com/watch?v=FVYOYK-1wLE](https://www.youtube.com/watch?v=FVYOYK-1wLE)  And here's a deep house remix of a Michael Jackson song (I actually heard this while I was walking to the busses during the first day of MDL): [https://www.youtube.com/watch?v=ssipvRMnYgY](https://www.youtube.com/watch?v=ssipvRMnYgY)  I am currently situated in Jeddah and if I ever find myself playing to any crowd here I would love to include this style of music.  I love playing this type of music to a crowd in a general setting because it has the best of both worlds in it. I have seen a lot of people who aren't generally into techno or house, but who start grooving and bobbing their heads to songs that they already know but played in this style!  Thanks so much!	1642442260.0	s6a756	/r/saudiarabia/comments/s6a756/what_are_your_favorite_electronic_house_remixes/	What are your favorite electronic / house remixes of popular hits?!
bgt9cupi		1642443032.0	s6aixy	/r/saudiarabia/comments/s6aixy/the_hardest_thing_to_eat/	The hardest thing to eat
51mab12q		1642444316.0	s6b2is	/r/saudiarabia/comments/s6b2is/valid_card_for_discount_or_its_rubbish/	Valid card for discount or its rubbish?
gkmaqyfj		1642447965.0	s6cldn	/r/saudiarabia/comments/s6cldn/تويتر_اكثر_تطبيق_مليان_دراما_وكذب/	تويتر اكثر تطبيق مليان دراما وكذب
ssyxwdq		1642448411.0	s6cruj	/r/saudiarabia/comments/s6cruj/tabuk/	TABUK 😍
38vlyhb9		1642457269.0	s6ge0i	/r/saudiarabia/comments/s6ge0i/missing_medina_will_visit_soon/	Missing Medina. Will visit soon.
gtkbchw0	So maybe 4 years ago there was a short video where an American was being interviewed outside King Fahad Stadium before the Al Nassr/Al Ittihad Crown Prince Cup. It went viral because he didn't know Arabic and a Saudi said he knew English and tried to translate but couldn't. Anybody know this video and have a link?	1642696828.0	s8n38y	/r/saudiarabia/comments/s8n38y/looking_for_al_nassr_viral_video/	Looking for Al Nassr viral video
6fllallg	Hello I'm a sudanese girl, 19 yrs old turning 20 and I'm on the hunt for a job (mostly a cashier) at a supermarket or any other shop/cafe in riyadh but sadly most well paying jobs (4-5K riyals per month) require a saudi nationality (I only have an iqama, living with my father.) Can you please help me out and point out some jobs that aren't so strict w/ that requirement?	1642697336.0	s8n9zc	/r/saudiarabia/comments/s8n9zc/female_sudanese_teen_searching_for_a_job_in/	Female Sudanese teen searching for a job in Riyadh (as a resident)
6ggbu0js	On Netflix.   Please tell me I’m not the only one watching this and almost dying laughing 🤣   If you haven’t seen it yet, please check on Netflix.   My favorite episodes ‘lapis’ and latrine of secrets.  Just amazing.	1642700738.0	s8okoj	/r/saudiarabia/comments/s8okoj/county_masameer/	County Masameer
cd09ilao	I’m a young woman and i have just finished college two weeks ago and this week I signed a contract with a company with an astonishing salary that I don’t even dream of but somehow I’m not happy even though i have one of my closest friends with me and i have my own office. I have been crying every night this week and I know i seem ungrateful but I don’t know what’s wrong with me and I’m wondering if anybody has gone through the same and if it’s normal or not :(	1642701120.0	s8opt1	/r/saudiarabia/comments/s8opt1/new_chapter_depression/	New chapter depression
2m69cakq	I really need one for my project that's due on saturday. Please help.  &#x200B;  Any place within jeddah, preferably near azizyah.	1642703338.0	s8pkdn	/r/saudiarabia/comments/s8pkdn/does_anyone_know_where_to_get_a_bimetallic_strip/	Does anyone know where to get a bimetallic strip?
at6ias1f	في احد يعرف رجال اشكالهم امريكان او اوربيين اعمارهم في ال٣٠ تقريبا..  عشان في مديرة كاستنق من دبي محتاجة ممثلين وكومبارس  Does anyone know men who look American/European, about 30 years old, in the Kingdom, because I know a casting director from Dubai who wants to find actors/extras. Send me a message if you know!	1642704302.0	s8pxam	/r/saudiarabia/comments/s8pxam/casting_call_كاستنق/	Casting Call - كاستنق
3783rm69		1642714803.0	s8tpaz	/r/saudiarabia/comments/s8tpaz/a_brother_urgently_needs_blood_if_in_saudi_or_gcc/	A brother urgently needs blood. If in Saudi or GCC please help!
hzj7s7g		1642724949.0	s8x8pw	/r/saudiarabia/comments/s8x8pw/flipped_كسرات_into_a_breakcore_beat/	flipped كسرات into a breakcore beat 😭
h7iyt6r	Hello, I’m from Bahrain, and we have nowhere to stargaze because of the light pollution we have. So, I’m planning on going somewhere in Saudi suitable for stargazing. I’m aware of websites that show dark sky locations but I’m worried about going into any random place as I’m scared about my own safety going in the middle of nowhere in the middle of the night and also because I’m driving a small sedan and not used to drive into the desert at all. Does anyone know a class 1-2 darksite where I’m probably not going to be killed or have my car stuck? Thanks!	1642731334.0	s8zexb	/r/saudiarabia/comments/s8zexb/stargazing_in_middleeast_saudi/	Stargazing in middle/east Saudi?
5b3gi68	&#x200B;  https://reddit.com/link/s91xsw/video/ijwy1b3jwyc81/player	1642738891.0	s91xsw	/r/saudiarabia/comments/s91xsw/donkey_kong/	donkey kong
fhzmbx40		1642754900.0	s96dc2	/r/saudiarabia/comments/s96dc2/mmm_wood/	Mmm.. wood
7atprtfg		1642759683.0	s97idn	/r/saudiarabia/comments/s97idn/ميم_قديم_سويته_أول_ما_طلع_قرار_إضافة_حصة_الموسيقى/	ميم قديم سويته أول ما طلع قرار إضافة حصة الموسيقى في المناهج التعليمية في مدارس المملكة
an0y88d		1642771693.0	s9aqeh	/r/saudiarabia/comments/s9aqeh/fun_fact_tawakalna_keeps_track_of_your_location/	Fun fact: Tawakalna keeps track of your location every minute of the day, 24/7 - even if you never open it.
9vs1cwew	ثانكيو	1642773102.0	s9b6rr	/r/saudiarabia/comments/s9b6rr/اعطوني_موقعمواقع_يمديني_احمل_منها_أفلاممسلسلات/	اعطوني موقع/مواقع يمديني احمل منها أفلام/مسلسلات مترجمة عربي غير محجوبة من وزارة الإعلام
xpd647		1642775522.0	s9c1gt	/r/saudiarabia/comments/s9c1gt/winter_is_here/	Winter is Here
89gu3jlc		1642780878.0	s9e04i	/r/saudiarabia/comments/s9e04i/hi_i_just_bought_oculus_quest_2_vr_and_wondering/	Hi i just bought oculus quest 2 vr and wondering if there's any arab community in the virtual reality ?
7npnlo1w		1642781834.0	s9eczi	/r/saudiarabia/comments/s9eczi/anyone_else_who_got_3_different_vaccines/	anyone else who got 3 different vaccines 💀
3rc90xce		1642783570.0	s9f0xe	/r/saudiarabia/comments/s9f0xe/tries_to_save_2_seconds_by_moving_as_the_lights/	tries to save 2 seconds by moving as the lights turn green, ends up with a 800$ fine. they stopped there for a minute before accepting their fuckup
bvikcqhp	I honestly didn't know this was a thing, my older colleague used stc for last 30 years. 3 years ago he got a better postpaid offer at Zain and he just transferred his number to Zain. (Same number different carrier). Right now the Zain network barely has any signal in his work site, so he decided to get stc back. I accompanied him to the stc store and upon telling his number they claimed his number is blacklisted since he left stc. Now if he would like to take any packages he needs to take a new number. So like any one has any experience with this?	1642784754.0	s9fhji	/r/saudiarabia/comments/s9fhji/stc_blacklisted/	Stc blacklisted
3t1f8cyr		1642785027.0	s9fl6l	/r/saudiarabia/comments/s9fl6l/lucid_will_build_saudi_ev_factory_by_2026/	Lucid Will Build Saudi EV Factory by 2026, Chairman Says
34ru2zn3		1642787159.0	s9geg9	/r/saudiarabia/comments/s9geg9/as_someone_who_recently_moved_to_ryadh_and_drives/	As someone who recently moved to Ryadh and drives a lot,i had the urge to share this video from cgp grey :)
6ivo4ga	Hello i have moved to al nahda district in jeddah recently in an area of the district that doesn't have fiber and i cannot install dsl because of a long story that I don't want to get into, so i need a good alternative either 4g or 5g.  I really don't care about the speed i can live with 3 or 4mb download and whatever upload it doesn't matter to me the important thing is ping or latency i can play games on (mainly only league of legends) i already know ping is way better on wired connection (fiber/dsl) but i don't have access to either right now so i want the second best thing i could get.  What kind of router should i get? Who is the best isp for 4g and 5g? I have a lot of questions so if there is anyone knowledgeable about wifi and internet solutions in jeddah please let me know	1642807639.0	s9o4bf	/r/saudiarabia/comments/s9o4bf/help_with_internet_solution/	Help with internet solution
16tonc	I am travelling to Saudi for a few weeks for work and wanted to know if I can travel to Makkah to perform Umrah. Can you just turn up and perform Umrah? Do you need any paperwork to go to Makaah to perform Umrah  Any advice will be greatly appreciated	1642815864.0	s9qyxc	/r/saudiarabia/comments/s9qyxc/can_you_perform_umrah_on_a_business_trip/	Can you perform Umrah on a business trip?
bwspgtfo		1642837476.0	s9xa98	/r/saudiarabia/comments/s9xa98/the_script_is_coming_to_riyadh_anyone_coming_to/	The script is coming to Riyadh.... anyone coming to the show
3utoixhm	I'm looking for the cheapest way to order stuff from overseas through UK or US based websites like Amazon and eBay, etc… To Riyadh	1642837847.0	s9xde7	/r/saudiarabia/comments/s9xde7/cheapest_way_to_order_and_ship_stuff_from_usa/	Cheapest way to order and ship stuff from USA
6xzs0pf	How many days will it take to get negative in PCR ? I have my flight for 2nd February and yesterday i got positive for corona	1642843616.0	s9yrlb	/r/saudiarabia/comments/s9yrlb/how_many_days_will_it_take_to_get_negative_pcr/	How many days will it take to get negative PCR ?
1nf2s8cs	wearing a thoube and turning on ac are common stuff you do in the summer, but other than that what are stuff that you do personally to keep cool ?	1642845391.0	s9z6sg	/r/saudiarabia/comments/s9z6sg/what_are_your_tips_and_tricks_for_staying_cool/	what are your tips and tricks for staying cool during summer ?
7yoi2bn9	Is February considered winter in Saudi?	1642847516.0	s9zpsy	/r/saudiarabia/comments/s9zpsy/what_months_are_winter_and_summer/	What months are winter and summer?
48ex15lp		1642848394.0	s9zxcz	/r/saudiarabia/comments/s9zxcz/god_bless_android/	God bless Android
d9wy9re0	I’ve heard they get days off, a percentage, bonuses… but I’m not really sure what’s true.	1642859195.0	sa2uzl	/r/saudiarabia/comments/sa2uzl/do_traffic_officers_get_a_cutpercentage_from_the/	Do traffic officers get a cut/percentage from the tickets they give? What do they gain exactly?
c65n61z1		1642877943.0	sa9ecn	/r/saudiarabia/comments/sa9ecn/horse_with_no_name/	Horse With No Name
4tuho		1642878463.0	sa9lc0	/r/saudiarabia/comments/sa9lc0/tshirt_found_today_in_haraj_bin_gassem/	T-shirt found today in Haraj bin gassem
30e8qcxj	I’m 16 (male) I like anime and manga	1642881689.0	saaqx0	/r/saudiarabia/comments/saaqx0/anyone_wanna_hang_out_this_weekend_jeddah/	Anyone wanna hang out this weekend (jeddah)
1i1zgwk3	What do I do in this case? I'm an English teacher and I can't go to school starting February if my Tawakkalna is no good	1642885920.0	sac9hd	/r/saudiarabia/comments/sac9hd/anyone_else_unable_to_book_a_vaccine_booster_dose/	Anyone else unable to book a vaccine booster dose date through Sehhaty?
96mv7oz9	I want to perform Hajj for the first time this year insha allah. I haven't been in the kingdom in many years so I'm very ignorant on a lot of things, I have a few questions if a brother can help me out with one or more of these i will greatly appreciate it:  * What are some requirements (prerequisites) i need to be aware of? I have my full covid vaccinations, but no booster, is that a requirement? Any other vaccinations i need to be aware of? * When is the earliest time i can register and enter the queue/lottery? Is it a lottery or first come first served system? * Which website do I use to register, as a saudi citizen? (I'm looking for a cheap package, not looking for any luxuries) * My بطاقة الاحوال is expired (I haven't been in the country for years), will this pose an issue when i try to sign up for a spot? Can i get i renewed/replaced while i'm out of the country?	1642897391.0	sagdp9	/r/saudiarabia/comments/sagdp9/hajj_2022_questions/	Hajj 2022 questions
fzmp7g08	AsSalamu Alaikum,  I am new to Saudi and Arab culture in general, and as I’m moving to the capital Riyadh in a few weeks for work, I would like to know of some customs to be mindful of.  I know we are to be very careful when engaging with women, but what are the limits.  If I encounter a woman at a marketplace or even work as a colleague, how shall my interactions be? Can I smile, or should I be strictly business? I know shaking hands is a big no. Is small talk acceptable??  And a little more about my position, I will be teaching English at a number of schools, boys primary aged and girls primary aged. Do I have to treat the girls different than the boys?  I hope you all can help me with this, or to direct me to centers in Saudi that help accustom foreigners. Thank you all.	1642901759.0	sahuf0	/r/saudiarabia/comments/sahuf0/hello_all_i_would_like_to_inquire_about_some/	Hello all! I would like to inquire about some Saudi customs and gender relations
4dsbdjt8		1642916784.0	samgjs	/r/saudiarabia/comments/samgjs/jeddah_corniche_yesterday_كورنيش_جدة_تصوير_أمس/	Jeddah corniche Yesterday- كورنيش جدة تصوير أمس
4dsbdjt8		1642917539.0	samnra	/r/saudiarabia/comments/samnra/another_picture_from_yesterday_walk_jeddah/	Another picture from yesterday walk 📍 Jeddah corniche
u2jnn		1642920919.0	sankyn	/r/saudiarabia/comments/sankyn/im_a_filmmaker_and_i_made_this_hope_you_like_it/	I'm a filmmaker and I made this. Hope you like it 👀?
hsi1ks99		1642921183.0	sanncy	/r/saudiarabia/comments/sanncy/we_are_a_family_of_four_living_a_4_dimensional/	We are a family of four living a 4 dimensional life with Exploring, Camping, Hiking and 4-Wheeling in Saudi Arabia. That's our life and here we are sharing our experiences.
cojys2jd	During driving, I see green articulated buses driving every day but there are no passengers on the bus. Does the operator just test driving? Or, do they just not use a bus?   I hope that the number of bus users increases and traffic congestion is eased... If the bus has begun operations, I would like to try it.	1642925219.0	saooue	/r/saudiarabia/comments/saooue/has_a_public_bus_begun_operations_already/	Has a public bus begun operations already?
n68wy	Hi Guys,  So it seems Binance is not accepting Saudi issued cards for crypto purchases anymore. Earlier in 2021, they also shut down bank transfers for many countries, including Saudi.  How are people in Saudi buying crypto now? Any workarounds?  Thanks in advance.	1642929017.0	sapmd6	/r/saudiarabia/comments/sapmd6/how_to_buy_the_dip_in_saudi/	How to buy the dip in Saudi?
3bnbws5t	.	1642934615.0	saqzkv	/r/saudiarabia/comments/saqzkv/if_i_took_astra_vaccine_2nd_on_september_of_2021/	If i took Astra vaccine 2nd on September of 2021 and can’t take the booster until march, will i have access to facilities?
ixoj2cy0	I visited Riyadh from Kuwait, but I lost my phone and it was out of battery so I couldn't find it. When I returned home, someone charged the phone and using find my iphone I managed to locate it. I think it's where the taxi driver is living. Sadly I can't get to the phone myself without flying to Riyadh, and even if I did, I don't know these areas of Riyadh well.  There is a lot in the phone that I haven't backed up, things that are really important to me. Is there a way for me to hire someone to go get it and then ship it to me? What should I do? I really need your help :(  &#x200B;  **EDIT: A friend of my mine has managed to get the phone for me! Thanks to everyone who volunteered to help.**	1642935258.0	sar5bi	/r/saudiarabia/comments/sar5bi/help_i_lost_my_phone_in_saudi_arabia/	Help! I lost my phone in Saudi Arabia!
8obzb0w5		1642935558.0	sar7w0	/r/saudiarabia/comments/sar7w0/riyadh_after_12am/	Riyadh after 12am
emcjxomu		1642940296.0	sasgl3	/r/saudiarabia/comments/sasgl3/a_beautiful_place_in_makkah_jambal_kandahama/	👌 a beautiful place in makkah jambal kandahama makkah
1bi752hw		1642940488.0	sasikt	/r/saudiarabia/comments/sasikt/went_to_jabal_alqahar_mountain_top_in_jizan_last/	Went to Jabal Alqahar Mountain top in Jizan last week.
ivp8191c	As stated in the title, as a single person, where can I run and live alone?	1642879239.0	sa9v8i	/r/saudiarabia/comments/sa9v8i/what_is_the_cheapest_rentresidential_type_in/	What is the cheapest rent/residential type in Al-Sharqiyah?
iwsgn83b	Hi,  I am to marry a Saudi girl, and as far as I understand things I need to convert to Islam in order to request permission from the government for the marriage to go forwards. I hold two Europeans passports, have never lived in Saudi. We do not intend on living in Saudi in the immediate future. Her family are mostly over there and this step is important in validating our relationship towards them.  I'm looking for resources as to what will be required in this process, and what the best way is to go about it. Her parents (who I've met, and have approved of the marriage) are obviously hoping that we can get things official at the earliest opportunity.  Thanks for any help you can provide!	1642873901.0	sa7xoy	/r/saudiarabia/comments/sa7xoy/converting_to_islam_for_marriage/	Converting to Islam for marriage
7t4h54e1	I need you Riyadh crowd to chime in for this one. I recently moved to Riyadh (I use Google maps to go everywhere) and I work at Riyadh front, other than the airport, what is the closest PCR lab in relation to my work? or Ishbilia area? Thanks!	1642945575.0	satzsl	/r/saudiarabia/comments/satzsl/pcr_labs/	PCR Labs
4siqttg4	Disclaimer: this is a rant… I love living in Riyadh, people, food, work all is really amazing ALAS, guys, driving??? I really don’t mind fast driving and I get it that you want to be fast but why: - do people drive up so close that there are just a few meters left at 100 km/h? - flash to make way when there are clearly hundreds of cars in front of me - squeeze into the most tiny space you might leave (aka security distance)?  Oh and: why are the biggest idiots the ones with a black Dodge Challenger with all tinted windows?  Am I the only one who just does not get it?	1642946955.0	saufz3	/r/saudiarabia/comments/saufz3/we_need_to_talk_about_driving/	We need to talk about driving
rg5yf		1642949496.0	savac9	/r/saudiarabia/comments/savac9/any_idea_where_i_can_find_bagels_like_this_in/	Any idea where I can find bagels like this in Jeddah? I only know Tim Horton's, their bagels taste good but not as good and they only offer plain/12grain bagels
1qdj		1642958048.0	sayfo3	/r/saudiarabia/comments/sayfo3/كيف_كان_اول_يوم/	كيف كان اول يوم؟
5olq5cyb		1642959229.0	saywa1	/r/saudiarabia/comments/saywa1/smart/	Smart
2um1fstn	Hello Peeps,  Can anyone help if there are sport shops on Riyadh where I can buy squash racquets, balls and shoes. Also any good courts where beginners can join a club of sorts..  Any guidance appreciated	1642961252.0	sazpcc	/r/saudiarabia/comments/sazpcc/squash_sport_racquets_and_courts/	Squash Sport Racquets and Courts
74pyyrj3	With the rise of online shopping, malls in the US Became less desirable and many of them went out of business. Do you guys think malls in Saudi Arabia will have the same fate.	1642967297.0	sb232x	/r/saudiarabia/comments/sb232x/do_you_guys_think_malls_will_decline_in_saudi/	Do you guys think malls will decline in Saudi Arabia?
45dxrgpr		1642969016.0	sb2qrx	/r/saudiarabia/comments/sb2qrx/a_restaurant_named_after_alsaud_in_hyderabad/	A restaurant named after Al-Saud in Hyderabad
4d7g7dyr	I'm learning German now, but should I continue to work in a German company in Saudi Arabia, or get a higher band in IELTS and compete with Abdurahman Hijazi?	1642970652.0	sb3ddi	/r/saudiarabia/comments/sb3ddi/please_help_me_decide_i_scored_7_in_ielts_and_am/	Please help me decide: I scored 7 in IELTS, and am confused between practicing more and retake the test to score 8 so I could become like Abdurahman Hijazi (دليلك للآيلتس), or learn a third language.
axbnp1uj	Current status is infected. Will it automatically change after quarantine period or re test needed?	1642971963.0	sb3vlx	/r/saudiarabia/comments/sb3vlx/tawakkalna_status_change/	Tawakkalna status change
eplkvlvr		1642973269.0	sb4dz8	/r/saudiarabia/comments/sb4dz8/does_anyone_remember_mrbogus/	Does anyone remember Mr.Bogus?
63objs1g		1642975787.0	sb5dui	/r/saudiarabia/comments/sb5dui/analysis_saudipolish_deal_dents_russian_oil/	Analysis: Saudi-Polish deal dents Russian oil dominance in Baltic. This happens during the Russian-Ukraine-NATO crisis.
11pzyg	Hi guys, argentinean here.  With my father we're planning to go to the FIFA WC 2022 held in Qatar. For money reasons, we're looking to travel to Dammam first and rent a car there. The problem is the hotel capacity at Doha is/will be full during those days, so we probably stay at Saudi Arabia (and make some tourism if we can) and travel only for the games to Doha.  For what I understand, Dammam looks REALLY nice as a tourist city, and could be really cool to be there a couple of days, the problems is that from Dammam to Doha is a quite long trip for the 3 matches of the group stages.  Our other option is Al Hofuf, but we really don't know much about it, only that is much closer to the Qatar border.  Is it a safe place to be? or should we stick only to Dammam?  It's our first time in Middle east, so I would love some other suggestions (like places, or things I should be aware of). For what I understand the norm is 0 alcohol, so that's out question, but I don't know much about anything else.  Thanks in advance and looking forward to know more about your country and culture.	1642982671.0	sb7y5s	/r/saudiarabia/comments/sb7y5s/should_i_stay_at_al_hofuf_or_dammam_during_the/	Should I stay at Al Hofuf or Dammam during the Qatar FIFA WC 2022 + rent a car to travel to the games?
74yi3cf2	لاحظت ان المشاريع في الرقية قليلة عكس الرياض وجده عطوني تحليلكم للموضوع	1642987035.0	sb9h8t	/r/saudiarabia/comments/sb9h8t/هل_الدمام_والخبر_مسحوب_عليهم_ولا_هم_مو_من_ضمن_٢٠٣٠/	هل الدمام والخبر مسحوب عليهم ولا هم مو من ضمن ٢٠٣٠؟
c00zzp7t		1642989555.0	sbabov	/r/saudiarabia/comments/sbabov/hello_im_starting_a_little_foundation_to_help/	Hello! i’m starting a little foundation to help animals during these times. if anyone is interested or know someone who would be, please refer them to this account. anyone is allowed to participate from anywhere around the kingdom ❤️
63objs1g	So far the Saudi government hasn’t really said a word about this (which I like, neutrality is a breath of fresh air) but recently Aramco landed a blow on Russian energy dominance in Eastern Europe specifically Poland (around 70% of oil will be supplied by Aramco instead of Russian oil).  I’m curious to know what the average citizen thinks about this. I know most Saudis don’t really care but if you DO have an opinion, what is it?	1642992823.0	sbbei3	/r/saudiarabia/comments/sbbei3/whats_your_opinion_on_this_whole_russia_vs/	What’s your opinion on this whole Russia vs Ukraine and NATO situation?
br1sqs3f		1642993046.0	sbbgx7	/r/saudiarabia/comments/sbbgx7/hello_everyone_im_coming_to_riyadh_tomorrow_and_i/	Hello everyone! I'm coming to Riyadh tomorrow and I was wondering if there are any bookstores that have old philosophy books. I have so many books in mind, and I couldn't find any in Kuwait. Thanks!
ljc9e		1642994021.0	sbbt0h	/r/saudiarabia/comments/sbbt0h/oldest_doors/	Oldest doors 🚪
17ifmv	If so where and when can I find snowy places there? Planning to go there from Jeddah.  What about Jabal al lawz?	1642947818.0	sauq36	/r/saudiarabia/comments/sauq36/is_it_still_snowing_in_tabuk/	Is it still snowing in Tabuk?
bp7n7qyy	How did it go to my tawakalna so fast? (Like right after my vaccination)	1643006110.0	sbfkbu	/r/saudiarabia/comments/sbfkbu/i_just_got_my_vaccine_in_daharan_expo/	I just got my vaccine in daharan expo.
5goj3poj	السلام عليكم  لاهنتم إذا فيه أحد يعرف محل او مكتبة تبيع كتب انجليزية-خصوصاً الروايات- غير مكتبة جرير  بالرياض اكون شاكرر  لكم	1643009879.0	sbgkpp	/r/saudiarabia/comments/sbgkpp/محل_لبيع_الكتب_الانجليزية/	محل لبيع الكتب الانجليزية
9gedwr8y	اذا كنت أريد استقطاب جماعة من الدراجين (ذكور وإناث) ، للقيام بنشاطات في نهاية كل اسبوع صباحاً.  كم عدد المهتمين بالإنضمام؟	1643019558.0	sbj0pt	/r/saudiarabia/comments/sbj0pt/هواة_الدراجات_أين_انتم/	هواة الدراجات ، أين انتم؟
abcvthfb		1643019844.0	sbj3lp	/r/saudiarabia/comments/sbj3lp/welcome_to_formula_e_season_8_no_turning_back/	Welcome to Formula E Season 8. No Turning Back. - anyone going to watch this during the weekend ?
goatw1zm	Title basically. I’m 15 if it matters.   I’m cool with pretty much anything.	1643023554.0	sbk2id	/r/saudiarabia/comments/sbk2id/riyadh_any_sports_training_for_girls/	Riyadh: any sports training for girls?
3yemok5	Giving them attention is doing exactly what they wanted. They are wishing their opinion matters and you make it so when you screenshot it and post it here. Ignore them, be the bigger person, and know that empty cans are the loudest.   القافلة تسير، والكلاب تنبح   وقال الشافعي:  قالوا سَكَتَّ وَقَد خُوصِمتَ قُلتُ لَهُم  إِنَّ الجَوابَ لِبابِ الشَرِّ مِفتاحُ  وَالصَمتُ عَن جاهِلٍ أَو أَحمَقٍ شَرَفٌ  وَفيهِ أَيضاً لِصَونِ العِرضِ إِصلاحُ  أَما تَرى الأُسدَ تُخشى وَهِيَ صامِتَةٌ  وَالكَلبُ يُخسى لَعَمري وَهوَ نَبّاحُ   Their hate comes from ignorance, dont be an ignorant by giving it a value it doesn't deserve.	1643030363.0	sbm1ly	/r/saudiarabia/comments/sbm1ly/can_we_stop_it_with_the_look_what_they_are_saying/	Can we stop it with the "look what they are saying about us" posts?
am2a0c15		1643031155.0	sbmayd	/r/saudiarabia/comments/sbmayd/استبيان_عن_تنوع_اللهجات_في_السعودية_لو_تكرمتم/	استبيان عن تنوع اللهجات في السعودية لو تكرمتم تجيبون عليه وشكرا❤️
gt1j7kx6		1643031176.0	sbmb6c	/r/saudiarabia/comments/sbmb6c/mecca_medina_and_jerusalem_during_1600s/	Mecca medina and Jerusalem during 1600s
hdu1d	Hey guys,   So I would like to work in KSA for a year or so. I am an electronic security technician by trade, a muslim, but I don't speak Arabic. Only English and Russian.   I see ads for my profession from time to time that are based out of KSA...some of them seem to be targeted at nationals, but not all of them.   Do you think it's feasible for me to pursuit employment in the Kingdom given that I don't speak Arabic?	1643036178.0	sbo0ov	/r/saudiarabia/comments/sbo0ov/work_in_the_kingdom_question_from_a_canadian/	Work in The Kingdom, question from a Canadian
4jvbpwfb	As the title hinted. I am getting married in a month and After buying my fiancé her ring… I still don’t know what ring to buy  I fell in love with the classic Tiffany platinum ring. But it costs about 7K riyals. And although I do have the money, I’m worried that I can find a durable ring with great material and design with a much better price. But all the jewellery shops I looked to so far (other than brands) have cheap rings that feels really cheap.  Should I settle for the Tiffany ring or is there a better option to look into?	1643042104.0	sbq6x9	/r/saudiarabia/comments/sbq6x9/men_wedding_ring_recommendation/	Men Wedding Ring recommendation?
5fjd8vry	So I’ll be coming to ksa mid April. This time I’ll be on visit visa rather on my iqama. I am coming from england and I do not have a driving license here. But in ksa I had driving license for 3 years (tho as I went exit all things are now closed). How will I be able to drive ?  I was reading online about driving permits, Is that accurate ?	1643053216.0	sbui5v	/r/saudiarabia/comments/sbui5v/some_help_needed_with_driving/	Some help needed. With driving
a207g0il	عندي اخ انطوائي ولا يعرف يتعامل مع الناس ولا يعرف يتكلم مع احد. ابي كتب عن الثقة بالنفس والذكاء الاجتماعي تنصحون فيها	1643056739.0	sbvvhp	/r/saudiarabia/comments/sbvvhp/احسن_كتب_تطوير_الذات_بالعربي/	احسن كتب تطوير الذات بالعربي
22a55dmz		1643057508.0	sbw5w6	/r/saudiarabia/comments/sbw5w6/thoughts/	Thoughts ??
7yoi2bn9	طفتيش Do I need to carry my passport with me at all times (evisa)	1643063620.0	sbyk5y	/r/saudiarabia/comments/sbyk5y/do_document_checkpoints_still_occur_on_the_streets/	Do document checkpoints still occur on the streets?
13myy1	Hello friends,  It's me, the one and only AzizOfArabia. It has been a while since I engaged here, pretty sure many of you old timers do not miss me.  Anyway, I managed to finally find an issue with Riyadh (I mean no city is perfect), I couldn't find a gym with cycling classes for men, it seems they only offer it for females (as if your manlihood will be damaged by cycling, alpha males do cycle for the record).   Does anyone know if I'm mistaken and we do actually have men cycling gym?  Otherwise let's make our gym mixed and you won't hear me complaining.	1643067337.0	sbzxld	/r/saudiarabia/comments/sbzxld/men_cycling_gym_in_riyadh/	Men cycling gym in Riyadh
em7v21tv		1643075464.0	sc1wmq	/r/saudiarabia/comments/sc1wmq/رابط_حجز_تذاكر_مباراة_السعودية_وعمان_عبر_منصة/	رابط حجز تذاكر مباراة السعودية وعمان عبر منصة مكاني كاس العالم 2022
933g795b	It’s also worth noting that I’m thinking about finishing school in Saudi Arabia as well. But where would it be best and easy for me to search for jobs? I am a STEM (computer) student as well btw and even though I don’t have my degree quite I can very easily work with hardware in computers. Building, repairing etc.	1643082892.0	sc4fjd	/r/saudiarabia/comments/sc4fjd/best_place_for_american_expat_to_search_for_jobs/	Best place for American expat to search for jobs ?
63objs1g		1643085509.0	sc597n	/r/saudiarabia/comments/sc597n/aramco_made_this_artificial_river_that_flows/	Aramco made this artificial river that flows naturally by gravity (?) in Dhahran.
83tcrloi		1643092944.0	sc7dpf	/r/saudiarabia/comments/sc7dpf/how_many_know/	How many know?
imf6m858	2 weeks ago we booked an appointment for a booster dose for tomorrow but now half the family is sick with symptoms of corona. We've been trying to get an appointment for PCR test to make sure it really is corona, but there are no slots open. Should we still go for the booster dose or cancel our appointments for the time being?	1643098841.0	sc8u8m	/r/saudiarabia/comments/sc8u8m/booster_dose_for_someone_with_corona/	Booster dose for someone with corona(?)
me29pux		1643104696.0	sca7c7	/r/saudiarabia/comments/sca7c7/خردل_مسطردة/	خردل ❎ مسطردة ✅💀
jdcjbgw		1643105345.0	scad3f	/r/saudiarabia/comments/scad3f/راعي_ابل/	راعي ابل
flebsdi7	I need old pictures and/or videos of a saudi singer. Is there a way to request them from the Saudi TV, any newspaper, libraries…etc?	1643108634.0	scb7g0	/r/saudiarabia/comments/scb7g0/can_i_have_access_to_the_saudi_tv_archive/	Can I have access to the Saudi TV archive?
a31az84v		1643113452.0	scciy0	/r/saudiarabia/comments/scciy0/is_saudi_prince_about_to_buy_36m_chinese_ming/	Is Saudi Prince About To Buy $36M Chinese Ming Dynasty Statuettes
2atqtmc	Mainly looking for a trap bar for a good price. Store preferably in al-hasa but I can go to other cities if the store is good.	1643116213.0	scdddo	/r/saudiarabia/comments/scdddo/stores_that_sell_gym_equipment_in_the_eastern/	Stores that sell gym equipment in the eastern province?
3hyqp57g	Hey Everyone!   I am currently going to be hosting events in Jeddah and Riyadh and need 50 chairs and 5 tables for each location. Where can I buy furniture in bulk for them?	1643123174.0	scfs71	/r/saudiarabia/comments/scfs71/buying_furniture_in_bulk_in_jeddah_and_riyadh/	Buying Furniture in Bulk in Jeddah and Riyadh
4zmlam2e		1643123321.0	scfu5x	/r/saudiarabia/comments/scfu5x/been_a_while_since_ive_posted_here_have_some/	been a while since i’ve posted here, have some compensation; [MK4 Supra] in Riyadh, Saudi Arabia
cah7xqh5		1643124265.0	scg61j	/r/saudiarabia/comments/scg61j/who_is_mbs_podcast_on_behind_the_scenes_of_saudi/	Who is MBS? Podcast on behind the scenes of Saudi Arabia’s power
10o4xp	I’m currently visiting Saudi and having a great time, but there was an issue when I picked up my rental in Jeddah and I wasn’t able to get a 4x4 like I wanted. So far it’s been okay and I’ve been able to hike to most places, but now that I’m in Tabuk, I’d like to go off roading in the desert. Whenever I Google this, I get some scam websites or just normal rental places. Does anyone know of an outfit that will rent a Hilux or off-road vehicle to someone with an international license?   Thank you!	1643126693.0	sch2pu	/r/saudiarabia/comments/sch2pu/4x4_offroad_rental_in_tabuk/	4x4 / off-road Rental in Tabuk?
6xzs0pf		1643127438.0	schd66	/r/saudiarabia/comments/schd66/remembered_the_mustard_post/	Remembered the mustard post 😂
dikkhdre	I have been using a digital license from tawakalna but now I need the card because I travel to other countries. I renewed my license recently and didn't go get the license card.  1) Should I goto the driving school? 2) Where is the Location? 3) Do I need an Appointment? If so, from where? Thanks in advance:)	1643131129.0	sciqzt	/r/saudiarabia/comments/sciqzt/does_anyone_know_where_i_can_get_my_license/	Does anyone know where I can get my license printed out in riyadh? I have been using a digital license from tawakalna but now I need the card because I travel to other countries. I renewed my license recently and didn't go get the license card. Should I goto the driving school? Location?Appointment?
fpy76l5j		1643138065.0	sclf41	/r/saudiarabia/comments/sclf41/thai_pm_arrives_in_saudi_arabia_easing_diamond/	Thai PM arrives in Saudi Arabia, easing diamond heist row
cgrqvt1h	I live in a small apartment in Ash Sharafiyah (locally known as Nasriyah) neighborhood, Riyadh.  Our building is attached to the building immediately next to us, and the walls of our apartments do not insulate sound very well at all.  For some reason, our neighbors in the building next to us decide every few months to drill holes into their walls for 2 hours straight around midnight. Our entire building shakes whenever they do this and it sounds like the drilling is happening immediately next to us.  **Is this normal behavior?** I've only been in Riyadh a few years and it boggles my mind how these people think it is acceptable to drill into walls at midnight when people are asleep and have work to go to tomorrow morning.	1643144519.0	scnu96	/r/saudiarabia/comments/scnu96/neighbors_drilling_into_walls_at_midnight/	Neighbors Drilling into Walls at Midnight!!!
wg1pz	Hello everyone!   I was hoping someone more car saavy could answer this question for me.   I’m looking at used Toyota Tacomas from the UAE. Do you guys think a car with North American specs could handle the heat and dust here? I know it’s a Toyota so it’s basically bulletproof, but I’d like someone with a bit more automotive knowledge to weigh in on this.   I know that I would still be paying import fees + tax. I strictly want to know if the car will be reliable as I would ideally like to keep the car for the next 5-10 years.   Thanks for your help!	1643145242.0	sco43h	/r/saudiarabia/comments/sco43h/importing_usspec_vehicle_to_saudi/	Importing US-spec vehicle to Saudi
h1ccu4b3		1643155052.0	scrowg	/r/saudiarabia/comments/scrowg/your_take_on_eslfaceitdreamhack_sold_to_saudi/	Your take on esl,faceit,dreamhack sold to saudi?
4v6g7adh		1643155570.0	scrw0k	/r/saudiarabia/comments/scrw0k/using_door_handle_as_face_tissue_stand_in/	Using door handle as face tissue stand in MacDonalds, Saudi Arabia.
flebsdi7		1643162359.0	scua7b	/r/saudiarabia/comments/scua7b/bangkok_in_the_summer/	Bangkok in the summer?
8ri54fy7		1643168358.0	scwbuj	/r/saudiarabia/comments/scwbuj/title/	Title
5h9h1mum	I am a student working on my graduation project. It’s about teenage employment/volunteering in Saudi Arabia I already have 40ish responses but all of them are from my age group. I need responses from a wider age demographic. Your help will be appreciated.  Link: https://forms.gle/ZFBK2fkrkLjPPkso7  To the mods,  Please don’t delete this…	1643173719.0	scy0ec	/r/saudiarabia/comments/scy0ec/a_survey/	A survey
5rbobs4z	there is still of rising cases ofcorona / omicron. And just today It took me an 50 mins just to drive 8 kilometres (marwah to safa). Like was there a reason behind to open school or what	1643176269.0	scyqvr	/r/saudiarabia/comments/scyqvr/schools_shouldnt_be_open_ffs/	School's shouldn't be open ffs
j18sck62	[https://forms.gle/gG8qGdppNYkTrss57](https://forms.gle/gG8qGdppNYkTrss57)  &#x200B;  &#x200B;  السادة الكرام،   &#x200B;  السلام عليكم و رحمة الله و بركاته.   &#x200B;  نحن طالبات ثانوية الاندلس الاهلية نعمل على بحث علمي يتقصى آثار تبريد المحيط على مرضى الالتهابات الفيروسية و البكتيرية في المملكة العربية السعودية. نتمنى منكم الاجابة على هذا الاستبيان و نشره لنصل لأكبر عدد اجابات ممكن لدعم هذا البحث، مع العلم على اننا نحرص على الحفاظ على خصوصيتكم و لن نستعمل المعلومات المجاب بها الا لأغراض البحث.   نشكركم على اعطائنا وقتاً من يومكم.	1643179668.0	sczoms	/r/saudiarabia/comments/sczoms/please_fill_out_our_survey_الرجاء_تعبئة_الاستبيان/	Please fill out our survey الرجاء تعبئة الاستبيان
