author	selftext	created_at	s_id	permalink	title
ainyakw3	https://www.themoscowtimes.com/2019/04/02/indoor-plumbing-still-a-pipe-dream-for-20-of-russian-households-reports-say-a65049	1642785003.0	s9fkt0	/r/AskARussian/comments/s9fkt0/why_20_of_households_in_russia_doesnt_have/	Why 20% of households in russia doesn’t have flushing toilet?
hkkge1te	Tell why you mock when some tell how hot Russian man, but you don't mock when they told of Russian women. Why None Russian women cannot enjoy the Russian man's for herself explain it all?	1642793143.0	s9io6e	/r/AskARussian/comments/s9io6e/hello_russian_why_you_answer_with_sarcasm_and_so/	Hello Russian, Why you answer with sarcasm and so mean? Tell us? I told how Russian man was very handsome and voice was great and all you mock You don't enjoy complimentary.
ehomo9o8	Russia has managed a significant buildup near the Ukrainian border which rises extreme anxiety to Ukrainians and Europeans - uniting them in threat of Russia - which could make Ukraine NATO inclusion extremely fast. Otherwise it would take many decades for any theoretical inclusion, given border disputes and corruption in Ukraine.  Can you explain such moves given main thing russia don't want is Ukraine inclusion into NATO? It does no make any sense. Or is Russian government really setting up a soon invasion and occupation of more territories?	1642805448.0	s9nbf0	/r/AskARussian/comments/s9nbf0/why_is_russia_threatening_ukraine_if_it_is_the/	Why is Russia threatening Ukraine if it is the main factor increasing average Ukrainian support for joining NATO?
cn7yq2ul		1642854179.0	sa1edw	/r/AskARussian/comments/sa1edw/who_was_the_manliest_russian_leader_in_history/	Who was the manliest Russian leader in history?
2z66x18		1642870737.0	sa6rcj	/r/AskARussian/comments/sa6rcj/what_is_russian_media_saying_about_the_current/	What is Russian media saying about the current conflict with Ukraine?
2eysb3i6	Some wild stuff being said over there  https://preview.redd.it/iotuo2fghad81.png?width=630&format=png&auto=webp&s=9948b772b70714763cbf57a682d2c49533adf711	1642879177.0	sa9uep	/r/AskARussian/comments/sa9uep/anyone_here_been_on_the_ukrainian_reddit_lately/	Anyone here been on the Ukrainian reddit lately?
eaom2p1n		1642898172.0	sagnbb	/r/AskARussian/comments/sagnbb/are_ukrainians_basically_russians/	Are Ukrainians basically Russians?
1fzxpdpt		1642904461.0	saiq4a	/r/AskARussian/comments/saiq4a/why_does_russia_antagonise_ukraine_instead_of/	Why does Russia antagonise Ukraine instead of joining NATO like the rest of Eastern Europe did after 1991?
imxzp0fb		1642934587.0	saqzc2	/r/AskARussian/comments/saqzc2/will_russian_citizens_protest_if_putin_attacks/	Will Russian citizens protest if Putin attacks Ukraine?
ahle7qv5	do you Russians think the comments that putin made about the collapse of the soviet union being the greatest tragedy in the 20th century have help fuel anti russian sentiments and made the situation in ukraine worse??, I have family in poland who like russian people but the older generation are not too fond of the memory's of growing up/living in the USSR and the younger generations like the cosmopolitan vibe of Europe now.  Imo the recent flocking of former soviet states to NATO and ukraine wanting to move closer to Europe is not so much US expansionism but a fear of the old Stalin days and living under the KGB scrutiny and tget seek NATO alliances to keep their national identities intact.  What could russia/putin do to maintain his sphere of influence in Europe with peaceful relationships rather than heavy handed tactics that could have European countries keep the US away from Russia's borders through good dialogue and mutual understandings and respect??  Edit, post may come of as western bias but I purely ask this as discussions with family members overseas as they are afraid of war but also going back in time 20 - 50 years.	1642948082.0	saut2n	/r/AskARussian/comments/saut2n/putins_comments_on_the_ussr/	Putins comments on the USSR
2hsc217j	The Great Purge, also known as the “Great Terror,” was a brutal political campaign led by Soviet dictator Joseph Stalin to eliminate dissenting members of the Communist Party and anyone else he considered a threat. [https://www.history.com/topics/russia/great-purge](https://www.history.com/topics/russia/great-purge)  What do young Russians think of it?	1642951452.0	savz52	/r/AskARussian/comments/savz52/what_do_young_russians_think_of_the_great_purge/	What do young Russians think of the Great Purge led by Stalin?
8trfw6yi		1642991984.0	sbb4rd	/r/AskARussian/comments/sbb4rd/ive_yet_to_meet_a_black_russian/	I’ve yet to meet a Black Russian.
8his6ua3		1643018415.0	sbiq4d	/r/AskARussian/comments/sbiq4d/how_to_get_russian_pussy/	How to get Russian puss*y?
dpgsod51		1643034478.0	sbnfb5	/r/AskARussian/comments/sbnfb5/why_is_russia_bullying_ukraine_and_why_does_it/	Why is Russia bullying Ukraine and why does it want to invade it?
aunpavht	I’m putting my views aside for anyone who replies, I just want some insight lol  Thanks.	1643057097.0	sbw0bn	/r/AskARussian/comments/sbw0bn/how_do_you_feel_about_the_ukraine_conflict/	How do you feel about the Ukraine Conflict currently?
