author	selftext	created_at	s_id	permalink	title
a1v1ogbb		1643139261.0	sclvdq	/r/AskHistorians/comments/sclvdq/who_was_cicero_and_why_was_he_so_important/	Who was Cicero and why was he so important?
73nm8f5q	So for example, why do we as English speakers refer to "Germany" instead of Deutschland? Why do Spanish speakers refer to England as "Inglaterra"? I understand that in times before mass communication it wouldn't have necessarily been possible to *know* what countries had named themselves but once we as humans developed more interconnectivity why didn't we switch to using native names?	1643139388.0	sclx0u	/r/AskHistorians/comments/sclx0u/is_there_a_historical_reason_we_dont_all_refer_to/	Is there a historical reason we don't all refer to countries by the names they gave themselves in their native language?
jatdh	I am fairly certain a period of history like this exists, but I am uncertain. My first thought is early 20th century America, but if someone could give me an alternative example, or examples, I would appreciate it.   I am looking for this specific period to explore the hypothesis that extensive deregulation, or lack of regulation, leads to totalitarianism the same as extensive regulation.	1643142088.0	scmxke	/r/AskHistorians/comments/scmxke/i_am_looking_for_a_period_of_history_where_large/	I am looking for a period of history where large de-scale regulation, or a lack of regulation, led to corporate monopoly/a totalitarian state. Any suggestions?
6la8cg73	During the 60's, rock n roll went to become insanely popular, however it was a lot of British acts that made it go mainstream and innovated on it in the early years, before 1967 (hence British Invasion). These bands grew up listening to classic rock by some white musicians like Elvis Presley, but they also listened to Muddy Waters and that sort. It allowed them to become more fascinated with the blues thus they evolved the art form in small sub genres. Becoming the Beatles, the stones and smaller bands which didn't gain more notoriety in the states like Small faces. Point is Britain was ahead of the game till America had the Doors, and other innovative bands. Could America have had more progression with music if they desegregated earlier on?	1643142885.0	scn87b	/r/AskHistorians/comments/scn87b/if_america_desegregated_earlier_would_america_be/	If America de-segregated earlier. Would America be the leader in early rock n roll as more acts who created the blues could become mainstream and innovate earlier than skiffle British?
u21kz	Just an interesting thought. Some castles are obviously so run down you could walk right on in. Some look like they could still taking a battering and keep invaders out. Dover and Framlingham spring to mind. Are there any others?	1643147379.0	scovs9	/r/AskHistorians/comments/scovs9/which_english_castles_fortresses_have_survived_so/	Which English castles / fortresses have survived so well that they could still repel an attack today?
cckyme74	If I am recalling this correctly I may have initially read about her in Popkin's "A New World Begins" (2019). She was only mentioned briefly in the second half of the book but it is killing me.  After forgetting her name I have been searching for QUITE some time to find the woman who I'd consider, THE most beautiful of the French Revolutionary era. The only FACT I have to work with is that she was thought of at the time to be incredibly beautiful. (and that she has a wikipedia page.) Outside of that I have some vague, possibly incorrect memories which are as follows: She was a politicians wife or mistress in the provinces or south of France (read: not Paris)(?) after the Thermidorian reaction(?). She may have been of the royalist or conservative persuasion. I thought maybe she was Tallien's wife but seems not to be the case (unless he had a mistress after his breakup?), this may imply its someone in Tallien's circle or someone he interacted with? I think she's wearing a green dress in her wiki portrait. And maybe only has a few paragraphs in her wiki as well. She's a brunette bombshell. She isn't one of the top most famous women (for sure would put all of them to shame in the looks department) of the era but she may have personally influenced her man to lean right? As I said, those are fuzzy memories and may be incorrect, but any help would be greatly appreciated!	1643147935.0	scp2lf	/r/AskHistorians/comments/scp2lf/searching_for_a_beauty_of_the_french_revolution/	Searching for a beauty of the French Revolution. Who is considered the most beautiful woman of 1790's France?
iwsshlj5	Did the Italian Army use watchtowers to spy enemy planes approaching?	1643148878.0	scpes2	/r/AskHistorians/comments/scpes2/did_the_italian_army_use_watchtowers_in_ww2/	Did the Italian Army use watchtowers in WW2?
pfizo	Homo Sapiens have existed for about 300,000 years.  The first civilizations emerged in Mesopotamia about 6000 years ago, followed by Asia, Africa, Europe and the Americas a few thousand years later.  Compared to the 300,000 years that humans have existed, the emergence of civilizations around the world appears to be very recent and close together.  Why is that? Is there a reason that civilizations developed independently on different parts of the world at roughly the same time in the context of 300,000 years of human existence?	1643152042.0	scql6i	/r/AskHistorians/comments/scql6i/if_homo_sapiens_have_existed_for_300000_years/	If Homo Sapiens have existed for ~300,000 years what took so long for civilizations to emerge?
cihco	I ask this because of things like Godwin's Law which says that the longer an argument on the internet goes, the more likely it becomes that someone mentions Hitler or the Nazis. But lets say we live in an age before the rise of Hitler and the Nazi party in Germany. Prior to 1933, I would imagine that the name "Hitler" probably didn't mean anything to the average American.  However, there obviously still were contentious quibbles between people. And many of these quibbles must've entered the realm of hyperbole and bad faith arguments. And I imagine there must've been some famous historical figure that was frequently used to draw comparisons to whatever point of view someone was arguing. Is there any documented evidence in literature, diary entries, or newspaper articles of a specific historical figure commonly used as a comparison in arguments the way people use Hitler today? Or does it kind of depend on time and place? I imagine that it might have depended on whatever enemy the United States had just fought a conflict against. However, World War II ended almost eighty years ago and Hitler is still used as a go-to reference that a lot of people use when arguing against someone.  Are there any examples of a commonly references individuals in other cultures such as the UK, France, or Germany that come up time and time again in such a manner?	1643154064.0	scrbtw	/r/AskHistorians/comments/scrbtw/i_am_an_adult_living_in_the_united_states_pre1933/	I am an adult living in the United States pre-1933. Me and some other person have gotten into a very heated argument. I want to strike a blow by comparing them to a notorious dictator. Who do I reference?
16robt	Hello Historians.  I know when we talk about who is responsible for most people deaths in the world, we often hear Hitler, Stalin, Mao or Khan. But who has killed the most, when they themselves are the killer? Or is there a good guess?	1643155172.0	scrqg4	/r/AskHistorians/comments/scrqg4/who_has_killed_most_people_in_the_world_themselves/	Who has killed most people in the world themselves?
3guu6rxo	Today, if someone praises communism, they would most likely be taken for a joke or an idiot. Communism failed every country it was tried in and the 5 communist countries left aren't even really communist anymore, but either capitalist, socialist or some abomination that thinks it's communist but is actually a Monarchy.  However, before and during the Cold War, communism not being tried before has a significantly more valid point. Not many people could look at the results and say communism sucks because it always failed wherever it was tried.  So why was communism hated during the Cold War, and more importantly, before the Cold War. There were many countries, a good number of Britons and Americans among them, that believed the USSR to be a greater evil than Nazi Germany (before the Holocaust was revealed to be a thing). Churchill himself said something along the lines of "If Hitler invaded hell, I would support Satan" in reference to the Soviet-German war.  Even during the Russian Revolution, Lenin held a democratic vote which the Bolsheviks had LOST, despite their popularity and promises to give the Russian people what they want. Communism wasn't even adored in the first communist country.  Why was communism never liked all that much since the beginning.	1643156748.0	scsbgz	/r/AskHistorians/comments/scsbgz/why_was_communism_hated_beforeduring_the_cold_war/	Why was communism hated before/during the Cold War?
4003ozip	I've been reading about the late modern period and it seems there's no agreement about if, or when, the modern period has ended (or whether the post-modern is included within the modern period). The world has been rapidly changing for a long time now, what kind of predictions or beliefs are there about the ways in which the world, or national/global political and social organisation, is going to develop in the future? Or are there no prominent assumptions about future developments, and those with political or social traction only view future developments in the context of ideologies that have already been constructed?	1643156998.0	scsell	/r/AskHistorians/comments/scsell/what_will_come_after_modernity_or_postmodernism/	What will come after modernity (or post-modernism)?
6kvb8ml	I was born in the early 90s and don't recall "Indian" being a respectable term for Native Americans past the 90s (and even then, I might have only *thought* it was okay because I was a child). What I do recall is Native American being used a as the preferred term. Was this simply a word choice by the author? Or is my recollection of acceptable terminology fuzzy?	1643158546.0	scsygm	/r/AskHistorians/comments/scsygm/in_the_patricia_briggss_2008_book_cry_wolf_there/	In the Patricia Briggs's 2008 book "Cry Wolf," there is an Indigenous American man who is referred to as "Indian." Were Indigenous peoples commonly referred to or would they refer to themselves as Indian in the late 2000s?
akxm2fh	I am researching gay subculture in 1700s London for a writing project. Research is going well and I've a good understanding of the scene at the time but with multiple mentions of men "marrying" one another in public places, I'm a bit stumped on this point. I'm a gay man myself so I arrive at the question without naivety. I've discounted olive or other oils and animal fats and I'm not entirely convinced by the spit suggestion. If anyone has any insight on lubricants used in a more general sense, say between 1500 - 1900 that may be helpful. I've worded this carefully in the hope the dreaded bot won't delete. A	1643158974.0	sct41f	/r/AskHistorians/comments/sct41f/what_lubricant_would_men_have_used_in_georgian/	What lubricant would men have used in Georgian London?
1qmjdime	There was a battle that I believe happened during the invasion of Grenada where the defending forces were inexperienced and up against US troops but held their ground fairly well by putting up defensive fortifications.	1643159831.0	scteu1	/r/AskHistorians/comments/scteu1/need_help_remembering_a_battle/	Need Help Remembering a Battle?
7ioi50em		1643159963.0	sctgh1	/r/AskHistorians/comments/sctgh1/what_events_and_customs_do_you_think_most/	What events and customs do you think most represent Hellenistic Greece?
3lejiqt1	I wanted to know if there was any kind of record about what die spesifically Julius Cesar was refering too.  I know that the Royal Game of Ur was around and they used a 4 sided dice (d4). I was wondering if there was record of other dice d20, d8 etc. or more likley if it was known that Cesar had a favorite game, or something like that.  Thanks for any info, love to learn.	1643165986.0	scvitf	/r/AskHistorians/comments/scvitf/alea_iacta_est_the_die_is_cast_is_there_any/	Alea iacta est/ The die is Cast. Is there any information on what die?
sb2ol	With more or less the same materials and manufacturing; you can still get a chipped obsidian knife, but I wouldn't call it "common".  Let's make it a broad definition of "tool" though - makeup and musical instruments count, for example.	1643167094.0	scvwlq	/r/AskHistorians/comments/scvwlq/whats_the_oldest_tool_still_commonly_used/	What's the oldest tool still commonly used?
fbuupy65	so this kid in my social studies class is an idiot to put it simply, he gets his facts from fiction movies, and just hearing two words, he probably said Nazi's were a world war 1 thing, he said Germany started world war 2, and here is the thing that annoys me the most, he watched Red Notice and then said Hitler killed himself in a bunker in SOUTH AMERICA and its not like we're in elementary school, we're in 7th grade, all of this is common knowledge.	1643169223.0	scwm54	/r/AskHistorians/comments/scwm54/how_do_i_explain_to_somebody_not_to_get_facts/	how do I explain to somebody not to get facts from a fiction movie?
13gz4e	Like okay ofcourse I care its a terrible thing, but I'm no bleeding heart that is going to mourn over something that didn't happen while I was alive,  i have a stressful life as it is, its really not in my backyard so I mean it is what it is, a fucked up thing. Bad things happen, they always will. I'm basically saying, if I were to mourn for one id have to mourn for all, and I  just fully understand bad things are inevitable, yea they definitely affected the outcome of society today, what is me crying about it or thinking about the awful things man has done going to do to fix it??? Am I apathetic or rid of compassion and closed minded because I think that its just arbitrary for me to reflect on such cruel things history has to offer?	1643173434.0	scxxdk	/r/AskHistorians/comments/scxxdk/is_it_bad_for_tragic_historical_events_such_as/	Is it bad for tragic historical events such as: invasion day, the holocaust, the Cambodian genocide etc to not phase me?
6e5dqusg	Is there a written or cultural history for why people say this when cold? When searched online, onomatopoeia is the only explanation, but no one sounds like that while cold or shivering unless they actually say “brr”.	1643174772.0	scyblq	/r/AskHistorians/comments/scyblq/what_is_the_origin_of_saying_brr_when_cold/	What is the origin of saying “brr” when cold?
86hqa2lb	I'm currently doing a school project on the Home Owners Loan Corporation and I was wondering if there were ads targeted towards minority groups.  If you know please comment.  Thank you.	1643185870.0	sd18tp	/r/AskHistorians/comments/sd18tp/after_the_stock_market_crash_were_there_ads_made/	After the stock market crash were there ads made to manipulate African-Americans (Or any other minority groups) into getting loans?
4r2axu7d	Reagan famously proclaimed that "government is the problem", but I was wondering about the extent to which he reduced government intervention in the economy during his term. What are the most prominent examples of intervention during his term? How did state intervention in the economy change? What role did it play in the economy, and how did this change?  I came across three publications recently that led me to this question: "The Political Economy of State Intervention" by Gavin Poynter (2020), "Administering The New Federalism" (1986), and "Beyond Reaganomics : the long economic crisis and the rebuilding of America, 1974-1988" (2020). I'm aware that Reagan's 1981 tax cuts were substantially reversed in 1982, and someone also pointed me to the rise of protectionism during his presidency e.g. the 1988 Omnibus Foreign Trade and Competitiveness Act, but I was wondering whether there were other, more obvious examples of state economic intervention during his presidency. Thank you!	1643188629.0	sd1w4f	/r/AskHistorians/comments/sd1w4f/how_did_state_intervention_in_the_economy_change/	How did state intervention in the economy change during Reagan's term?
4r2axu7d	Obvious, famous examples? Reagan famously proclaimed that "government is the problem", but I was wondering about the extent to which he reduced government intervention in the economy during his term. I came across three publications recently that led me to this question: "The Political Economy of State Intervention" by Gavin Poynter (2020), "Administering The New Federalism" (1986), and "Beyond Reaganomics : the long economic crisis and the rebuilding of America, 1974-1988" (2020). I'm aware that Reagan's 1981 tax cuts were substantially reversed in 1982, and someone also pointed me to the rise of protectionism during his presidency e.g. the 1988 Omnibus Foreign Trade and Competitiveness Act, but I was wondering whether there were other, more obvious examples of state economic intervention during his presidency, as well as other publications on this topic. Thank you!	1643189149.0	sd20fv	/r/AskHistorians/comments/sd20fv/what_are_some_examples_of_state_economic/	What are some examples of state economic intervention during Reagan's presidency?
nc6a4	I stumbled upon a new podcast (New to me). History's great Mysteries. I definitely recommend it. The host does an extremely well job researching. Episode 5 was titled Lost Inventions.   He talks about known inventions that have been lost in History. He covers   Greek Fire https://en.m.wikipedia.org/wiki/Greek_fire  Antikythera Mechanism https://en.m.wikipedia.org/wiki/Antikythera_mechanism  Flexible Glass https://en.m.wikipedia.org/wiki/Flexible_glass#:~:text=Flexible%20glass%20is%20an%20alleged,today%20in%20fiber%20optic%20cables.  (The wiki says it's used today in fiber Optic cables but there's no way of knowing this is the same recipe/formula)  Electric Cars https://en.m.wikipedia.org/wiki/History_of_the_electric_vehicle  (Electric Cars were around in 1884 but we ended up favoring cheaper gas cars)  Stanley Meyer and his water fueled cell/water powered car https://en.m.wikipedia.org/wiki/Stanley_Meyer%27s_water_fuel_cell  (skeptics say he never actually achieved what he said he did. But as the podcast points out he applied for a patent and it was granted. Which means a team looked at his work. Deemed it reliable. Then granted the patent. So for the sake of argument were going to assume he achieved this)  Palladium cigarette https://www.sourcewatch.org/index.php/Palladium_cigarette#:~:text=The%20Palladium%20cigarette%20was%20a,definitively%20linked%20smoking%20to%20disease.  (probably the least likely choice but he covered it so why leave it out)  Wireless Electricity https://en.m.wikipedia.org/wiki/Wireless_power_transfer  (The podcast focused on Tesla and the Wardenclyffe Tower)  Obviously there are more than just these. Like the Technology to build Stonehenge or the pyramids. Also not all of these were lost. Some were suppressed. That counts too.   What lost Technology that's been lost in history, would have changed the course of civilization the most if we didn't lose it?  I'm going to say the water fueled cell then Teslas tower (if we're assuming his Technology worked)	1643189492.0	sd2375	/r/AskHistorians/comments/sd2375/what_technology_thats_been_lost_or_suppressed/	What technology that's been lost (or suppressed), would have changed the course of civilization the most had it not been lost?
xv5sc		1643189785.0	sd25nm	/r/AskHistorians/comments/sd25nm/how_different_would_the_climate_crisis_and/	How different would the climate crisis and American politics if Al Gore had beaten George Bush in the 2000 presidential election?
j1c3bp38	In particular, famous examples of policies that are obviously intervention in the domestic economy. Reagan famously proclaimed that "government is the problem", but I don't imagine that he managed to completely eliminate state involvement in the economy, so I was wondering how the state continued to play a role and how it changed.  I'm aware that Reagan's 1981 tax cuts were substantially reversed in 1982, and someone also pointed me to the rise of protectionism during his presidency e.g. the 1988 Omnibus Foreign Trade and Competitiveness Act, but I was wondering whether there were other examples of state economic intervention during his presidency, as well as other publications on this topic. Thank you!     Some books I've come across (can't access them though): "The Political Economy of State Intervention" by Gavin Poynter (2020), "Administering The New Federalism" (1986), "Beyond Reaganomics: the long economic crisis and the rebuilding of America, 1974-1988" (2020)	1643190609.0	sd2cen	/r/AskHistorians/comments/sd2cen/what_examples_are_there_of_government_economic/	What examples are there of government economic intervention during Reagan's administration?
6j1dv0mf	 There are claims that Emperor Shah Jahan's memoir Padshanama contains no mention of Taj Mahal  but according to Abdul Hamid Lahori's wikipedia page and this article by times of india \[[https://timesofindia.indiatimes.com/india/new-controversy-is-taj-mahal-350-or-older/articleshow/841635.cms](https://timesofindia.indiatimes.com/india/new-controversy-is-taj-mahal-350-or-older/articleshow/841635.cms)\] he mentions the construction of Taj Mahal. Keep in mind that back in the 1600s, Taj Mahal wasnt called Taj Mahal, it was called by Rawa-i-Munuwara and by many names,so this is a factor as well"	1643193090.0	sd2z7k	/r/AskHistorians/comments/sd2z7k/does_padshahnama_mention_taj_mahal/	Does Padshahnama mention Taj Mahal?"
oqzrvy6		1643194116.0	sd3846	/r/AskHistorians/comments/sd3846/was_the_treaty_of_versailles_too_harsh_to/	Was the Treaty of Versailles too harsh to reconcile, but too mild to break Germany enough to prevent a new world war?
3tgw3auv		1643196535.0	sd3uv0	/r/AskHistorians/comments/sd3uv0/what_characteristics_do_scholars_consider/	What characteristics do scholars consider necessary for a group to be considered a “civilisation” & what is the earliest recorded example of one such civilisation?
oqzrvy6		1643198937.0	sd4iod	/r/AskHistorians/comments/sd4iod/how_did_the_treaty_of_versailles_effect_the/	How did the Treaty of Versailles effect the interwar period leading up to WW2?
akti2ydn	earlier today, i saw a "ey tone" meme and it was referring to:  red cross society toll saying 271,301.  how does the wooden door hold in gas  anne frank's diary written in ballpoint?  some picture of  a camp with bunk beds asking why women were having babies  concerts apparently?  [too lengthy to give accurate summary.](https://imgur.com/a/vtCDnT4)  auschwitz dental facility with text asking why they'd give a man dental work before tossing him into an oven.  &#x200B;  is there any pages that refute these, i remember a wooden door explanation, but not much else.	1643202892.0	sd5q1o	/r/AskHistorians/comments/sd5q1o/i_promise_im_not_trying_to_stir_up_trouble_im/	I promise i'm not trying to stir up trouble, i'm looking for a refutation of this particular brand of holocaust denial?
4spn9	The Budapest Memorandum was a document signed in 1994 between the U.S., U.K., Russia, Ukraine, and other parties. The document itself, and many political scientists, say that the Memorandum was primarily a non-nuclear proliferation treaty and less of a defensive pact. And that the only time any party may be obligated to act in defense of Ukraine is if Ukraine was threatened with a nuclear weapon, and even then, the only actions they are obligated in taking is to ask for the United Nations Security Council to get involved. By the Memorandum, even right now the US has no obligation in defending Ukraine.  https://web.archive.org/web/20171019081043/http://dag.un.org/bitstream/handle/11176/44537/A_49_765%3bS_1994_1399-EN.pdf?sequence=21&isAllowed=y  https://en.wikipedia.org/wiki/Budapest_Memorandum_on_Security_Assurances  Why is it that the terms the U.S. and its allies agreed to are so tepid? Were they worried about being obligated to defend a potentially hostile Ukraine in the future? Were they worried about internal instability within Ukraine? Were they worried in the 90s about making Russia paranoid about losing their sphere of influence and potentially prompting Russia to act on consolidating Ukraine before the U.S./NATO/Somebody else could? Were there other matters to consider? Am I off base?	1643205620.0	sd6m78	/r/AskHistorians/comments/sd6m78/regarding_ukraine_why_are_the_defensive/	Regarding Ukraine, why are the defensive obligations in the Budapest Memorandum (1994) so mild? Was there a pretense that US would defend Ukraine in the hypothetical case of Russian violations?
9www706l	Hi, I'm looking for a speech, potentially by a British barbarian who was captured by the romans.  The speech included being in awe of the roman cities and the realisation that his resistance was going to always fail after seeing the city of Rome.  "how did we ever believe we could defeat the might of Rome" (potential speech wording, or the words I'm looking for)  If you could also provide a back story, what tribe, how he became to be captured and what happened after? Did he become roman?  Thanks in advance  David	1643206465.0	sd6wtr	/r/AskHistorians/comments/sd6wtr/looking_for_a_speech_by_a_british_barbarian_in/	Looking for a speech by a British 'barbarian' in Rome (does it even exist?)
ajdl30e8		1643207604.0	sd7b7t	/r/AskHistorians/comments/sd7b7t/what_would_be_a_good_list_of_causes_for_which/	What would be a good list of causes for which natural philosophers in the Middle Ages were obsessed with Greek knowledge?
j5qhs		1643210979.0	sd8ke2	/r/AskHistorians/comments/sd8ke2/historians_used_to_believe_the_city_of_troy_was/	Historians used to believe the city of Troy was just a legend. However, the general consensus now is that it existed. What other examples are there of once-thought "mythical" phenomena being found to be historical?
eh69az2p		1643214608.0	sd9xzo	/r/AskHistorians/comments/sd9xzo/so_i_was_wondering_do_you_like_the_virginia_plan/	So I was wondering do you like the Virginia plan or New Jersey plan better?
7jq7662b	In 1926, President Coolidge received an unusual gift, twin lion cubs. He named the first cub “Budget Bureau,” symbolizing his commitment to cutting the federal budget. Today, the budget of the U.S. federal government is in deficit, and has been for many years. How do you think Coolidge would address the budget deficit were he president today?	1643215360.0	sda8xf	/r/AskHistorians/comments/sda8xf/how_do_you_think_coolidge_would_address_the/	How do you think Coolidge would address the budget deficit?
