author	selftext	created_at	s_id	permalink	title
9bym3hl7		1642790569.0	s9hpgt	/r/AskReddit/comments/s9hpgt/anyone_else_annoyed_by_the_copious_amounts_of/	Anyone else annoyed by the copious amounts of antiwork posts that show up?
ipktjdfd		1642790607.0	s9hpya	/r/AskReddit/comments/s9hpya/what_do_you_expect_from_james_webb_will/	What do you expect from James Webb (will discover,pictures…space lover only)?
6it22ml4		1642790752.0	s9hrnx	/r/AskReddit/comments/s9hrnx/where_could_you_rent_around_1000_mexicans_to_wrap/	Where could you rent around 1,000 mexicans to wrap your entire house except the windows with their bodies as a form of natural insulation for a day?
ipktjdfd		1642790607.0	s9hpya	/r/AskReddit/comments/s9hpya/what_do_you_expect_from_james_webb_will/	What do you expect from James Webb (will discover,pictures…space lover only)?
6it22ml4		1642790752.0	s9hrnx	/r/AskReddit/comments/s9hrnx/where_could_you_rent_around_1000_mexicans_to_wrap/	Where could you rent around 1,000 mexicans to wrap your entire house except the windows with their bodies as a form of natural insulation for a day?
ipktjdfd		1642791178.0	s9hxas	/r/AskReddit/comments/s9hxas/what_is_if_you_meet_the_creator_and_you_can_only/	What is if you meet the creator, and you can only ask one question, what would be you’re question?
99cqbr8h		1642791564.0	s9i2bh	/r/AskReddit/comments/s9i2bh/if_you_are_better_then_them_why_you_never_give/	If you are better then them why you never give anything to charity?
13h1dy		1642791871.0	s9i6uh	/r/AskReddit/comments/s9i6uh/is_there_a_way_to_show_the_dislikes_on_youtube/	Is there a way to show the dislikes on YouTube?
ipktjdfd		1642792017.0	s9i8om	/r/AskReddit/comments/s9i8om/what_mystery_of_the_universe_would_you_like_to/	What mystery of the universe would you like to know (inside of a black hole,time travel, dark matter, What Caused the Big Bang,life out there, 4 dimension, parallel universe including quantum mechanic theorys…Space lover?
wp961		1642792214.0	s9iba6	/r/AskReddit/comments/s9iba6/if_guys_dont_touch_it_when_they_pee_do_they_still/	If guys don't touch it when they pee, do they still have to wash their hands?
60eblzt7		1642793427.0	s9irw3	/r/AskReddit/comments/s9irw3/men_of_reddit_what_would_you_do_if_some_deranged/	Men of reddit, What would you do if some deranged women made false rape/assault allegations against you?
zc4vs		1642793488.0	s9issb	/r/AskReddit/comments/s9issb/serious_how_annoyed_are_you_by_all_the_sexual/	[Serious] How annoyed are you by all the sexual posts in this sub?
5gk6ff42		1642793757.0	s9iwdu	/r/AskReddit/comments/s9iwdu/why_did_you_vote_for_trump_in_the_2021_election/	Why did you vote for trump in the 2021 election?
ivl9dhp6		1642792656.0	s9ihht	/r/AskReddit/comments/s9ihht/older_people_of_reddit_what_is_some_advice_you/	Older people of Reddit, what is some advice you want to give to the youth?
90rh4u6i		1642793940.0	s9iyrl	/r/AskReddit/comments/s9iyrl/whats_the_software_creators_use_for_animating/	What's the software Creators use for animating talking on streams with profile pictures?
ivl9dhp6		1642790960.0	s9hub2	/r/AskReddit/comments/s9hub2/what_is_the_last_thing_you_want_to_do/	what is the last thing you want to do ?
iuznmltp		1642795988.0	s9jqqy	/r/AskReddit/comments/s9jqqy/what_app_is_better_than_reddit/	What app is better than reddit??
dqxqd		1642796980.0	s9k3yd	/r/AskReddit/comments/s9k3yd/whats_the_most_penis_boobs_erection_wet_dream_how/	What’s the most penis boobs erection wet dream? how many times double DD woman flirting with horny?
iw08b		1642797106.0	s9k5tb	/r/AskReddit/comments/s9k5tb/can_the_pope_be_women_why/	Can the Pope be women, why?
itty1oas		1642797535.0	s9kbmt	/r/AskReddit/comments/s9kbmt/what_is_something_thats_really_interesting_to_you/	What is something that’s really interesting to you but not many other people care about?
itn6ri5z		1642798208.0	s9kkqa	/r/AskReddit/comments/s9kkqa/whats_something_that_used_to_scare_you_but_doesnt/	What's something that used to scare you but doesn't anymore?
5iniu1j9		1642798685.0	s9krau	/r/AskReddit/comments/s9krau/ok_people_of_reddit_what_to_do_to_have_a_fever/	Ok People Of Reddit, What to do to have a fever quickly?
5hpoza2p		1642798993.0	s9kvx4	/r/AskReddit/comments/s9kvx4/what_phrase_is_instantly_recognizable_to_members/	What phrase is instantly recognizable to members of your fandom?
blnklp8b		1642799311.0	s9l003	/r/AskReddit/comments/s9l003/cigarettes_were_considered_healthy_in_the_past/	Cigarettes were considered ‘healthy’ in the past until they killed hundreds later. Similarly, What do you think is considered ‘normal’ now but may be potentially killing us?
bak5vc0u		1642799417.0	s9l1h2	/r/AskReddit/comments/s9l1h2/what_city_has_got_the_most_rats/	What city has got the most rats?
9r1kl434		1642799465.0	s9l275	/r/AskReddit/comments/s9l275/if_your_girlfriend_was_cut_in_half_which_part/	If your girlfriend was cut in half, which part would you choose ?
8gqoixhl		1642799468.0	s9l296	/r/AskReddit/comments/s9l296/women_of_reddit_whats_the_sexiest_thing_youve/	Women of Reddit, what's the sexiest thing you've ever sexed? How was the sex? Did t feel good? How were the sexs?
ifyza8ge		1642799902.0	s9l82l	/r/AskReddit/comments/s9l82l/how_do_you_think_we_can_combat_democrat/	How do you think we can combat democrat propaganda frequently seen in the media and on Reddit?
2s9img4c		1642800341.0	s9le8m	/r/AskReddit/comments/s9le8m/as_tech_guy_why_do_you_use_an_iphone/	As tech guy why do you use an iPhone?
5qbu7ljp		1642800456.0	s9lfnl	/r/AskReddit/comments/s9lfnl/people_of_reddit_whats_so_funny_about_biggus/	People of Reddit, what’s so funny about biggus dickus?
gc8djxup		1642800494.0	s9lg48	/r/AskReddit/comments/s9lg48/whats_your_favourite_type_of_porn/	What's your favourite type of porn?
96f5q0e3		1642800855.0	s9ll28	/r/AskReddit/comments/s9ll28/can_you_find_submissive_male_salve_here_on_reddit/	Can you find submissive male salve Here on Reddit if yes how?
i8wyz22t		1642800994.0	s9lmvy	/r/AskReddit/comments/s9lmvy/what_can_be_long_or_can_be_short_can_be_black/	What can be long or can be short, can be black, white, brown, or purple. What can you find in the world all over and it is often the main feature. What is it?
iujbhis2		1642801300.0	s9lr47	/r/AskReddit/comments/s9lr47/what_would_be_the_best_way_to_ask_a_female_friend/	What would be the best way to ask a female friend if you could give her a foot rub?
iujbhis2		1642801574.0	s9luvv	/r/AskReddit/comments/s9luvv/when_did_you_accept_that_youre_into_feet/	When did you accept that you're into feet?
5rptdfhw		1642802954.0	s9mdok	/r/AskReddit/comments/s9mdok/which_sport_is_cool_and_can_find_you_spend/	Which sport is cool and can find you spend hundreds and thousands of dollars for tickets.
3unmu1ff		1642802978.0	s9me0p	/r/AskReddit/comments/s9me0p/if_you_had_pokimane_for_one_day_what_would_you_do/	If you had pokimane for one day, what would you do to her?
iult4gvb		1642802992.0	s9me86	/r/AskReddit/comments/s9me86/serious_what_is_the_number_1_rule_when_being_a/	[Serious] What is the number 1 rule when being a Cheif?
iujbhis2		1642803622.0	s9mmxa	/r/AskReddit/comments/s9mmxa/whats_your_biggest_personal_what_if/	Whats your biggest personal "what if?"
13cp8o		1642804925.0	s9n4ps	/r/AskReddit/comments/s9n4ps/kids_mom_took_them_to_get_strep_tests_and_went/	Kids’ mom took them to get strep tests and went out of network. Bill is $670 when it should’ve been $17 in network. Is there any hope of getting this lowered?
9grs0407		1642805842.0	s9ngqa	/r/AskReddit/comments/s9ngqa/which_ship_sunk_most_ships_in_ww2/	Which ship sunk most ships in ww2 ?
i414y		1642805931.0	s9nhw6	/r/AskReddit/comments/s9nhw6/what_are_some_good_alternatives_to_removedditcom/	What are some good alternatives to Removeddit.com to view removed and deleted comments?
79mxi5mu		1642806471.0	s9npfa	/r/AskReddit/comments/s9npfa/what_would_it_take_for_you_to_fill_out_the/	What would it take for you to fill out the coolest survey that mankind has ever known - the Weird Habit Survey, which is available at: WeirdHabitSurvey.com?
if0a58yu		1642806559.0	s9nqjh	/r/AskReddit/comments/s9nqjh/what_does_not_feel_cool_anymore_after_30/	What does not feel "cool" anymore after 30?
bp9txkc3		1643132408.0	scj8tz	/r/AskReddit/comments/scj8tz/what_are_the_three_things_that_can_describe_your/	What are the three things that can describe your state ?
5okyzqej		1643132628.0	scjbuz	/r/AskReddit/comments/scjbuz/what_should_u_do_when_ur_16_years_old_girlfriend/	What should u do when ur 16 years old girlfriend want to be pregnant from u?
35o0y5v3		1643133008.0	scjh32	/r/AskReddit/comments/scjh32/how_does_google_give_the_best_results_if/	How does Google give the best results if everything is just manipulated by SEO?
itt2j438		1643133152.0	scjj2b	/r/AskReddit/comments/scjj2b/which_part_of_got_made_you_sad/	Which part of 'GOT' made you sad?
ed1kdbvo		1643133885.0	scjtik	/r/AskReddit/comments/scjtik/stray_cat_vs_persian_cat_what_to_buy_what_are/	Stray cat vs persian cat what to buy, what are differences?
cumy02r6		1643134175.0	scjxnc	/r/AskReddit/comments/scjxnc/transgender_people_of_reddit_how_do_you_deal_with/	Transgender people of Reddit how do you deal with the fact you take up the doctors resources and time that could be used for surgeries for people that actually need them to survive?
88cqt5ai		1643134245.0	scjyok	/r/AskReddit/comments/scjyok/how_do_you_even_solve_this_standard_sodium/	How do you even solve this “Standard sodium chromate is 40.6 % w/w Na2CrO4 and has a Sp.gr 1.43, Calculate: A\ M of Na2CrO4 B\ p Na” ?
efbnxssp		1643134360.0	sck0ed	/r/AskReddit/comments/sck0ed/serious_what_do_you_prefer_to_have_a_the_one_that/	[Serious] What do you prefer, to have a ‘the one that got away’ who constantly updates their social media or one who never does?
5nbgrvzh		1643134491.0	sck29m	/r/AskReddit/comments/sck29m/stalkers_of_internet_what_happened_so_wrong_in/	Stalkers of internet, what happened so wrong in your life that you start following people for sports?
5v3oj8ag		1643134557.0	sck36m	/r/AskReddit/comments/sck36m/when_you_see_a_sign_that_says_do_not_touch_does/	When you see a sign that says “do not touch” does it make you want to touch it?
d5kqdgmi		1643135037.0	sck9v5	/r/AskReddit/comments/sck9v5/hay_who_need_ways_to_earn_money/	Hay . who need ways to earn money?!
ivtf0fp9		1643135294.0	sckdbl	/r/AskReddit/comments/sckdbl/if_someone_borrowed_your_body_for_a_month_what/	If someone borrowed your body for a month, what kind of "jiggle the handle" tips would you have to give them so they aren't caught off guard?
6zwrduki		1643136044.0	scknf0	/r/AskReddit/comments/scknf0/how_far_is_too_far_in_regards_to_covid/	How far is too far in regards to COVID restrictions?
89zky94w		1643136249.0	sckq59	/r/AskReddit/comments/sckq59/how_do_druids_shapeshift/	How do druids shapeshift?
a19dpfbe		1643136337.0	sckrcb	/r/AskReddit/comments/sckrcb/straight_people_whats_something_you_cant/	Straight people, what’s something you can’t understand about the LGBTQ+?
4zy9h		1643136834.0	scky5i	/r/AskReddit/comments/scky5i/women_who_like_women_what_do_you_look_for_in_a_man/	Women who like women, what do you look for in a man?
4zy9h		1643137030.0	scl0u2	/r/AskReddit/comments/scl0u2/women_who_like_women_what_do_you_look_for_in_a_dog/	Women who like women, what do you look for in a dog?
4zy9h		1643137075.0	scl1g9	/r/AskReddit/comments/scl1g9/women_who_like_women_what_do_you_look_for_in_a/	Women who like women, what do you look for in a frog 🐸?
9uk4i1hu		1643137207.0	scl37w	/r/AskReddit/comments/scl37w/your_country_is_forcing_any_abled_person_to_fight/	Your country is forcing any abled person to fight in a stupid war. What do you do?
8sm9gmv1		1643137709.0	scla9y	/r/AskReddit/comments/scla9y/tobey_maguire_and_andrew_garfield_deniers_why_did/	Tobey Maguire and Andrew Garfield deniers, why did you not believe they were in no way home?
bqjcrngc		1643137973.0	scldwt	/r/AskReddit/comments/scldwt/hey_little_sister_what_have_you_done/	Hey little sister, what have you done?
2129csr0		1643137988.0	scle3n	/r/AskReddit/comments/scle3n/it_is_believed_that_the_universe_is_expanding/	It is believed that the universe is expanding faster than the speed of light. This is like a loaf of bread, every part is expanding not just the edges. If this is the case then why are the planets not getting further apart? Why are atoms not pulled apart? Does it expand in larger sections?
4dkvb35h		1643138085.0	sclfds	/r/AskReddit/comments/sclfds/is_it_illegal_to_give_a_cop_the_middle_finger_in/	Is it illegal to give a cop the middle finger in NY? Why or why not?
rswmc		1643138090.0	sclfg2	/r/AskReddit/comments/sclfg2/lgbtqia_people_of_reddit_how_early_in_a/	LGBTQIA+ people of reddit, how early in a relationship is too early to leak da poo poo? Do you ask them first or do you surprise them? What if they dont want to smear da poo poo?
8oh4kq36		1643138225.0	sclhbj	/r/AskReddit/comments/sclhbj/does_cereal_or_milk_spill_from_your_bowl_when/	Does cereal or milk spill from your bowl when carrying, eating, or making it?
8r53atg5		1643138267.0	sclhut	/r/AskReddit/comments/sclhut/what_is_the_world_record_distance_for_a_male/	What is the world record distance for a male peeing?
c4g3wxym		1643138311.0	sclif5	/r/AskReddit/comments/sclif5/people_who_were_named_joy_or_happy_by_their/	People who were named ,joy’ or ,happy’ by their parents: are you now depressed?
b3cr620a		1643138880.0	sclq1k	/r/AskReddit/comments/sclq1k/what_do_you_think_how_was_milk_discovered/	What do you think, how was milk discovered?
1s769wl7		1643139401.0	sclx7i	/r/AskReddit/comments/sclx7i/whats_going_on_between_russia_and_ukraine/	What’s going on between Russia and Ukraine?
6x6pyr3a		1643139483.0	sclyai	/r/AskReddit/comments/sclyai/what_keeps_you_living/	What keeps you living?
bc8pel9b		1643139614.0	scm041	/r/AskReddit/comments/scm041/is_it_fair_for_a_child_who_isnt_old_enough_to_get/	Is it fair for a child who isn’t old enough to get a job get shamed by their parents for not being productive even if they do school?
fuc5jwek		1643139671.0	scm0w3	/r/AskReddit/comments/scm0w3/what_do_you_guys_think_of_the_maggot_girl_video/	What do you guys think of the maggot girl video that’s roaming around Twitter?
h4q6lnr1		1643139781.0	scm2bc	/r/AskReddit/comments/scm2bc/anyone_else_just_seemingly_unable_to_do_their/	Anyone else just seemingly unable to do their work at any point but the last minute? No matter how stressed it makes me it just never changes
85n0f1xv		1643140327.0	scm9ev	/r/AskReddit/comments/scm9ev/who_is_joe_rogan/	Who is Joe Rogan?
12cey11q		1643140640.0	scmdjm	/r/AskReddit/comments/scmdjm/where_do_you_hide_your_spare_key/	Where do you hide your spare key?
cxx3gezu		1643141407.0	scmoae	/r/AskReddit/comments/scmoae/how_come_jobs_dont_pay_you_double_for_doing_your/	How come jobs don’t pay you double for doing your job and someone else’s job if the other person doesn’t show up for work?
a61e60t7		1643141793.0	scmtnx	/r/AskReddit/comments/scmtnx/looking_for_friends_malefemale_18_in_blackpoolwho/	Looking for friends male/female 18+ in Blackpool.who lives in Blackpool?
9uk4i1hu		1643141925.0	scmvdz	/r/AskReddit/comments/scmvdz/what_makes_war_so_appealing_to_men/	What makes war so appealing to men?
1nrkmxag		1643142252.0	scmzr9	/r/AskReddit/comments/scmzr9/people_who_are_scared_of_clowns_how_qwerky_and/	People who are "scared" of clowns, how qwerky and "different from everyone else" are you?
9e832127		1643142393.0	scn1nj	/r/AskReddit/comments/scn1nj/since_triple_a_gaming_is_shit_now_what_games_are/	Since Triple A gaming is shit now, what games are you guys moving to?
iohbrs7r		1643142614.0	scn4nn	/r/AskReddit/comments/scn4nn/anyone_else_feel_like_kindness_is_one_of_the_most/	Anyone else feel like kindness is one of the most attractive traits a potential partner can have, and it becomes more important to you the older you get? Why or why not?
szqf3		1643143216.0	scncpw	/r/AskReddit/comments/scncpw/where_can_people_file_their_taxes_for_free_if/	Where can people file their taxes for free if utilizing the Affordable Care Act healthcare?
8zgtez1h		1643143247.0	scnd6d	/r/AskReddit/comments/scnd6d/did_you_have_sex_with_your_sex_if_so_why/	Did you have sex with your sex? If so, why?
65enyotx		1643143295.0	scndui	/r/AskReddit/comments/scndui/are_there_any_other_liberals_who_sometimes_watch/	Are there any other liberals who sometimes watch Faux News, just to be angry about the misinformation they spread? And also to feel good about yourself for not being part of the misinformed Americans cult?
h3ug8		1643143840.0	scnl8f	/r/AskReddit/comments/scnl8f/blind_people_of_reddit_how_do_you_know_when_to/	Blind people of Reddit, how do you know when to stop wiping after you poop?
12cey11q		1643144124.0	scnoxr	/r/AskReddit/comments/scnoxr/where_do_you_hide_your_spare_key/	Where do you hide your spare key?
45qm76jp		1643144505.0	scnu2p	/r/AskReddit/comments/scnu2p/redditors_who_like_pizza_what_do_you_look_for_in/	Redditors who like pizza, what do you look for in a pizza?
i5ao7oxd		1643145457.0	sco6xp	/r/AskReddit/comments/sco6xp/how_do_you_pull_out_a_copper_rod_out_of_your/	How do you pull out a copper rod out of your urethra?
be4l9pdb		1643145650.0	sco9i5	/r/AskReddit/comments/sco9i5/what_does_the_us_have_to_do_with_russia/	What does the US have to do with Russia threatening to invade Ukraine, shouldn’t the US stay out of it?
i1pli1vs		1643145684.0	scoa0m	/r/AskReddit/comments/scoa0m/which_is_growing_faster_inflation_or_wages/	Which is growing faster: inflation or wages?
b7mc4zow		1643146109.0	scofo2	/r/AskReddit/comments/scofo2/serious_redditors_who_had_done_cybercrime_what/	[Serious] Redditors who had done cybercrime what did you've done?
7edtvvww		1643146446.0	scok5a	/r/AskReddit/comments/scok5a/third_times_the_charm_how_does_one_get_around_the/	Third times the charm. How does one get around the slow charge thing on their samsung when the original cord is destroyed?
7dt3j51z		1643146896.0	scopzh	/r/AskReddit/comments/scopzh/youve_been_an_adult_for_long_enough_today_so/	You've been an adult for long enough today, so what's your favorite dinosaur?
r7nit		1643147228.0	scou2o	/r/AskReddit/comments/scou2o/would_you_date_the_blind_or_the_deaf_and_why/	Would you date the blind or the Deaf? And Why ?
12cey11q		1643147749.0	scp07d	/r/AskReddit/comments/scp07d/where_do_you_hide_your_spare_key/	Where do you hide your spare key?
258ba3e6		1643147899.0	scp249	/r/AskReddit/comments/scp249/people_who_dont_use_turning_signals_what_is_your/	People who don't use turning signals, what is your problem?
ijjk63fq		1643148710.0	scpci7	/r/AskReddit/comments/scpci7/pec_tattoo_or_full_chest_piece_tattoo_on_a_guys/	Pec tattoo or full chest piece tattoo on a guys chest? Which is hotter?
8oqoau24		1643148769.0	scpdaq	/r/AskReddit/comments/scpdaq/how_do_you_feel_about_the_us_government_mailing/	How do you feel about the US government mailing you Chinese made covid19 in home test kits?
bivsun2e		1643149149.0	scpibk	/r/AskReddit/comments/scpibk/in_the_us_can_stores_release_images_on_public/	In the US can stores release images on public shaming pages of shoplifters to the public, especially if it looks like minors without filing a police report?
cdkenf2r		1643149276.0	scpk0y	/r/AskReddit/comments/scpk0y/what_exercise_routine_do_you_suggest_to_lose/	what exercise routine do you suggest to lose weight?
1oyumfz6		1643149287.0	scpk5y	/r/AskReddit/comments/scpk5y/horny_people_of_reddit_why_do_you_have_to_let_all/	Horny people of Reddit : why do you have to let all of Reddit know you’re horny ?
2kay7f28		1643149509.0	scpn13	/r/AskReddit/comments/scpn13/does_a_handjob_from_a_person_who_uses_sign/	Does a hand-job from a person who uses sign language count as fellatio?
7i0engn8		1643150193.0	scpwd2	/r/AskReddit/comments/scpwd2/is_it_possible_to_download_and_play_steam_on_the/	is it possible to download and play steam on the xbox? if so how?
