author	selftext	created_at	s_id	permalink	title
5u3ko391	I should have been more explicit.   What is the difference when it is a business in question?	1643104719.0	sca7ir	/r/explainlikeimfive/comments/sca7ir/eli5_the_difference_between_gross_income_and_net/	ELI5: The difference between gross income and net income.
yicjd	What I mean, is why does snow fall for a longer duration than rain? At least, from my personal experience in different parts of the world, this seems to be the case.	1643130587.0	scijp0	/r/explainlikeimfive/comments/scijp0/eli5_why_does_snow_last_longer_than_rain/	ELI5: Why does snow last longer than rain?
7ep82jga		1643131215.0	scis50	/r/explainlikeimfive/comments/scis50/eli5_will_running_short_distance_with_a_heavy_bag/	Eli5: will running short distance with a heavy bag help my speed while sprinting without it?
pd2c9	Whenever I see an add for these mobile games that have one type of gameplay and style advertised, and click on the game or look it up on app store, I am baffled by how completely different the actual game is. Are there no laws or guidelines against this they need to comply with in the mobile market?	1643133306.0	scjl8c	/r/explainlikeimfive/comments/scjl8c/eli5_how_is_it_mobile_games_like_evony_and_art_of/	ELI5: How is it mobile games like Evony and Art of War get away with so flagrantly falsely advertising a completely different gameplay and art in their advertisements?
5b65x0bt		1643134326.0	scjzwp	/r/explainlikeimfive/comments/scjzwp/eli5_usb_fast_charging_vs_slow_charging_what/	ELI5: USB fast charging vs slow charging. What should I look for in a wall charger? Why are there so many different standards? Is it okay to use one charger for multiple devices from different companies? Can I damage a device by using a charger with a higher rating?
9epn5gfa		1643134804.0	sck6my	/r/explainlikeimfive/comments/sck6my/eli5_what_are_the_possible_societal_consequences/	ELI5: What are the possible societal consequences of legalizing controlled substances?
6563oqzk	Is it different salt? HOW DOES SALT WORK?!	1643135231.0	sckcg9	/r/explainlikeimfive/comments/sckcg9/eli5_how_can_we_use_salt_to_make_things_cold_like/	ELI5: How can we use salt to make things cold like in home churned ice cream but also to melt ice on the sidewalk
2a5glh1z	I understand the national grid produces power, and the other systems to serve gas, water and so on to homes.  But how do they know which homes to give these services to? If I stop paying my bills today how do they know to stop giving me electricity and how it is possible to cut my access if all the infrastructure is still intact?	1643137493.0	scl79z	/r/explainlikeimfive/comments/scl79z/eli5_how_do_household_bills_work/	ELI5 How do household bills work?
gy54te2t	Title. My theory is it is Gum, but I don’t really know.	1643137775.0	sclb54	/r/explainlikeimfive/comments/sclb54/eli5_what_is_the_stuff_that_you_see_on_concrete/	Eli5 What is the stuff that you see on concrete
wekdh		1643138359.0	sclj1t	/r/explainlikeimfive/comments/sclj1t/eli5_why_does_it_hurt_your_eyes_when_light/	[ELI5] Why does it hurt your eyes when light switches from dark to bright really quick?
gsdo2	Long story short, I filled out the w2 and stuff back in 2019, I effectively filled it out for 0 withholding because i was under the impression that the less withholdings you have, the more they pull for taxes, the more likely you are to get a refund come tax time. Im married, my wife filled her out for 2 (because one for her one for being married and filling together), i have mine for 0. Somehow I paid less taxes than her even though I earn more. went to file taxes, and we're paying in at the moment.  HR cannot give tax advice for some reason and I want to prevent this problem in the future.  I asked in personal finance and to be honest, im almost 30 and theyre throwing around terms I dont understand and taxes are confusing. please help.	1643139144.0	scltud	/r/explainlikeimfive/comments/scltud/eli5_filling_out_tax_paperwork_for_work/	ELI5: Filling out tax paperwork for work.
gbs54luy		1643139316.0	sclw32	/r/explainlikeimfive/comments/sclw32/eli5_who_invented_math_and_how/	Eli5: Who invented math and how?
a1v1ogbb		1643140019.0	scm5dg	/r/explainlikeimfive/comments/scm5dg/eli5_who_was_cicero_and_why_is_he_important/	ELI5 Who was Cicero and why is he important?
qvu29		1643141403.0	scmo7w	/r/explainlikeimfive/comments/scmo7w/eli5_the_russian_and_ukrainian_conflict/	ELI5: the Russian and Ukrainian conflict?
9erburq2		1643142540.0	scn3mk	/r/explainlikeimfive/comments/scn3mk/eli5_request_arizona_v_us_2012_who_won_and_who/	ELI5 Request: Arizona v. U.S (2012). Who won and who sided with who?
3uv1exdu	How can I explain to my older brother (who is a music snob dinosaur) what ‘making beats’ is?  He says it’s just, in his words, “rearranging a bunch of Garageband or Abelton loops and adding effects and bass drops” (He showed me this in his iPad)	1643144188.0	scnprq	/r/explainlikeimfive/comments/scnprq/eli5_what_is_making_beats/	Eli5: What is “making beats”?
sb131		1643144912.0	scnzmm	/r/explainlikeimfive/comments/scnzmm/eli5_how_did_we_get_so_far_away_from_the_light_of/	ELI5: How did we get so far away from the light of the Big Bang if all matter started at the Big Bang and nothing can move faster than light?
34zgbsl2	i’ve read that it could possibly look back 13.5 billion years to the big bang and the dark ages but that just stinky doesn’t make sense	1643145317.0	sco53v	/r/explainlikeimfive/comments/sco53v/eli5_how_does_the_james_webb_telescope_look_into/	eli5: how does the james webb telescope look into the past?
4kgv725j		1643145490.0	sco7dw	/r/explainlikeimfive/comments/sco7dw/eli5_if_a_human_were_to_experience_the_worst_pain/	ELI5: If a human were to experience the worst pain ever imaginable, like out of this world type pain for just a tiny fraction of a second, would they be able to function normally after or would they be traumatized?
4n7cjfi		1643146142.0	scog34	/r/explainlikeimfive/comments/scog34/eli5_if_for_one_year_everyone_in_the_world_was/	ELI5 If for one year everyone in the world was very careful and didn’t get infected by the flu, wouldn’t it be the end of flu forever ?
37ltet84	I have a basic understanding on how the salary cap works. However, if the salary cap for 2022 is $208 million, how is it possible that teams like Green Bay and New Orleans are $40 million and $74 million over the cap respectively?	1643146951.0	scoqpm	/r/explainlikeimfive/comments/scoqpm/eli5_how_can_nfl_teams_like_the_new_orleans/	ELI5: How can NFL teams like the New Orleans Saints and Green Bay Packers be allowed to be so far over the salary cap?
11zd3x	Just slipped on the floor and fell over after a shower after an epic struggle to put my fucking socks on. Why is it harder when my foot is wet???	1643147496.0	scox5c	/r/explainlikeimfive/comments/scox5c/eli5_why_does_water_increase_the_friction_between/	ELI5 - Why does water increase the friction between my foot and the sock I'm trying to put on, but decreases friction between my foot and the bathroom floor?
y0tsh		1643148199.0	scp65s	/r/explainlikeimfive/comments/scp65s/eli5_how_would_you_explain_the_wind_to_someone/	ELI5 How would you explain the wind to someone who has never experienced it?
yyfeq		1643148557.0	scpal6	/r/explainlikeimfive/comments/scpal6/eli5_what_does_turing_complete_mean/	ELI5: What does "Turing complete" mean?
6plvk2ta		1643148780.0	scpdfu	/r/explainlikeimfive/comments/scpdfu/eli5_what_is_happening_in_venezuela_where_they/	ELI5 what is happening in Venezuela where they are literally throwing money away? How is inflation that bad?
13cocdnt	Title basically	1643149206.0	scpj26	/r/explainlikeimfive/comments/scpj26/eli5_how_did_we_decide_that_there_are_360_degrees/	ELI5: how did we decide that there are 360 degrees in a circle? Wrong answers only
13cocdnt	Title basically.  This question is to seek objective answers only!	1643150015.0	scptv3	/r/explainlikeimfive/comments/scptv3/eli5_how_did_we_decide_that_there_are_360_degrees/	ELI5: how did we decide that there are 360 degrees in a circle? Wrong answers only
4kkjo2aw	Genuinely curious. I've always wondered this but was always scared to be shunned for asking a pretty meaningless question.	1643151227.0	scqah1	/r/explainlikeimfive/comments/scqah1/eli5_if_all_living_things_are_made_up_of_just_non/	ELI5 - if all living things are made up of just non living atoms, how are we alive?
732dlut0		1643151285.0	scqb7s	/r/explainlikeimfive/comments/scqb7s/eli5_how_do_air_conditioners_turn_the_air_cold/	ELI5: How do air conditioners turn the air cold?
h5q6i	Headaches.  I understand that there are many different types of headaches (pressure headaches, stress headaches, weather headaches, etc.)  But how do the different types of headaches actually work and why do we get them?  Also, how does taking Tylenol, Advil Or ibuprofen actually help and alleviate the pain?  Any tips or tricks and why are certain people more prone to one type of headache or the other?  Thanks	1643152221.0	scqnj2	/r/explainlikeimfive/comments/scqnj2/eli5_headaches/	ELI5 - Headaches
j04mfxw7		1643152547.0	scqrzk	/r/explainlikeimfive/comments/scqrzk/eli5_biologically_are_we_more_related_to_our/	ELI5: Biologically, are we more related to our father or to our mother?
cd212gw		1643152772.0	scquzs	/r/explainlikeimfive/comments/scquzs/eli5_when_creating_an_artificial_vacuum_how_can/	ELI5: When creating an artificial vacuum, how can they be assured that it's an absolute vacuum?
p436l		1643153367.0	scr2tz	/r/explainlikeimfive/comments/scr2tz/eli5_why_do_we_enjoy_watching_gross_things_like/	ELI5: why do we enjoy watching gross things like pimple popping and ear-wax removal?
1432jo		1643154070.0	scrbx9	/r/explainlikeimfive/comments/scrbx9/eli5_why_does_it_feel_like_physical_pain_when_you/	ELI5: Why does it feel like physical pain when you have a broken heart from a breakup or a loss of a loved person?
975eww1q	I don't have a photo of it but I trust the internet to grab it for us but I noticed that Disney's ads on cable feature something like "Apple"  What does it legally mean that small about of text garbage?	1643155189.0	scrqnt	/r/explainlikeimfive/comments/scrqnt/eli5_the_tiny_text_beneath_disney_ads_to_me/	Eli5 the tiny text beneath Disney+ ads to me
314d0iga	I've seen it a lot in fantasy and sci fi series, but don't really tend to understand it. My guess on space time is that is the time zone of space	1643155799.0	scrz3f	/r/explainlikeimfive/comments/scrz3f/eli5_what_is_space_time/	ELI5: What is Space Time
4hywksss	Let me be clear, I’m a huge hockey and football fan. But sometimes I’ll watch a game and just for a second think “at the very core, there’s absolutely no point to what these people are doing, so why am I so enraptured by this?” So what is it that draws a vast majority of humans to watching or at least following professional sports?	1643156329.0	scs61l	/r/explainlikeimfive/comments/scs61l/eli5_why_does_the_general_population_like_sports/	ELI5: Why does the general population like sports so much?
izpizca8		1643157186.0	scsh20	/r/explainlikeimfive/comments/scsh20/eli5_how_does_gravity_work_in_water_if_buoyancy/	Eli5 How does gravity work in water if buoyancy exists?
77mu1e12	Where does the water go after boiling?	1643158551.0	scsyiz	/r/explainlikeimfive/comments/scsyiz/eli5_if_egg_whites_are_90_water_why_is_the_white/	ELI5: If egg whites are 90% water, why is the white of boiled egg completely solid and fills the entire shape of the egg?
46v2v	And why is it affecting everything?	1643159070.0	sct5bc	/r/explainlikeimfive/comments/sct5bc/eli5_why_is_there_a_chip_shortage/	ELI5: Why is there a chip shortage?
16020e	I heard of this concept while speaking with a well-respected PHD of economics, business owner and Professor at University.  He mentioned that his mother poured so much money into social security, and died a year before she could receive it. RIP. His family was not allowed any of the money she had invested. He mentioned how it’s a big Ponzi scheme to prey on unfortunate events.   I’m open to new perspectives as this one actually makes more sense as I empty the cup, and fill with new water, grasping the concept.  Also hearing about this often as well. Can someone please explain how these are Ponzi schemes?	1643159321.0	sct8ew	/r/explainlikeimfive/comments/sct8ew/eli5_how_are_the_us_dollar_and_social_security/	ELI5: How are the US Dollar and Social Security “large, organized ponzi-schemes”?
4sjg3w7n	I've been searching Google and can't seem to get a satisfactory explanation. When letting pipes drip to prevent freezing where do place the faucet handle? And why.	1643163015.0	scui8g	/r/explainlikeimfive/comments/scui8g/eli5_cold_or_hot_water/	ELI5: Cold or hot water?
8kuf80f8		1643164906.0	scv5ia	/r/explainlikeimfive/comments/scv5ia/eli5_how_do_fish_not_get_water_in_their_stomach/	eli5: how do fish not get water in their stomach every time they swallow?
2rcfdd2a		1643165050.0	scv77v	/r/explainlikeimfive/comments/scv77v/eli5_why_do_peoples_personalities_sometimes/	ELI5: Why do people's personalities sometimes change when they speak different languages?
cpenxpe7		1643166225.0	scvm2w	/r/explainlikeimfive/comments/scvm2w/eli5_what_would_happen_if_i_peed_on_a_electric/	Eli5 What would happen if I peed on a electric fence
985yejuh		1643166901.0	scvu82	/r/explainlikeimfive/comments/scvu82/eli5_how_tattoo_artist_can_use_someone_elses_art/	Eli5 how tattoo artist can use someone else’s art and tattoo that on someone but if another art studio or someone else was promoting someone else’s art it’s illegal?
2kgepezl	Just really confused and there's soo much history out there	1643166986.0	scvv9o	/r/explainlikeimfive/comments/scvv9o/eli5_who_does_taiwan_actually_belong_to_or_is_she/	ELI5 Who does Taiwan actually belong to? Or is she independent?
f8di5xpz		1643168001.0	scw7pi	/r/explainlikeimfive/comments/scw7pi/eli5_what_makes_skin_so_unhealthy_to_eat_and_yet/	ELI5: what makes skin so unhealthy to eat and yet also so delicious?
8b1l65cf		1643169188.0	scwlq2	/r/explainlikeimfive/comments/scwlq2/eli5_why_are_green_screens_green/	ELI5: Why are green screens green?
9htt508v		1643169870.0	scwto7	/r/explainlikeimfive/comments/scwto7/eli5_why_is_everything_so_much_funnier_when_im/	ELI5: Why is everything so much funnier when I'm tired?
d16ygzzx		1643169973.0	scwuwr	/r/explainlikeimfive/comments/scwuwr/eli5_why_do_people_stick_their_thumb_out_when/	ELI5: why do people stick their thumb out when doing the middle finger? also why is it so much harder to do it with the right hand
16t3yv		1643174847.0	scycc8	/r/explainlikeimfive/comments/scycc8/eli5_why_are_people_still_upset_about/	ELI5: Why are people still upset about colonisation? What do they want to happen? Everyone but the indigenous people to move out?
ix6o2p8t		1643178260.0	sczbca	/r/explainlikeimfive/comments/sczbca/eli5_is_the_environmental_damage_to_earth/	ELI5: Is the environmental damage to Earth reversible? If not, how long do we really have?
41g2hxnw		1643179066.0	scziyz	/r/explainlikeimfive/comments/scziyz/eli5_why_we_keep_things_like_santa_claus_and_the/	ELI5 why we keep things like Santa Claus and the tooth fairy being fake from kids?
7lwmecfq		1643179761.0	sczpi9	/r/explainlikeimfive/comments/sczpi9/eli5_i_understand_dry_firing_a_bow_or_a_gun_is/	Eli5, I understand dry firing a bow or a gun is destructive to the weapon....Why is that?
j04mfxw7	It takes a woman's body as its host for nine months, slowly growing in size and metamorphosing into an infant-stage human,	1643179902.0	sczqvg	/r/explainlikeimfive/comments/sczqvg/eli5_is_fertilized_egg_technically_a_parasite/	ELI5: Is fertilized egg technically a parasite?
9mjeiuq	I see tons of ads for puzzle apps/games where someone keeps failing a puzzle or a level shown in the ad. What is the purpose of this?	1643180170.0	scztib	/r/explainlikeimfive/comments/scztib/eli5_why_do_ads_for_puzzlegame_apps_show_someone/	ELI5: Why do ads for puzzle/game apps show someone always failing the puzzle/level?
iu4kv622	What happened? I didn’t read US news last week.	1643180436.0	sczw1a	/r/explainlikeimfive/comments/sczw1a/eli5_what_is_this_supposed_to_be_tucker_carlsons/	Eli5, What is this supposed to be Tucker Carlson’s obsession with M&Ms?
ktxlo	Not sure if it should be posted here or somewhere else (if the latter, please do point me to the correct sub).  Basically, I'm trying to ferret out what the exact nuances are that differentiate those terms. I know they're oftentimes used interchangeably, but there must be nuance, right?  Thank you!	1643182834.0	sd0hkx	/r/explainlikeimfive/comments/sd0hkx/eli5whats_the_difference_between_a_bureau_an/	ELI5:What's the difference between a Bureau, an Organ, a Body (constituent), a Department, and an Agency? And when does one use each?
cqfxq		1643186165.0	sd1beg	/r/explainlikeimfive/comments/sd1beg/eli5_why_do_a_eu_citizen_have_to_pay_both_income/	ELI5 why do a EU citizen have to pay both income tax and then VAT and do you think it's fair?
fxd5h	If that money is paid for shares and blizzard is under microsoft now; doesn't that that mean microsoft paid itself $70bn ?	1643186374.0	sd1d0l	/r/explainlikeimfive/comments/sd1d0l/eli5_microsoft_bought_blizzard_for_70_billion_who/	ELI5: Microsoft bought Blizzard for $70 Billion. Who received that money?
i7508noz	Like how do they “know” when to work? I’m thinking about how they still protect you from pregnancy in the 7 days when you’re on your “period” but presumably they don’t when you miss a few days or when you stop using them.	1643186896.0	sd1heh	/r/explainlikeimfive/comments/sd1heh/eli5_how_do_birt_control_pills_work/	ELI5: How do birt control pills work?
ck9vb5f8		1643187550.0	sd1mpd	/r/explainlikeimfive/comments/sd1mpd/eli5_what_exactly_is_inflation_and_how_is_it/	ELI5: What exactly is inflation and how is it caused?
2fswdbrf	often when something russian/soviet appears/is mentioned in a series or movie, a deep choir starts playing, where did that assosiation come from?	1643188161.0	sd1s73	/r/explainlikeimfive/comments/sd1s73/eli5_manly_choir_means_something_russian/	eli5: Manly choir means something russian?
6k2u3tvu		1643188732.0	sd1wvq	/r/explainlikeimfive/comments/sd1wvq/eli5_why_is_it_that_the_middle_of_bingo_cards_is/	ELI5: Why is it that the middle of bingo cards is free space?
gbs54luy		1643189381.0	sd224x	/r/explainlikeimfive/comments/sd224x/eli5_why_is_ink_blue_blue_n_black_ink_are_most/	Eli5: Why is ink blue ? Blue n black ink are most popular. I think black got famous coz of lead used in pencils before pens were invented, but how did blue come about?
ej5juz1o	I’m writing a novel and this vehicle needs to be burned in an emergency situation. My characters have almost nothing with them. They do have a zippo lighter.   It’s my understanding that petrol isn’t as flammable as movies make out so I can’t just shove a burning rag in the side of the car and hope for the best.  I’m wondering, if I got some petrol out, soaked fabric with it, spread it out across the seats, would the extra oxygen available help it burn better? Or is petrol just useless and I need something better? How are they doing this in Paris?  To everyone who helped with my hot wire question the other day, thank you! The thread was locked but it was a great discussion while it lasted.	1643190466.0	sd2b8n	/r/explainlikeimfive/comments/sd2b8n/eli5_why_isnt_petrol_going_to_blow_a_car_up_like/	ELI5: Why isn’t petrol going to blow a car up like in a film?
5jthdiwa	maybe a question timely asked considering how omicron is spreading like wildfire these days.	1643191729.0	sd2mlv	/r/explainlikeimfive/comments/sd2mlv/eli5_why_do_we_get_cold_before_having_a_fever_and/	ELI5: Why do we get cold before having a fever and can we really sweat out a fever? Does it works or it is just a myth?
10mmfxyc	Everyone I know take all their pills at once, I feel like that it would interfere with the meds, and cause problems.	1643192322.0	sd2rz4	/r/explainlikeimfive/comments/sd2rz4/eli5_why_is_it_fine_to_take_multiple_different/	Eli5: why is it fine to take multiple different pills at once.
kch01cg	Can I plug extension cords into power strips? Can I plug a power strip into an extension cord? Can you run more power hungry devices like a 750W gaming computer or 2000W LEDs through these configurations?	1643193208.0	sd30d2	/r/explainlikeimfive/comments/sd30d2/eli5_what_are_the_rules_about_extension_cords_and/	ELI5: What are the rules about extension cords and surge protectors and power consumption?
9d5rvcgu	I’ve watched a few of his lectures and find some of his stuff compelling and thought provoking, but there seems to be an objective disdain for him. What it about him or his viewpoints that people are adverse to?	1643195299.0	sd3jc4	/r/explainlikeimfive/comments/sd3jc4/eli5_why_do_so_many_people_hate_jordan_peterson/	Eli5 Why do so many people hate Jordan Peterson?
doiq6w7s		1643198688.0	sd4gaz	/r/explainlikeimfive/comments/sd4gaz/eli5_will_eating_a_bag_of_crisps_adequately/	ELI5: Will eating a bag of crisps adequately replenish electrolytes?
15spfmbe	How come when l type an HTML code onto notepad, it doesn't do anything. Why does it have to go into a specific terminal? How does it understand what to do? Who coded the terminal? Who coded the code for the code FOR THE CODE, ETC... how does it all come from magnetic disks and electricity 0\_0 ??!?!?!?	1643199025.0	sd4jlu	/r/explainlikeimfive/comments/sd4jlu/eli5_how_do_computers_understand_code/	ELI5: how do computers understand code
hq29b8sw		1643199782.0	sd4rkf	/r/explainlikeimfive/comments/sd4rkf/eli5_what_does_the_first_car_doing_when_a_traffic/	ELI5: What does the first car doing when a traffic jam occurs?
b1vqtl4a	do the unfold them or something?	1643201381.0	sd57v7	/r/explainlikeimfive/comments/sd57v7/eli5_how_do_they_get_cranes_in_a_city/	ELI5: How do they get cranes in a city?
j8f85d9	Lots of news articles seem to have "amp" in the link, and people seem to have concerns over this. Why?	1643206431.0	sd6wel	/r/explainlikeimfive/comments/sd6wel/eli5_what_are_amp_links_and_why_do_people_dislike/	eli5: What are amp links and why do people dislike them?
1btnrsg3		1643206673.0	sd6zf5	/r/explainlikeimfive/comments/sd6zf5/eli5_why_do_people_get_the_fisheye_effect_on_new/	ELI5: Why do people get the fisheye effect on new eyeglasses
aft156zt	I read an article recently regarding Elon Musks' concern for population collapse due to declining birth rates. The same sentiments have been echoed by others as well with predictions that we will reach approx. 9.64B by 2064 (weirdly precise predictions) then taper off to 8.8B by the end of the century.  As long as population decline is occurring across the planet and not just in certain regions/countries and provided the decline is proportional to the current population of a region then isn't it a good thing? I always thought overpopulation (or eventual overpopulation) was a bad thing for the environment due, in part, from competition of resources.. if we are already causing untold damage to the environment at 7B do you think we'll be any better at 10B or 20B - its not as if we'll all suddenly reach a utopian state of perfect equilibrium with our environment.   I understand its still important to understand the factors driving this decline to ensure it doesn't go too far but I feel like our current population size is already pretty large?	1643208451.0	sd7m9u	/r/explainlikeimfive/comments/sd7m9u/eli5_why_is_populationbirth_decline_a_bad_thing/	eli5 Why is population/birth decline a bad thing?
elfop	I’ve been working in restaurants since I was 14 years old. There’s always that one old lady or man that orders the soup of the day and sends it back because it’s not hot enough.   I recall one lady in particular that would ask to microwave the soup for 4 minutes minimum until it’s basically boiling!! The number times I burned my hands while getting that soup bowl out of the microwave..   Is there a reason for this??	1643210386.0	sd8c7x	/r/explainlikeimfive/comments/sd8c7x/eli5_why_do_old_people_say_their_soup_is_cold/	ELI5: Why do old people say their soup is cold even if it’s not?
4u8turj5		1643211211.0	sd8nlr	/r/explainlikeimfive/comments/sd8nlr/eli5_why_does_every_single_human_face_is_uniquely/	ELI5: Why does every single human face is uniquely distinct but not animals' face?
istbu1ne		1643211810.0	sd8vl2	/r/explainlikeimfive/comments/sd8vl2/eli5_the_meaning_of_the_word_bigotry/	ELI5: The meaning of the word bigotry
