author	selftext	created_at	s_id	permalink	title
hiou59xs	They all look super tidy and organized for some reason and also very clean and stable.	1642861449.0	sa3kt9	/r/PoliticalCompassMemes/comments/sa3kt9/authright_women_are_prettier_than_libleft_women/	Authright women are prettier than Libleft women.
5gdy9940	https://reddit.com/link/sahvbf/video/dn1rpkksccd81/player	1642901830.0	sahvbf	/r/PoliticalCompassMemes/comments/sahvbf/they_post_me_so_much_they_love_me/	They post me so much... they love me 🥰
kfje6	Their usual reasoning makes no sense to me, it usually goes like: “Well why be proud of something you didn’t choose to be a part of or contribute to the heritage of?”. Which also applies to those who are proud of being Black, Jewish, Asian etc, so are you also saying it’s foolish to be proud of your ethnicity/race?	1642958461.0	saylft	/r/PoliticalCompassMemes/comments/saylft/ive_never_understood_the_people_who_are_perplexed/	I’ve never understood the people who are perplexed at Americans who are proud of being an American.
580g6yll	I want gay married men and women to protect their weed plants with guns while taking their adopted trans son to get an abortion.	1643018911.0	sbiuw7	/r/PoliticalCompassMemes/comments/sbiuw7/trans_me_are_men_trans_women_are_women/	Trans me are men, trans women are women.
9f0sho9r	I can see that there are many leftist subreddits, both by country and more generally like the socialist, communist, democrat etc. subreddit. But I don't see especially right-wing subreddits (both libright and authright)	1643051470.0	sbtti6	/r/PoliticalCompassMemes/comments/sbtti6/are_there_any_right_wing_subreddit/	Are there any right wing subreddit?
4y0d5alj	I hope you dont mind taking a quick second to fill it out.   I will post the results when done   [https://docs.google.com/forms/d/e/1FAIpQLSf5T5w7PaYMD6-1bjkNjYcs6TBuRON3sP-1XQHvejPeWjbF1Q/viewform?usp=sf\_link](https://docs.google.com/forms/d/e/1FAIpQLSf5T5w7PaYMD6-1bjkNjYcs6TBuRON3sP-1XQHvejPeWjbF1Q/viewform?usp=sf_link)	1643061329.0	sbxoad	/r/PoliticalCompassMemes/comments/sbxoad/im_doing_a_survey_to_find_correlation_between/	Im doing a survey to find correlation between personality type and political views
