author	selftext	created_at	s_id	permalink	title
3alrc4pb	Hello, a longtime coworker who I am close with and is from Russia just lost her husband. He had many health issues and she was his caregiver for many years so she has taken his death very hard. I wanted to see if there was something I could do/give during the funeral in a few days. I don’t know too much about Russian traditions for funerals but want to be thoughtful and respectful. Thank you.	1642819024.0	s9rzdu	/r/russian/comments/s9rzdu/are_gifts_for_funerals_acceptable/	Are gifts for funerals acceptable?
7ngi4701		1642832390.0	s9vysv	/r/russian/comments/s9vysv/sorry_if_this_is_the_wrong_sub_but_what_is_the/	Sorry if this is the wrong sub. But what is the beef with Ukraine and what the hell does the U.S have to do with it?
hq103tj8	Украина	1642832584.0	s9w0vq	/r/russian/comments/s9w0vq/ukraine/	Ukraine
3amnd	Всем привет! Кто сможет услышать первые несколько предложений из этой песни. Хочу прослушать полностью, но не могу уловить первые строки и соответственно не могу загуглить. С 03:22 https://youtu.be/InKYVS4v7Bs?t=202 Вот ещё один фрагмент более слышимый с 42:51 - https://youtu.be/InKYVS4v7Bs?t=2571	1642846264.0	s9zemo	/r/russian/comments/s9zemo/кто_сможет_услышать_первые_несколько_предложений/	Кто сможет услышать первые несколько предложений из этой песни?
h1i3v9t3	   **Есть один сервер, на котором можно поиграть, не боясь,что вас грифанут. Администратор отзывается незамедлительно реагируя на жалобу.**  [**Exzzer.aternos.me**](http://exzzer.aternos.me/)	1642859024.0	sa2t6h	/r/russian/comments/sa2t6h/майнкрафт_сервер/	МАЙНКРАФТ СЕРВЕР
