author	selftext	created_at	s_id	permalink	title
76x0g6yl	Full disclosure I'm no socialist but interested.  So I was having a discussion with someone in a different subreddit but they shot me down when asking this question.  The discussion revolved around equal profits for all workers. I want to know does that mean equal risk as well?   For instance when starting a business and creditors need insurance do all workers provide their assets for possible liquidation?  So a prime example would be as soon as you want to get hired at a place of work you would probably have to do a buy-in of sorts like your car to carry some of the risks as well. Can someone please explain this concept to me?	1642781179.0	s9e476	/r/socialism/comments/s9e476/curious_to_hear_about_how_a_business_would_work/	Curious to hear about how a business would work in a socialist environment
6fjpgak6	Ban me if I’m right about you.	1642792275.0	s9ic8f	/r/socialism/comments/s9ic8f/yall_only_want_to_be_socialist_because_yall_are/	Y’all only want to be socialist because y’all are too lazy to work and wants everything handed to you.
3rgasq54		1642827367.0	s9ujak	/r/socialism/comments/s9ujak/are_robots_should_be_considered_oppressed_workers/	Are robots should be considered oppressed workers by capitalists, why?
an3xcis4	Once I saw this guy on a bridge about to jump  Once I saw this guy on a bridge about to jump. I said, "Don't do it!" He said, "Nobody loves me." I said, "The proletariat love you. Do you believe in the proletariat?"  He said, "Yes." I said, "Are you a communist or a socialist?" He said, "A communist." I said, "Me, too! Marxist-Leninist or anarchist?" He said, "Marxist-Leninist." I said, "Me, too! What kind of thought?" He said, "Trotskyist." I said, "Me, too! Intersectional Trotskyist or Classical Trotskyist?" He said, "Intersectional Trotskyist." I said, "Me, too! Socialist Action (United States), Socialist Alternative (United States), or Socialist Equality Party (United States)?"  He said, "Socialist Action (United States)." I said, "Me, too! Socialist Resurgence splinter group, or Socialist Action mainline?" He said, "Socialist Resurgence splinter group." I said, "Me, too!"  "Socialist Resurgence committee of 2019, or Socialist Resurgence committee of 2021?" He said, "Socialist Resurgence committee of 2021." I said, "Die, bourgeois revisionist!" And I pushed him over.	1642835299.0	s9wqnd	/r/socialism/comments/s9wqnd/i_once_saw_a_guy_on_the_bridge_who_was_about_to/	I once saw a guy on the bridge who was about to jump
8k5i6yqa	I don't know anything about socialism but is kinda sounds like capitalism could you please tell me about socialism.😁	1642837087.0	s9x6pr	/r/socialism/comments/s9x6pr/what_is_difference_between_socialism_and/	What is difference between socialism and capitalism?
ak1oor13	What is a socialist response and/or explanation to this	1642860046.0	sa34fq	/r/socialism/comments/sa34fq/why_do_people_bankget_sucked_in_to_conspiracy/	Why do people bank/get sucked in to conspiracy theories?
5egjhsls	I run [at.market](https://at.market/), a website for free novelty email addresses. I own [seizethemeansofproduction.com](https://seizethemeansofproduction.com/), a website from which you can register a free email address (example: [jeff@seizethemeansofproduction.com](mailto:jeff@seizethemeansofproduction.com)). All you have to do is go to the website from which you want an email address, and sign up. Check it out and let me know what you think!  Link:  [seizethemeansofproduction.com](https://seizethemeansofproduction.com/)  Other websites you might be interested in:  [powertotheworkingclass.com](https://powertotheworkingclass.com/), [deathtothebourgeoisie.com](https://deathtothebourgeoisie.com/), [abolishprivateproperty.com](https://abolishprivateproperty.com/), [checkmateliberals.com](https://checkmateliberals.com/), [zommunist.com](https://zommunist.com/), [hippityhoppityabolishprivateproperty.com](https://hippityhoppityabolishprivateproperty.com/)	1642863676.0	sa4as1	/r/socialism/comments/sa4as1/i_own_the_website_seizethemeansofproductioncom/	I own the website seizethemeansofproduction.com and I’m giving away free email addresses to anyone who wants one
6xpy6z36	Because of oppression, white privilege, etc.	1642890195.0	sadsyf	/r/socialism/comments/sadsyf/should_white_people_pay_reparations_to_black/	Should white people pay reparations to black communities?
ggk6pyn9	All 8 head coaches and all 7 and a half quarterbacks remaining this weekend are white.	1642898388.0	sagq26	/r/socialism/comments/sagq26/is_it_time_to_cancel_the_racist_nfl/	Is it time to cancel the racist NfL?
9p3v4ju9	No joke, I literally had this very idea with this exact name years ago while very jaded about the politics of people I was meeting on OkCupid   [https://okcomrade.club/](https://okcomrade.club/)   :)   Not a working site yet, but you can sign up for updates and share the link, since the developer is waiting until there is enough interest	1642957547.0	say8u5	/r/socialism/comments/say8u5/leftist_social_network_in_the_works/	Leftist social network in the works
4ijwtxsh	1. What countries have successfully tried socialism and are prosperous (I hear people say “socialist countries go down hill” or something along those lines)  2. How would we implement or adjust socialism to fit into the modern world?	1642960167.0	saz9dt	/r/socialism/comments/saz9dt/im_not_antisocialist_but_i_have_some_questions/	I’m not anti-socialist but I have some questions:
22o4907	 I've been brought forth thrice by the geek freaks. I spent an unfavorable afternoon abiding by their heed. I'm free now.  Finally, I've freed myself from the purple chains of capitalism.  &#x200B;  https://preview.redd.it/puf83bpnnhd81.png?width=812&format=png&auto=webp&s=8402a1d09f34526001f621a0d3a53b1b56ca0e62	1642965910.0	sb1k1o	/r/socialism/comments/sb1k1o/the_grips_of_a_dying_nation/	The grips of a dying nation
87a42bmh		1642970111.0	sb35w7	/r/socialism/comments/sb35w7/thoughts_on_the_growing_yimby_housing_transit/	Thoughts on the growing "YIMBY" / housing & transit advocate movement among liberals & centrists. How should socialists relate to that movement? Is there common ground that can & should be fostered? Should socialists advocate for market solutions like removing single family zoning?
734uqdyp	 I was walking campus when I saw a John Doyle sticker and thought "Oh dear god, these people are not just on the internet!" I immediately went back to my dorm and decided to start an organization. Today, I tore off that sticker and replaced it with something much better.   https://preview.redd.it/lqxyr2v4hid81.jpg?width=3000&format=pjpg&auto=webp&s=3cf38601bcd2acf4ec87ff59c3d81482109d9c5e	1642975838.0	sb5eqj	/r/socialism/comments/sb5eqj/praxis_baby_lets_go/	Praxis Baby, Let's Go!!!
6bys2v4a	I already thought of renaming the "Jail" to "Gulag", and adding more tax spaces, but I'm having trouble figuring the rest out. Help?	1642980526.0	sb7693	/r/socialism/comments/sb7693/i_wanted_to_make_a_socialist_version_of_monopoly/	I wanted to make a socialist version of Monopoly, any suggestions?
8kdwzbtf	Is the prospect of a resurgent Trump worth strategically aligning with the DNC liberals?	1642990034.0	sbahpe	/r/socialism/comments/sbahpe/what_are_your_opinions_on_what_american_leftists/	What are your opinions on what American Leftists should do come time for the 2022 midterms 2024 elections?
ejmbikty	No lie	1643048171.0	sbsjvo	/r/socialism/comments/sbsjvo/socialism_is_gay/	Socialism is gay
isziqv6m	One reason i see people support socialism is because it is suppose to decrease income inequality. I ask this question what is the ideal amount of equality for a society?	1643131618.0	scixs4	/r/socialism/comments/scixs4/genuine_question_what_is_the_ideal_amount_of/	Genuine Question what is the ideal amount of “income equality” in a society?
bzx2j	Having been raised in America, the American Leftist is influenced by Judeo-Christian morals. Most Judeo-Christian flavors of religion were historically an enslaved underclass, and as a coping mechanism developed a Slave Morality that values victimhood and suffering as holy. The American Leftist is influenced by this Slave Morality, and identifies with the lower classes, so exalts weakness and fragility as desirable and respectable traits. This is out of a subconscious desire to reject the perceived ruling-class values of might and discipline.  In practice, this creates a degenerate behavior of sabotaging any Leftist organization that approaches authority. In the mind of the Slave-Morality Leftist, a Leftist that approaches authority is similar to the ruling class, which is imagined to be a betrayal of Leftist morals. This ultimately results in purity spirals of attacking anyone who is achieving any degree of conventional authority, instead putting at the forefront those who are the most outraged, the most offended, the most fragile, and the least capable of asserting their will onto society at large.   We have seen this happen at Democratic Socialists of America party meetings, where the attendees endlessly raise personal grievances to grind all activity to a halt, narcissistically making themselves the center of attention. The leadership of the DSA hesitates to reject these people, because they fear alienating the downtrodden underclass. The most egregious are those that are offended on another’s behalf, as they use others as pawns in their attention-seeking.  Formalized leftist organizations, like the DSA party, are not the only victims of the Slave-Morality Leftist. In less formal groups that have no explicit command structure, the Slave-Morality Leftist demands hyperfixation on the most loudly offended, and the most aggressively complainant. Meetings and discussions seize as people compete to be the most victimized, demanding hyperfixation on the endless tiny details of grievance upon grievance. Whether this is from a sincere desire to make the most harmed the most heard, or a manipulation tactic by attention-seeking narcissists, the result is the same: The complete halt of operations and inevitable death of the organization.  As should be apparent, a movement or organization that rewards incapability and suppresses the direct ability to assert one’s will, cannot influence society to a meaningful and lasting degree. The American Left must reject the exaltation of weakness, and instead praise and reward elements of power and authority that are leveraged to enact Leftist change in society. Should the American Left continue its rejection of capability, there is no possibility for development beyond Capitalism in the United States.	1643139180.0	sclubi	/r/socialism/comments/sclubi/slave_morality_and_the_american_leftist/	Slave Morality and the American Leftist
emwl4z4c		1643167853.0	scw5wf	/r/socialism/comments/scw5wf/what_policy_changes_couldve_saved_the_ussr/	What policy changes could've saved the USSR?
