author	selftext	created_at	s_id	permalink	title
7wutht5d		1642772885.0	s9b40s	/r/Conservative/comments/s9b40s/bioengineers_found_a_way_to_regrow_cartilage_in_a/	Bioengineers found a way to regrow cartilage in a damaged knee, getting closer to fixing Arthritis. They have successfully regrown cartilage in a damaged rabbit's knee, offering hope for human joint repair
7wutht5d		1642772885.0	s9b40s	/r/Conservative/comments/s9b40s/bioengineers_found_a_way_to_regrow_cartilage_in_a/	Bioengineers found a way to regrow cartilage in a damaged knee, getting closer to fixing Arthritis. They have successfully regrown cartilage in a damaged rabbit's knee, offering hope for human joint repair
gwdka506		1642784594.0	s9ffce	/r/Conservative/comments/s9ffce/federal_court_issues_nationwide_pause_on_bidens/	Federal Court Issues Nationwide Pause on Biden's Federal Employee Vaccine Mandate
v9e0bi		1642789421.0	s9ha29	/r/Conservative/comments/s9ha29/violent_crime_rising_costs_put_south_africas/	Violent Crime, Rising Costs Put South Africa’s Mining Industry in a Deep Hole
h4whd86e		1642868699.0	sa61mp	/r/Conservative/comments/sa61mp/trns_reddit_mod_under_fire_for_inviting_minors_to/	Tr@ns Reddit Mod Under Fire for Inviting Minors to Their Home for Hormone Shots, Behind Parents Backs
jn1y7		1642872671.0	sa7hli	/r/Conservative/comments/sa7hli/liberal_journalist_bari_weiss_tells_bill_maher/	Liberal journalist Bari Weiss tells Bill Maher that COVID restrictions and closure of schools will be seen as a ‘moral crime’ by younger generations and says we Must return to normal life
a3iawzpc		1642875681.0	sa8l0c	/r/Conservative/comments/sa8l0c/the_sixth_mass_extinction_fact_fiction_or/	The Sixth Mass Extinction: fact, fiction or speculation?
d2kiisbo		1642880072.0	saa5vu	/r/Conservative/comments/saa5vu/begala_biden_needs_to_go_out_comfort_the_country/	Begala: Biden Needs To Go Out, Comfort The Country And "Handoff" Agenda To VP Kamala Harris
c6yrsazu		1642930054.0	sapval	/r/Conservative/comments/sapval/cias_havana_syndrome_report_doesnt_sit_well_with/	CIA's Havana Syndrome Report Doesn't Sit Well With Some Lawmakers
1o0d4hsp		1642941940.0	saswpi	/r/Conservative/comments/saswpi/large_majority_says_widespread_fraud_in_2020/	Large majority says widespread fraud in 2020 Pennsylvania election…
5kgv7		1642943295.0	satafw	/r/Conservative/comments/satafw/cnn_of_all_places_destroys_biden_in_one_minute/	CNN, of all places, destroys Biden in one minute
b77v5		1642952293.0	saw9h2	/r/Conservative/comments/saw9h2/they_are_hatefilled_bluehaired_blackwearing/	They are hate-filled, blue-haired, black-wearing leftist goons. — The dregs of society seeking some sort of revelence.
62gd4rr7		1642963707.0	sb0omk	/r/Conservative/comments/sb0omk/the_problem_with_womens_sports_by_anthony_esolen/	The Problem With Women’s Sports by Anthony Esolen
4aqd123v		1642963954.0	sb0sc7	/r/Conservative/comments/sb0sc7/biden_war_vs_russiaover_ukraine_us_aircraft/	Biden War vs. Russia–Over… Ukraine!? U.S Aircraft Carrier to Mediterranean. Tensions at boiling point.
v9e0bi		1642971408.0	sb3ngt	/r/Conservative/comments/sb3ngt/hunter_bidens_ties_to_businessman_with_links_to/	Hunter Biden's ties to businessman with links to Chinese Comunist Party
fjiikr9v		1642979995.0	sb6zcd	/r/Conservative/comments/sb6zcd/los_angeles_railway_littered_with_thousands_of/	Los Angeles railway littered with thousands of parcels stolen from trains
5vp9ch5p		1642999423.0	sbdk3t	/r/Conservative/comments/sbdk3t/cdc_be_like_the_vaccine_100_saved_this_kid_from/	CDC be like "The vaccine 100% saved this kid from dying of covid."
4aqd123v		1643020371.0	sbj8hr	/r/Conservative/comments/sbj8hr/nato_sending_fighters_ships_to_region_uk_to/	NATO sending fighters, ships to region; UK to withdraw some staff from embassy in Ukraine
b77v5		1643024287.0	sbk9e9	/r/Conservative/comments/sbk9e9/dont_be_an_idiot/	Don’t be an idiot.
17cotz		1643027804.0	sbl9qa	/r/Conservative/comments/sbl9qa/muh_frozen_stonefruit/	Muh Frozen Stonefruit
acvk341j		1643036832.0	sbo9ag	/r/Conservative/comments/sbo9ag/nfl_overtime_rules_under_scrutiny_after_chiefs/	NFL overtime rules under scrutiny after Chiefs knock out Bills in wild playoff game
2tgq8		1643042605.0	sbqdkx	/r/Conservative/comments/sbqdkx/microsoft/	Microsoft'
h4whd86e		1643065142.0	sbz4ra	/r/Conservative/comments/sbz4ra/president_biden_uses_expletive_after_reporter/	President Biden Uses Expletive After Reporter Asks Him About Inflation
2qjpgbci		1643127469.0	schdkh	/r/Conservative/comments/schdkh/the_war_on_poverty_50_years_of_failure/	The War on Poverty: 50 years of failure
h4whd86e		1643166369.0	scvnrw	/r/Conservative/comments/scvnrw/watch_wisconsin_assembly_votes_to_withdraw_its_10/	Watch: Wisconsin Assembly Votes to Withdraw Its 10 Electors for Joe Biden in 2020 Election
guueh2od		1643171350.0	scxafn	/r/Conservative/comments/scxafn/salem_media_announces_their_culture_warrior_of/	Salem Media Announces Their Culture Warrior of the Year...And Some
hmt7xdpg		1643174284.0	scy6go	/r/Conservative/comments/scy6go/watch_hockey_legend_theo_fleury_slams_trudeaus/	WATCH: Hockey legend Theo Fleury slams Trudeau’s vaccine policies on Fox News, calls for ‘revolution’
g76xe		1643191167.0	sd2h7d	/r/Conservative/comments/sd2h7d/rich_and_red_the_ussrs_prize_assets_harvey_klehr/	Rich and red: The USSR’s prize assets | Harvey Klehr | The Critic Magazine
hyfa9		1643210509.0	sd8e02	/r/Conservative/comments/sd8e02/how_a_woman_can_know_if_a_man_truly_loves_her_the/	How a Woman Can Know if a Man Truly Loves Her -- The true lover will want to investigate and know all about the object of his affection.
3w3tgopn		1643210940.0	sd8juk	/r/Conservative/comments/sd8juk/desantis_looks_competitive_against_a_trump_in/	DeSantis Looks Competitive Against a Trump in 2024 — It’s Just Not the One You’re Thinking of
