author	selftext	created_at	s_id	permalink	title
g5loo	بقالي فتره بشوف إعلانات كتيره لابليكيشنس طلب اكل زي اب طلابات وتخفيض ال١٥٠ جنيه. حد عنده رأي او ريفيو عن تجربتهم او مثلا تجربه حد تعرفه بخصوص الإعلانات و الابس دي؟	1643143872.0	scnlnw	/r/Egypt/comments/scnlnw/حد_جرب_عروض_طلبات_هل_فيها_اي_مشاكل/	حد جرب عروض طلبات؟ هل فيها اي مشاكل؟
daf012i9		1643144169.0	scnpj3	/r/Egypt/comments/scnpj3/اهلا_بكم_في_جمهورية_اللقطة/	اهلاً بكم في جمهورية اللقطة
8eum6oti		1643146135.0	scofzu	/r/Egypt/comments/scofzu/leaked_video_of_prisoners_being_tortured_and/	Leaked video of prisoners being tortured and killed and obviously under the amazing Sisi's rule.
hhob96lw	Question from an American who only speaks English	1643173973.0	scy343	/r/Egypt/comments/scy343/what_does_نبض_متنقل_mean/	What does نبض متنقل mean?
