author	selftext	created_at	s_id	permalink	title
wekdh		1642708737.0	s8rjso	/r/explainlikeimfive/comments/s8rjso/eli5_if_someone_is_undercooled_and_feels_cold_to/	[ELI5] If someone is undercooled and feels cold to the touch; how can a hypothermia blanket still help the person heat up?
4qq1x601	If I call a 4G smartphone from a 2G dumbphone will the receiver still get a 2G voice quality?	1642716584.0	s8udch	/r/explainlikeimfive/comments/s8udch/eli5_call_quality_between_2g_4g_networks/	[ELI5] Call quality between 2G - 4G networks
wekdh		1642708737.0	s8rjso	/r/explainlikeimfive/comments/s8rjso/eli5_if_someone_is_undercooled_and_feels_cold_to/	[ELI5] If someone is undercooled and feels cold to the touch; how can a hypothermia blanket still help the person heat up?
4qq1x601	If I call a 4G smartphone from a 2G dumbphone will the receiver still get a 2G voice quality?	1642716584.0	s8udch	/r/explainlikeimfive/comments/s8udch/eli5_call_quality_between_2g_4g_networks/	[ELI5] Call quality between 2G - 4G networks
d8tu4w0p		1643074682.0	sc1mgl	/r/explainlikeimfive/comments/sc1mgl/eli5_why_must_cough_syrup_be_so_nasty/	ELI5: Why must cough syrup be so nasty?
5f6rzisl		1643104250.0	sca3if	/r/explainlikeimfive/comments/sca3if/eli5_why_do_some_corporation_can_be_a_member_of/	Eli5: Why do some corporation can be a member of their own LLC?
hzctywyf	I GOOGLED IT FIRST. I couldn't find a straight up definition or comparison from any source that didn't require me to pay or subscribe.  Is "midyear population" calculated from birth rate/death rate/previous year population? Is "total population" the population at the beginning or end of the year? Or are they the same number and the numbers are different based on the data source? TYIA	1643134602.0	sck3sz	/r/explainlikeimfive/comments/sck3sz/eli5_what_does_midyear_population_describe_and/	ELI5: what does "midyear population" describe, and how is it different from "total population"?
cpcfifry	I'm currently taking a finance module and we're discussing the "Off-Market currency swaps" that was used by Greece. However, I'm having a really hard time comprehending the situation.   The following text (what's in bold is what I don't understand) and [diagram is what imy referring to](https://i.imgur.com/rvW9HDP.png):  >“A more common type of off-market rate derivative transaction occurs when a debt office enters into a domestic IRS by receiving-fixed and paying-floating rates but asks that the fixed payment be lower than the swap market rate. This implies that the swap is not valued at zero, having instead a negative value for the sovereign borrower. **To complete the deal, the debt office will either need a lower (in algebraic value) spread on its LIBOR-linked payments, or will ask to be compensated immediately with an up-front payment.**  >The two alternatives are very different. In the first case, the remaining value of the swap is amortized over the life of the swap as a greater gain for the treasury, which compensates more or less equally over the life of the transaction for the lower fixed rate received with respect to the market rate. In the second case, up-front payments, if not amortized, might constitute operations meant to avoid the accrual principle for the purpose of window-dressing.”  Thanks!	1643136111.0	sckoab	/r/explainlikeimfive/comments/sckoab/eli5_how_offmarket_currency_swaps_work/	ELI5: How off-market currency swaps work?
2m9i2tv3		1643140095.0	scm6ey	/r/explainlikeimfive/comments/scm6ey/eli5_why_do_ears_whistle_when_exposed_to_strong/	ELI5 Why do ears “whistle” when exposed to strong noises?
fmh3bvcf	Or not even really tipsy (for me), as after just taking a few sips of whisky I can begin to laugh at things that really aren't that funny though I am very sensitive to alcohol.	1643140919.0	scmhes	/r/explainlikeimfive/comments/scmhes/eli5_why_are_thinga_funnier_when_tipsy_or_drunk/	[ELI5] Why are thinga funnier when tipsy or drunk?
cs9yw2nq	While the plane is rumbling on the runway, I can only hear the wind sound. It's not until the plane lifts off when I can hear the buzz noise.	1643155281.0	scrs2v	/r/explainlikeimfive/comments/scrs2v/eli5_in_propeller_plane_takeoff_videos_why_does/	eli5: In propeller plane takeoff videos, why does the propeller "buzz" sound start once the plane becomes airborne?
gf7qr2qw		1643164280.0	scuxsg	/r/explainlikeimfive/comments/scuxsg/eli5_what_is_the_fokkerplanck_equation/	ELI5: What is the Fokker-Planck equation?
5t76alh3		1643186942.0	sd1hqv	/r/explainlikeimfive/comments/sd1hqv/eli5_why_is_it_winter_in_some_places_but_summer/	ELI5: Why is it winter in some places, but summer in others.
psd5ir9	Tried searching but there's so much buzzwords	1643195416.0	sd3kcy	/r/explainlikeimfive/comments/sd3kcy/eli5_how_do_mushrooms_work/	ELI5 How do mushrooms work?
b1vqtl4a		1643201158.0	sd55j4	/r/explainlikeimfive/comments/sd55j4/eli5_how_did_someone_make_the_first_keyboard_work/	ELI5: How did someone make the first keyboard work without using a keyboard to code it?
