author	selftext	created_at	s_id	permalink	title
4elkiz1a	Non mais sérieusement, c'est quoi ce bordel.  Ce gamin pose régulièrement problème à mon fils, je l'avais dis de l'éviter malgré ça le morveux continue à l'emmerder lui et d'autre enfant de la classe. Mais là, voir un enfant de 7ans, balancer ce genre de propos, c'est just hallucinant.  Je fais quoi moi maintenant, je suis censé aller au commissariat ou quoi. Mon fils se retrouve à avoir peur d'aller à l'école maintenant. C'est just abérrant.  Edit : j'ai contacter la maîtresse via l'application ClassDojo qui permet d'avoir les news de l'école. Le gamin a confirmer avoir dis ça, un mot dans le carnet après avoir eu la morale et voilà. Le directeur de l'école m'a appeler pour m'expliquer le détail. Il était tout aussi choqué que moi. Il m'a même dis que le problème c'est ce que les parents feront à la maison.. Et ça.. C'est une autre histoire.	1643126597.0	sch1cn	/r/france/comments/sch1cn/un_enfant_de_la_classe_de_mon_fils_la_menacé_de/	Un enfant de la classe de mon fils l'a menacé de "Ramener un cutter et de le tuer".. Ils sont au CP
6b8n3c4a		1643139252.0	sclv97	/r/france/comments/sclv97/vous_aussi_vous_trouvez/	Vous aussi vous trouvez ?
8kstj7s0	Allez, un petit coming out, cela ne me coûte pas grand chose ma foi:   Je suis chômeur de très longue durée, l'expression est lâchée ! J'ai un doctorat en économie (Toulouse 1 Capitole) qui m'a pris 4 ans, mais du fait d'un handicap (pas suffisamment lourd pour me gâcher la vie, mais suffisamment pour m'empêcher de trouver du travail par contre) je n'ai jamais réussi, durant les 6 dernières années, à durer plus de quelques mois dans une entreprise, et j'ai essayé pourtant. Dans les faits, je peux retrouver du travail sans trop de problème (quand on a la chance d'avoir un tonton qui est patron de sa propre entreprise et qui fournit certificats de travail, références, fiches de paie et tutti quanti...cela lisse le CV, surtout quand il s'agit d'un trou béant comme celui de mon parcours), mais ayant la chance d'avoir un accompagnement, mon handicap étant diagnostiqué depuis peu, je préfère faire du qualitatif, quitte à ce que cela prenne quelques mois, je n'en suis pas à ça près.  D'autres personnes que moi ont eu ce genre de lourdes désillusions en essayant de s'insérer sur le marché du travail sans succès? Avez-vous eu à faire face au chômage très longue durée, que vous ayez fait des études ou non? Comment l'avez-vous vécu? (Je pourrai moi-même répondre à cette question si vous le désirez).	1643143656.0	scnisz	/r/france/comments/scnisz/chômeurs_longuedurée_je_vous_salue/	Chômeurs "longue-durée" : je vous salue
hl7soe2v	 **Does this make sense? Does it sounds French or can you tell Im not french by the way its written?:**  "Salut! Je cherche quelqu'un qui aimerait jouer au ping pong régulièrement. Niveau: débutante. Je fais ca juste pour le fun et pour me motiver à faire une activité sportive. Sinon si vous connaissez des clubs ping pong?  Je cherche quelqu'un avec qui courir. Je trouve ce serait plus motivant que courir seule. Niveau: aussi débutante/lente."	1643150843.0	scq576	/r/france/comments/scq576/can_you_rewrite_this_so_it_sounds_fluent/	Can you rewrite this so it sounds fluent?
bnujbhm4	!	1643160301.0	sctkpp	/r/france/comments/sctkpp/is_it_true_that_first_and_third_person_ir_verbs/	is it true that first and third person ir verbs have no change in pronunciation in the present tense?
j10x0pfk	Bonjour j’ai acquis la nationalité française par naturalisation il y a peu il faut savoir que j’ai rejoin le territoire français a mes 1 ans mais le fait que je ne suis pas née en France me bloque pour trouver du travail ou même du point de vue social car le fait que ce sois marquer noir sur blanc que je suis née a l’étranger les gens pense que je suis un « bledard » car en + de cela je viens d’un pays très pauvre en guerre colonisé bref que des galères je ne reni pas mes origines mais depuis ma naissance je n’y ai plus remis les pieds donc je ne suis pas vrmt attaché en + de cela j’ai eu des galères qui ont fait que je n’ai pas grandis avec mes parents donc j’ai aucune culture de ce pays.  Bref c’est tout pour les raisons de ma questions, je voudrait savoir si pour un étranger il y a moyen légale que l’ont change son lieu de naissance sur sa carte d’identité ou juste que l’ont puisse marquer étranger(99) un truc du genre car sa me colle à la peau. Je sais que d’un point de vu éthique c pas ouf mais sa me rend vrmt peu à l’aise et j’en ai très honte, je ne pense pas trop en demander, on vis quand même dans un monde ou l’ont peut changer de sexe.  Si il n’y a aucun moyen légal envoyez moi vos plug	1643165206.0	scv95t	/r/france/comments/scv95t/peut_on_changer_de_lieu_naissance_suite_à_une/	Peut on changer de lieu naissance suite à une naturalisation ?
10u2d4		1643185896.0	sd191x	/r/france/comments/sd191x/sncf_donne_son_accord_pour_mettre_à_disposition/	SNCF donne son accord pour mettre à disposition un terrain à #Paris12 susceptible d'accueillir les usagers de crack afin de les éloigner de quartiers résidentiels.
dw0e4	Salut r/france ,     Je viens vers vous car j'ai reçu, il y a quelques jours, un mail de la part d'Ebay qui me chiffonne un peu. Je suis un vendeur non professionnel, même si je vends ( et achète ) beaucoup sur internet, que ce soit sur LBC ou Ebay.     J'ai reçu un mail de la part d'Ebay, qui fait mon récapitulatif de l'année 2021:   \-30 transactions   \-montant brut = 7800e   \-Frais de commissions totaux = 511e   \-Frais d'expéditions totaux = 286e     Ebay stipule qu'au dessus de 20 transactions et de 3000e, les chiffres sont fournies au Fisc pour le calcul des impôts. Sauf que ça représente une somme absolument énorme, et que ce n'est absolument pas représentatif d'un gain net pour ma part.     En effet, durant l'année 2021, j'ai exploré une passion, celle des casques Hifi haut de gamme. Ayant investi une somme de départ d'environ 700e dans l'achat d'un casque HdG, la quasi intégralité de la somme indiqué par Ebay est la résultante de la revente de mon appareil ( parfois avec perte! ) , et du réinvestissement de la nouvelle somme ( parfois avec rajout de ma part ) pour l'achat d'un appareil différent. Ce fut mon hobby du moment surtout en période de Covid, mais en aucun cas je n'ai "gagné" 7800e ( ou plutôt 7000e si l'on déduit les frais de port et les commissions )...     Car je vais pas mentir, un rabattement de 7000 balles sur mon calcul d'impots, c'est vraiment pas rien pour moi, je suis actuellement à un taux de 4,8% avec un salaire annuel net de 22 000e....  \-Y a t'il des justificatifs possible ( facture Ebay, etc etc. ) pouvant réduire la somme déclaré, en justifiant par exemple d'un achat à prix égal ou supérieur au gain, et donc en indiquant qu'il ne s'agit pas d'un gain d'argent net pour ma part, mais un réinvestissement?     \-Ai-je raison de m'inquiéter?     \-C'est pas un peu complètement stupide comme système? en gros, si je prends le train et que l'on fait la transaction en main propre, pas de soucis, mais si via internet, tout est tracé et déclaré?     \-D'un autre côté, je lis que cette démarche de déclaration au Fisc ne sert QUE à traquer les professionnels non déclarés qui voudraient passer sous le radar des impots... En tant que non professionnel, ai-je à m'inquiéter?     Merci d'avance à ceux qui pourront m'aider et éclairer ma lanterne.	1643188153.0	sd1s4n	/r/france/comments/sd1s4n/aide_impôts_et_déclaration_ebay_au_fisc/	[AIDE] Impôts et déclaration Ebay au FISC?
dca5yk8e		1643189033.0	sd1zjc	/r/france/comments/sd1zjc/les_danois_du_grp_dintervention_takuba_sont/	Les Danois du grp d'intervention Takuba sont considérés comme force d'invasion par le gouvernement Malien. [tweet en anglais]
36jit9wu	(RC = réchauffement climatique)  J'ai pensé à ce sujet à cause d'une discussion hier sur reddit à propos d'une énième vidéo de Janco (où il caressait dans le sens du poil des ingé de grande école), et hasard du calendrier il y avait également hier soir un direct sur thinkerview avec une géologue qui était passionnante (en aparté :  j'ai rarement vu quelqu'un autant connaitre son sujet... et pourtant j'en ai connu des experts). Je m'y connais absolument rien en "mine", mais la nana avait l'air plus que sérieuse et elle est très convaincante quand elle dit que ... ben... on va être dans la merde en termes de métal.    Je ne suis pas un "collapsologue", je ne sais toujours pas ce que ça veut dire effondrement (à quelle intensité ? Ou ça va se passer ? Quels secteurs seront impactés sans adaptation de notre part ?) et j'ai toujours eu du mal avec la forme du discours ultra alarmiste, avec des ellipses explicatives pour qu'on comble les trous par notre imagination. Or... Je ne crois absolument pas à la thèse d'explosion de violence dans notre pays. Peut être à la guerre avec une autre nation, mais pas à la guerre civile qu'on dépeint parfois dans les fictions, nan. Pour la simple et bonne raison qu'on est un pays de vieux. Alors c'est une grosse nouveauté dans l'histoire de l'humanité, mais quand on est un pays de vieux et vieillissant, je vois mal la population prendre les armes pour tuer son voisin de pallier. Globalement, le pays s'est pacifié.   Par contre, dire qu'il n'y aura pas de changement drastique de notre mode de vie durant cette prochaine décennie et pour le reste de notre vie me semble illusoire. Je ne crois absolument pas à la révolution sociale qui nous permettra de changer notre mode de vie de manière coordonnées ni à la révolution technique qui, il faut être honnête, n'arrivera pas. Je veux dire... Cette présidentielle en est la preuve. On ne parle pas d'écologie. On ne parle pas des problématiques de logement. On ne parle pas des problématique industrielles. De notre autonomie en tout genre. Donc en vrai, on ne parle de rien de très important. Et coté technique, même du tout nucléaire ne pourra pas résoudre tous les soucis.   Bref, ça va être la merde, mais faudra bien vivre ces prochaines années dans un monde que j'imagine comme les années 50, donc plutôt rural, où les plus aisés seront surtout des petits bourgeois notables de patelin et, ou tout prend plus de temps, moins de diversité culinaires et de divertissement, plus de coupure de courant, où voyager à l'étranger sera exceptionnel, que même partir en vacances sera un truc de bourgeois etc. Bref, rien de très glamour en vérité. Juste qu'on vivra moins bien sans pour autant se battre pour une conserve de pois chiche.    Et du coup je me demandais si certains d'entre vous avez modifié leur trajectoire de vie. Personnellement, je devais vivre et travailler à Paris, ville que j'adore et où je suis né. Et à un moment, en prenant en compte le RC, je me suis dit que 1 : fallait un travail assez bien rémunéré et 2 : protégé/perenne (dans le sens, assez utile socialement pour exister malgré tout à toute époque). N'étant pas du tout manuel... Le choix a été compliqué.   J'ai pensé sérieusement à l'armée (quoi de mieux que cette institution pour être à la pointe de l'adaptation au RC). Pour diverse raison, ça ne s'est pas fait, et j'ai accepté une mutation, loin de Paris, dans une petite ville de province pour un métier qui sur le papier me plaisait moyen. Ca a été pour moi un énorme choc culturel. Je l'ai digéré, et de plus en plus, je pense que c'était la meilleure décision de ma vie. Alors il y a clairement des inconvénients (je n'ai pas de voitures, et pour certains aspects du quotidien, c'est un peu plus complexe que dans la mégalopole), mais globalement, c'est le bingo gagnant : sécurité, logement à bas prix, circuit court avec des produits de meilleurs qualités. Sans trop d'effort, la ville peut être résiliente au niveau alimentaire en se mettant d'accord avec les agriculteurs aux alentours. La ville est jusqu'il faut en taille pour être citadine en restant "vivable". Parce que j'ai retenu ma leçon d'histoire : en cas de crise, mieux vaut être en ville qu'en campagne. Elle me convenait également parce qu'elle n'était pas au sud, ni en zone inondable, avec des projections d’élévation de la température raisonnable (je crois que j'avais vu du +2°C en moyenne).   J'ai également décidé d'acheter, alors que ce n'était pas dans mes plans. Mais "grand" comparé à ce que je peux me permettre sur Paris, mais pas absolument pas gigantesque pour la simple et bonne raison qu'il faudra chauffer les m². Mon raisonnement, c'est qu'il y aura une fuite des parisiens/lyonnais vers des zones sous doutées, avec un éclatement de la bulle immo sur Paris.   Bref. Parfois je me dis que je délire. J'étais dans un milieu scientifique où des écolo il y en avait à la pelle. Où des gens fan de Servigne me disaient à la pause midi que ouai, ils se projetaient grave dans une cabane au fond des bois où ils vivraient dans une communauté de hippies avec des bac +8. Ben, ils vivent dans de grosse ville (pas forcément Paris, mais Lyon, Toulouse, Londres, c'est la même problématique) dans des emplois de services usuels. Bien entendu, sur internet on lit des histoires de mec qui ont fait HEC qui ne vont plus chez le coiffeur et sont maintenant zadistes. Mais j'ai rarement vu des changements "raisonnables" en lien avec le RC. J'ai l'impression qu'on est tous au courant, que parfois on y pense, mais pour des gros projets de vie, on n'ose pas faire le pas de s'adapter à ce changement à venir (ou en cours).   Du coup, je voulais savoir si j'étais le seul à penser comme ça ou pas. A peser pour chaque décision, si ca sera pertinent dans 10-20 ans.	1643196052.0	sd3qcq	/r/france/comments/sd3qcq/est_ce_que_vous_avez_modifié_votre_trajectoire_de/	Est ce que vous avez modifié votre trajectoire de vie à cause du RC ?
g0fbueir	Je parle d'une mentalité bien spécifique que j'observe malheureusement très souvent et qui me débecte à chaque fois que je la lis, parce qu'elle hyper simpliste et l'ai vu encore sur le sujet des universités.  On la retrouve principalement chez des gens qui votent LREM,LR,FN,Z et même PS.  Cette mentalité pour laquelle littéralement presque tout les problèmes de société sont lié à une chose :  \- "C'est des feignants", "Des tire-au-flanc","Ils font pas assez d'efforts", Quelques exemples :  \-Les fonctionnaires ont du mal à faire leur travail ---> Feignasse  \-Les fonctionnaires demandent des meilleurs salaires ---> T'es une feignasse privilégiés donc tais-toi  \-Les allocataires du RSA n'arrivent pas trouver du travail ---> Feignasse  \-Tu veux pas te faire faire vacciner parce que tu es (endoctrinées, con, complotistes) ---> Mauvaise volonté donc feignasse  \-Tu es un putain de marmot de 18 piges qui sait pas quoi faire dans sa vie et qui ratent sa L1 parce que finalement ça t'intéressait pas tant que ça. ---> Feignasse qui profite du système  &#x200B;  Et par corollaire cette justification permettrait de littéralement d'interdire toute les aides qu'on peut recevoir de l'état. Bourses, RSA, Sécu et autres allocations passerait à la trappe pour t'apprendre à bouger ton cul.  A croire que vous êtes les plus vertueux être sur cette planète et que les "autres" méritent un juste châtiment pour leur faire comprendre c'est quoi la "vrai vie", c'est quoi le "travail".  Sauf que ce n'est pas le cas.  Pour reprendre mes exemples :  Les fonctionnaire ont du mal à faire leur travail peut-être certainement à cause de la lourdeur administrative (mais qui n'est pas de leur faute mais celles des décisionnaires), mais aussi à cause des logiciels vieillissant et peu flexibles, là ou avant on pouvait noter des exceptions sur le côté de la feuille, aujourd'hui un logiciel où une case n'est pas remplis (ou n'existe tout simplement pas) ne peut tout simplement pas faire aboutir une demande. Autant sur des petites choses ce n'est pas grave, mais lorsqu'il s'agit d'une infirmière/médecin dans un service d'urgence, c'est le genre de choses qui n'aident pas et ralentis le travail.  Les fonctionnaires demandent des meilleurs salaires, peut-être que l'indice à été gelé depuis un bon moment, et que certaines professions dans le service publique sont extrêmement mal rémunérée comparé au secteur privé ou c'est la loi de l'offre et de la demande qui prime ? (et pas votre niveau de non-feignantise)  Les allocataires du RSA n'arrivent pas trouver du travail, peut-être parce que :  2 000 000 de RSA - 1 000 000 de boulots sur Pole emploi n'est pas égale à 0 ?  Peut-être aussi parce que 1/4 d'allocataires sont des handicapés et que les entreprises ne veulent pas d'eux, que presque tous les allocataires n'ont pratiquement aucune mobilités professionnelle parce que bizarrement à part ton RSA, les propriétaires sont très frileux à signer des bails sur cette base ? Ou encore que les bassins d'emplois comme Paris et Lyon sont si chers que les proprio ont des exigences délirantes en termes de salaire ? Non ? Cela ne vous as jamais traversé l'esprit ? Toujours des feignants ou des gens qui ont des difficultés à briser les lois de la physique et de l'économie ?  Tu veux pas te faire faire vacciner parce que tu es (endoctrinées, con, complotistes), et dans ce cas jouer au plus con qu'eux en jetant par la fenêtre tous nos principes républicains en devenant aussi con qu'eux en voulant leur retirer tous leurs droits est bien sur la meilleure idée du monde ?  Tu es un putain de marmot de 18 piges qui sait pas quoi faire dans sa vie et qui ratent sa L1 parce que finalement ça t'intéressait pas tant que ça. Et ben tant pis ? Non ? On pas droit l'erreur ? On est contraint au parcours parfait ? On vous voit pas trop ouvrir votre bouche quand c'est gosses de riches qui échouent, parce que eux ont ce luxe. Je rappelle qu'en France les bourses sur critères sociaux doivent être remboursées si on ne bosse pas son année. c'est la double peine pour les étudiants qui échoue, pas de diplômes et des dettes. Et les autres andouilles qui veulent en rajouter une couche avec encore plus de sélection parce que la ruine psychologique et financière ne suffisent pas bien sur à bien sélectionner, c'est bien connus que ces dettes et cette année de vie perdus seront effacées à la première occasion (Non).  Enfin j'en ai assez dit, mais j'aimerais bien entendre le point de vue des concernés, parce que vous êtes d'une chiantise absolue. Bonne journée.	1643209283.0	sd7xk8	/r/france/comments/sd7xk8/pourquoi_certains_ici_avez_cette_mentalité_toxique/	Pourquoi certains ici avez cette mentalité toxique ?
