author	selftext	created_at	s_id	permalink	title
oaalzdd	Has anyone had to deal with this?  I had been off and on with my ex the past 5 years and we have a kid.  I always sent her money every month and money for random things to help.  I have always had our kid 50% but we handled things out of court since most of the time we were together and dating.    She’s lost it and now wants sole custody so I got a lawyer.  This is actually the second time I’ve filed since the first we let it lapse and tried to work it out.    I have all bank records showing payments of money sent to her and we also lived together all of 2020.    What do judges look at in these cases?  I’m in AZ.  I also make significantly more than her as I’m six figure and she quit her higher paying job to work multiple low paying gigs and is prob at minimum wage.	1642626111.0	s80fsy	/r/MensRights/comments/s80fsy/title_ivd_case_soon_anyone_deal_with_one_before/	Title IV-D Case soon. Anyone deal with one before?
mp2g5		1642909126.0	sak6l1	/r/MensRights/comments/sak6l1/opinion_on_moderators_like_this/	Opinion on moderators like this?
5k0zmoqh	So 6 months ago i had a "good weekend", i made out with 3 girls, the last girl end up dating me for a while but the first one was a "friend" of mine, we weren't that close tbh but she used to be my class mate on highschool, whatever later that night she went to sleep into my mother's room and we both were drunk so i told her that i wanted a good night kiss, i wanted to kiss her in the forehead but she moved her face and kissed me, so i end up getting kind of excited so i asked her if i could get into bed with her (kind of weird but whatever), then i kissed her and she told me that she didnt wanted to continue because we were friends and i wouldn't wanted to be friends with her after that, so i told her that we could still be friends but enjoy the night bla bla bla and i end up kissing her a few seconds/ minutes after and i asked her if she was comfortable and then she told me that she was always going to be comfortable with me, then i touch her down and she even give me instructions on how to do it properly after that she said that most men doesnt know how bla bla bla and i told her that some woman likes different things, we keep doing it and then she asked me to fuck, and i told her no because i was to fucking drunk and i didnt feel like it.  When my friend told me that yesterday i was in shock but now i think of the consequences that this could bring into my life and i'm kind of scared what do you guys think	1642911788.0	sal08q	/r/MensRights/comments/sal08q/an_exfriend_is_going_around_saying_that_i_abused/	An "ex-friend" is going around saying that i "abused her".
22agspwt		1642940902.0	sasmgm	/r/MensRights/comments/sasmgm/woman_beheads_husband_after_feud_surrenders/	Woman Beheads Husband After Feud, Surrenders Before Police
7kh0r7n6	I should begin with a bit of background. I study in a nice private school in Russia. Russia is still a conservative country - many liberal movements exist, but the law is rather strict towards them.  What I am about to describe might be rather petty, but it honestly reflects things about the status quo for men.  Once, as it happens to all students, we went on a school trip. We went by train - for those unaware of how Russian trains work - its a compartment of two bunk beds for a total of 4 people. The compartment is enclosed, has ventilation, and phone charging outlets.  The thing is, the way they placed us in the compartments was weird. In our group, the amount of students was indivisible by 4. Which meant that someone would end up having to go with strangers, because the school did not want to pay for empty seats.  Guess what - they said that girls will always be with people from the group, and they will put the boys in compartments with strangers instead. This was done to prevent rape/catcalling/abuse.  I was kinda baffled, to be honest. I am a biological male and identify as cis, and i honestly feel weird. While I ended up, luckily with "my" people both on the trip there and the return trip, it still felt weird.  I imagine myself feeling uncomfortable if i end up in a cramped space with up to three people I do not know, with whom i must share my space for them to be able to store their luggage, eat, etc., etc. And I do not see why it is specifically girls they are trying to protect. I was scolded when I brought it up to the teacher that came up with this idea. I discussed this with a girl and she said that as a man, I can just "slap" (exactly the word she used for it) whoever tried to rape me - as if that was enough to stop them, which is just a blatant excuse.  While the initial idea about this post was just to talk about that, I also want to add another thing unrelated to the above "story" - I saw a poster advertising for domestic abuse help in the subway, and it said "Help center for women and children". I want to know - what prevented you from using gender neutral language there? What prevented you from viewing men as more than just stupid abusers who just hit their wives...  This is really random, and the issue is probably not nearly as big as some described in this sub - but this does show a lot about how male rights are treated in the world.  TL;DR - Men being assigned train seats with strangers during school trip, but not women, who went with classmates or teachers.	1643043999.0	sbqx9g	/r/MensRights/comments/sbqx9g/an_example_of_male_safety_from_abuse_already/	An example of male safety from abuse already being overlooked in school, and a brief analysis of the male rights situtaion in Russia.
ly77b7	&#x200B;  [ Legendary Comedian Norm Mcdonald, Neal Mundle , Mike Mcdonald , Matt Billion and Big Foot ](https://preview.redd.it/149yv5de0td81.jpg?width=960&format=pjpg&auto=webp&s=3d36cbbf3953ea3f0ea5bcfd5524a3d80b51843d)  On November 24th,2021, a famous and well loved Canadian comedian by the name of Matt Billon hung himself. Despite this, very few comedians are willing to talk about the elephant in the room, that he was shunned and canceled by our own community for 3 years for something he was innocent of.  Matt was 42 years old  He had been in comedy close to 20 years.  To question this do so would knock over a house of cards; implicating a system of endemic corruption, fraud, pageantry and nepotism:Those canceled in the Canadian Comedy Industry tend to be men and they're usually canceled by comedians who use diversity, inclusion and equity policies as grounds to ostracize anyone they deem can attack or people who they deem are dangerous or may one day become dangerous to their cause.  Matt Billion was shunned and blacklisted by the Canadian Comedy Community for an innocent joke. Even when the truth came out that he was falsely accused, few were willing to publicly acknowledge this injustice.  **We wish to have what happen to Matt Billion acknowledge by the Canadian Comedy Industry.**  **I would like the parties and institutions accountable**  **To Billons friends, family and to the Canadian public.**  **I would like comedians to have the courage to speak the truth about their own experiences.**  The things that Matt faced were frankly both unethical and immoral. I believe the focus should be directed to what happened opposed to who's responsible. If you are someone that believes in punishment then go ahead and go after those you feel deserve it, but I on the other hand would rather ensure that for the future these types of events do not happen again.  I hope that a supportive and open place for comedy exists and can be something that is protected and made so that all comedians and people in the industry can feel at home at regardless of where they came from. That accusations require proof and due process before we take on the zeal of the mob.  I wish that we can talk to each other and discover the truth without resorting to hysteria.  xxxxxxxxxxxxxxxxxxxxxxxxxxxxxxxx  In the words of a friend of Matts.  "Matt Billon was the kindest to all new and senior comedians. He had the love and respect from all the top pros as a great worker and a genuinely great guy to be around.  Horrible loss for stand up comedy.  And for real. Fuck all the fakes that turned their backs to him or even went out of their way to ruin his career, and now giving loving eulogies like you really cared. Stand up is full of the most spineless backstabbing cowards and Matt stood out amongst all of you for having integrity and kindness and professionalism."  I too am outraged by many of these backstabbing eulogies.  **This is his story**   If you are moved by this story, please signed up our petition.[www.change.org/MattBillon](https://www.change.org/MattBillon)  &#x200B;  xxxxxxxxxxxxxxxxxxxxxxx  Matt came runner for the Sirus XM Top Comic in 2015. This guaranteed him a prime spot for the JFL Gala. Matt was unable to attend due to health reasons but was guaranteed by Ben Miner(SIrusXMTopComic) and the JFL booker (Lara Rae) that he could get it whenever he was ready.  He never got his Gala.  Matt also told me that the year he came runner up, he won the popular vote but was denied access to look at the judges cards. He thought it was very strange.  Chanty Marostica on the other hand won the Sirus XM Top Comic in 2018 and would also win 2 Canadian comedy awards as well as a Juno Nomination. This would in effect make Chanty one of the most decorated comedians in Canada.  In February 2019, Billon was headlining a show with Marostica at the Hubcap Comedy Festival in Moncton, New Brunswick. He ran into Marostica before taking the stage, and made a point of congratulating them on their recent SiriusXM win.  During his headliner set, Billon made a lighthearted joke about trans athletes and how their inclusion was going to make women’s sports more exciting—a joke Billon had told plenty of times before, including in front of Tommy Chong who was present at the festival and a crowd of (appreciative) queer audiences.  "I'm excited for transsexuals finally being accepted into prime time sports, it means that that the WNBA ....is finally going to be watchable"  When he returned to the comics’ table backstage, Marostica had already departed, leaving a handwritten note informing Billon that they (i.e., Marostica) were trans and was devastated by the joke.  "Matt you asshole  I'm trans  Chanty"  By the time he’d finished his second set, Billon’s Facebook page was flooded with accusations of transphobia, following on Marostica’s social-media call out of Billon as a bigot.  He repeatedly tried to reach out to Marostica, offering to have a private conversation, or even a public discussion. He also tried to apologize for hurting their feelings. But as is usually the case in such controversies, these gestures only made the public attacks worse.  Billon received private messages expressing support—including from members of the queer community in Winnipeg, Marostica’s home town—telling him that this kind of behavior was typical of Marostica, and that he had done nothing wrong. In public, however, the silence was deafening. According to Billon, none of his fellow comedians stood up to defend his character. It was the cowardice of his friends and colleagues that hurt most, he later told me.  Matt said that what was hardest was having his fellow comedians abandon him during that time.  “None of his fellow comedians stood up to defend his character. It was the cowardice of his friends and colleagues that hurt most”-life of a comedian can be hard and brutal- article.  Chanty had a history of histrionics and has cancelled several male comedians, all of whom had done little with no evidence of malice. It would include Comedians Boyd Bank and Hunter Collins also over similarly innocent incidents. All three of the people who Chanty had cancelled had similar reputations, they were secure in themselves, well liked, funny and popular in the community .  I interviewed Matt for an article in July.(Article at the Bottom) We hoped that the article would bring Matt vindication and justice. We received a lot of positive support and thanks from around the world. Despite that, we received no public acknowledgement from anyone in in the Canadian comedy industry as it seemed to close to the nose.  He told me that Ben Miner and the JFL booker were polite but illusive as to when he would get his JFL gala spot; he asked if was about the Chanty incident , they casually dismissed that notion. It was only later that he heard that the JFL booker was in full support of Chanties attacks on social media.  But in October 2019, it was revealed that Chanty Marositca was involved in multiple sexual misconduct allegations with several female comedians.  Not everyone agreed to keep Marostica’s downfall out of public view, however. One video about the claims against the comedian has been viewed almost 800,000 times (making it several orders of decimal magnitude more popular than Marostica’s actual comedy).This was the work of the taboo-busting Montreal duo known as Aba & Preach—aka comedian Aba Atlas and Erich “Preach” Étienne who revealed the story to the world. Atlas also criticizes the growth of so-called “safe space” comedy rooms, which promise comedians an environment free of sexist jokes and other forms of retrograde humor. Atlas noted that these venues, paradoxically, can become breeding grounds for predation by engendering a false sense of security; and by allowing abusers to virtue signal as a means to address the cognitive dissonance created by their own wrongdoing (a phenomenon known in psychology, more broadly, as “self-licensing”). The video ends with a call to action directed at the media organizations that had been giving Marostica so much positive attention:  "I want all the big media outlets … CBC Radio, CTV—all the ones who’ve been putting Chanty up, all the time, as some kind of icon and role model for us to follow—I want you guys to come out and say something about this too, right? You guys want to take the time to bash Louis C.K. because he’s on a big platform, but what happens when one of your own is engaged in far more egregious forms of abuse? Everybody wants to be self-righteous, but nobody wants to look at themselves and their own behaviour.”  Despite their video reaching over 800 thousand view, this scandal was not reported by any mainstream Canadian or comedic journalistic body, of course until my article in the Quillete last August.  Well why you may ask? Because any investigation would render Chanty's comedic and moral authority moot as well as to those who granted them their powers. When we examine Chanty's comedy, it's mediocre at best and is undeserving of the top awards. At lease Louie C.K was funny and still he didn't sexually assault anyone.  Chanty's meteoric rise was in large part due to diversity, inclusion and equity policies that fraudulently license them to the status of "made man", making chanty untouchable. That was up until their own allegations came to light.  [https://www.youtube.com/watch?v=OiClXLot3BA&t=1s](https://www.youtube.com/watch?v=OiClXLot3BA&t=1s)  I invite you to look at Chanties Comedy Video's and the comments in the comment section.  I am a fan of all comedic arts, Chanties work is at at best, cringe worthy.  Why was it never acknowledged by Sirius XM, Ben Miner, JFL , the CBC, CTV or the Junos. Well I can tell you what It probably would make the establishment look like . It was conveniently ignored and swept under the rug. Chanty was the poster child of diversity, inclusion and equity in Canadian Comedy. An investigation would bring out more skeletons.  Matt was never issued an apology, Sirius XM never was investigated, the Juno's have never been audited as It should have done 2 years ago. Chanty Marostica quickly disappeared from social media, avoiding any social accountability and all discourse involving Chanty was erased; business continued as usual.  A business that supports pageantry over merit, identity politics over what is funny or truth.  At the end of 2019, Matt never got his vindication or acknowledgement for his pain from any of his peers or from the comedy institutions. Matt Billion had friends who worked in the Comedy industry who could have broken the silence, but non of them choose to do so..  last August I help write an article for the Quilette to help clear Matt's name and to systematically describe the structures of corruption in Canadian Comedy (Article on the Bottom). It was the first major publication of its kind detailing how and why behavior like this is prominent. We sent it to every newspaper and outlet. We sent it to the CBC, Ctv, the Junos, Sirus XM ect.... all fell on deaf ears as they've all have written glowing reviews and pieces of Marostica, most of which are still up and available online and on Youtube. By ignoring the elephant in the room, they can pretend it never happened at all. Business as usual.  In my research, I've interviewed dozens of comedians who've been ostracized and silenced by their community, often disproportionately or for no cause at all. They speak with a raw pain in their voices. Many of them have symptoms of post traumatic stress and relive their wounds again and again. These conversations are usually furtive, because public acknowledgement of the bullying will only earn more abuse. There is no justice, no accountability, not even a basic recognition that harm has been done.  Matt was different. He generally loved everyone and didn't speak much ill, not even of Chanty. But when I interviewed him he was honest regarding what happened and spoke very coolly, which is atypical for a canceled comedian.  But when we talked about his friends in comedy not defending his character, he voice betrayed him. For a small moment, you could hear a muffled scream suppressed in the back of his voice.  "My collogues, my fellow comedians,  they abandoned me.  They're cowards!"  I often hear those words when I'm alone, writing.  I'm not angry at Chanty Marostica but I'm outraged by the flagrant behavior of people like Chanty. I'm outraged with the institutions and people to enable behavior like this and it tortures me.  To speak out is to be made a target.  We have a duty to truth.  “Silence in the face of evil is itself evil: God will not hold us guiltless. Not to speak is to speak. Not to act is to act.”  ― Dietrich Bonhoeffer  I'm furious. I am mad. I am tortured. I'm often in pain because of how hopeless it seems at times trying to express temperance to this insanity. .  My heart is with Matt, his friends and his family but it does not salve my outrage regarding this flagrant corruption and nepotism and fraud. I’m scared that if we’re unable to bring light to these matters, that the world may spiral into greater darkness ? I'm scared of being pushed into that dark.  I have good evidence suggesting that the Juno's and Sirius XM comedy awards are divorced from merit, choosing diversity, inclusion and equity as one of their main criterion for artistic success; not merit. This leads to creating an environment that is homogeneous, intolerant individualism and unfair. Like Chanty Marostica, Comedians and artists who follow in chanties footsteps are rewarded.  I invite you to look up Chanty Marostica's album and that of all recent Juno and Sirius Xm nominees and winners. Most of them are unequivocally banal, unfunny, unprovocative, unprofane and unprofound; resembling the out of the mill blasé CBC comedy junk lack any commercial viability or audience.  I often get rebottled with, since comedy subjective? No it's not. Funny is when there's a violation in ones expectations, it's when we make the absurd mundane and the mundane absurd. Comedy always lives within the realm of truth and if we're not able to speak it, then we've failed at our vocation.  That's my opinion.  Why don’t you look at Chantys work and come up with your own ?  I would like Matt Billon to get his vindication  I want justice.     If you are moved by this story, please signed up our petition.[www.change.org/MattBillon](https://www.change.org/MattBillon)  &#x200B;  [https://www.youtube.com/watch?v=cfFZaVJ-XsU](https://www.youtube.com/watch?v=cfFZaVJ-XsU)  This is a video interview of Matt Billon from last year, describing what had happened to him. This video was originally shelved to prevent additional ire from the scene. This is the article I helped write, featuring Matt Billon. It's about the prevalent nepotism and bullying in the Canadian Comedy Industry.  If this matters to you, please read our full article  [https://quillette.com/2021/08/01/life-as-a-stand-up-comic-can-be-brutal-safe-space-call-out-culture-is-making-it-unbearable/](https://quillette.com/2021/08/01/life-as-a-stand-up-comic-can-be-brutal-safe-space-call-out-culture-is-making-it-unbearable/)  This is our article about Matt and cancel culture realesed August 2021. Everything in it is peer review and fact checked.  [https://youtu.be/LpbnPxYp7ns](https://youtu.be/LpbnPxYp7ns)  This is a little video I made in the memory of Matt  Corruption abhors a light.	1643103692.0	sc9yvc	/r/MensRights/comments/sc9yvc/require_help_changeorg_petition_to_end/	Require help -Change.org petition to end unjustified ostracism in the Canadian Comedy Instustry .
3ftme	I don't mean like aftershave or beard trimmers, I mean like T-shirts with pro male slogans, posters, any kinda schwag. Women have those popular "The future is female" shirts and I'm wondering if there's any male equivalent.   Are there any emerging markets for for-us-by-us stuff? Would any of you be interested in shifting to male only manufacturers?	1643136805.0	sckxr4	/r/MensRights/comments/sckxr4/are_there_any_products_that_are_for_men_by_men/	Are there any products that are for men by men...
pjhcg	Destiny aka Steven Bonnell is a somewhat liberal streamer online. A woman named Ana has been stalking him in an abusive manner for quite a while. She harasses him as well as other people close to him claiming he is the abuser. And whenever he tries to block all contact with her, she claims he's being abusive by "stonewalling" her. She also is trying to become a psychiatrist.  Videos on what happened here:  https://www.youtube.com/watch?v=8UyFazRMsN8  https://www.youtube.com/watch?v=ntqjrHF4-pU  https://www.youtube.com/watch?v=x76dT37eg58  So far, Twitch hasn't done anything about this. Destiny's take on that is here:  https://clips.twitch.tv/ProtectiveBitterHornetWTRuck-8VvvjdIuT3Slrshk	1643147233.0	scou4o	/r/MensRights/comments/scou4o/destinys_abusive_relationship_and_twitchs_response/	Destiny's abusive relationship and Twitch's response
8dvscofk	I Don't know if you remember or if you know who he is, but Robinho (Played for Real Madrid, Milan, Manchester City), an ex fotballer superestar was convicted of collective rape, in Italy. He live in Brazil, so the italian justice resquested the interpol to put Robinho in international criminal list.   The curiosity was the evidence that incriminated Robinho.   But, at first, the story: Robinho and his friend were in a party where met a girl and all guys make sex with this girl, a gangbang. The next day this girl reported Robinho and his friends by rape because she was too much drunk to consent for sex.   At first Robinho denied the story, but apparently the police intercepted talks with a friend where Robinho said several things that happens in that day. He said: They (friends) are fucked, they make sex with her. She didn't stand (was very drunk). At some point, the friend asks what Robinho did, and he says that couldn't have sex with girl because his dick wasn't erect, so she just sucked him.  This case made me think about how the woman pov is all what matters for justice. Look, the guy wasn't excited, but I bet the police never asked for him why he wasn't excited. Actually, maybe he was drunk too. Too much drunk to discern if the girl could consent. Maybe he saw that she was bad.  I bet all my money ($0) that police and justice shared the perspective and believed from the beginning that Robinho was malicious.   Robinho is rich, can pay for good lawyers. But and poor guys? Justice is thirsty, how many injustices can be committed when police and justice are biased towards condemning? Aparently, we only have 2 options: Consent sex or rape. There is no communication failure. And in the same time WE ARE responsible for the girls. Justice and police don't care if a guy is drunk to understand what happens too. They only will calling you to spend a few years in jail. Nobody cares about us.  &#x200B;  [https://football-italia.net/ex-milan-and-manchester-city-star-robinho-convicted-of-rape/](https://football-italia.net/ex-milan-and-manchester-city-star-robinho-convicted-of-rape/)	1643156900.0	scsdd2	/r/MensRights/comments/scsdd2/a_brazilian_fotballer_superstar_was_convicted_of/	A brazilian fotballer superstar was convicted of rape
dyjcszqn	I consider myself the text book definition of feminist, but the past few years feminism has turned into man hating.  Just wanted to say I’m sorry about that because that isn’t what feminism is. :(  I hope you guys are having a happy day!	1643153438.0	scr3qf	/r/MensRights/comments/scr3qf/im_sorry_modern_day_feminists_ruined_everything/	I’m sorry modern day feminists ruined everything for you guys.
