author	selftext	created_at	s_id	permalink	title
8iioesd3		1642732277.0	s8zqf9	/r/PoliticalCompassMemes/comments/s8zqf9/ultramodernist_agendapost/	Ultramodernist agendapost
1cbgepr		1642734559.0	s90i70	/r/PoliticalCompassMemes/comments/s90i70/i_just_want_to_grill/	I just want to grill
104iwr91		1642736201.0	s911p6	/r/PoliticalCompassMemes/comments/s911p6/being_racist_is_not_a_personality_trait/	Being racist is not a personality trait
7uuq0		1642767745.0	s99js5	/r/PoliticalCompassMemes/comments/s99js5/conservative_libleft_vs_progressive_authright/	Conservative Libleft vs Progressive Authright
8iioesd3		1642732277.0	s8zqf9	/r/PoliticalCompassMemes/comments/s8zqf9/ultramodernist_agendapost/	Ultramodernist agendapost
1cbgepr		1642734559.0	s90i70	/r/PoliticalCompassMemes/comments/s90i70/i_just_want_to_grill/	I just want to grill
104iwr91		1642736201.0	s911p6	/r/PoliticalCompassMemes/comments/s911p6/being_racist_is_not_a_personality_trait/	Being racist is not a personality trait
7uuq0		1642767745.0	s99js5	/r/PoliticalCompassMemes/comments/s99js5/conservative_libleft_vs_progressive_authright/	Conservative Libleft vs Progressive Authright
dp9wtn8		1642782478.0	s9elom	/r/PoliticalCompassMemes/comments/s9elom/breaking_news_in_anarchy_you_can_have_any_system/	Breaking news: In anarchy, you can have any system you want and no one can force you to the flavor you don't want. Auth agenda post, because lib unity is very unlikely on this times.
53xy07d3		1642794154.0	s9j1tn	/r/PoliticalCompassMemes/comments/s9j1tn/one_instance_of_authright_being_based/	One instance of authright being based.
rn7mryd		1642795325.0	s9jhoq	/r/PoliticalCompassMemes/comments/s9jhoq/fellas_ive_become_what_we_all_swore_to_destroy/	Fellas, I’ve become what we all swore to destroy
3vhi5		1642795420.0	s9jj06	/r/PoliticalCompassMemes/comments/s9jj06/today_im_dirty_wanted_to_be_pretty_tomorrow_i/	Today I'm dirty, wanted to be pretty. Tomorrow I know I just dirt.
1hod1znf		1642796284.0	s9jupb	/r/PoliticalCompassMemes/comments/s9jupb/the_unflaireds_have_no_place_here/	The unflaireds have no place here
bfiie613	Hi, I'm just posting here to spread around the discord server I'm a part of.   Leftist DisUnity is a Debate and Discourse server for leftists. We have a good atmosphere, and even better shitposts.   Come join please. [https://discord.gg/G9nFb9Hc](https://discord.gg/G9nFb9Hc)     We're really looking for people in the left please. If you're not Authleft or Libleft you'll be asked to leave.	1642797744.0	s9keph	/r/PoliticalCompassMemes/comments/s9keph/leftist_debate_server/	Leftist Debate Server
8ug8egth		1642798379.0	s9kn97	/r/PoliticalCompassMemes/comments/s9kn97/theyre_sowing_seeds_its_so_obvious/	They’re sowing seeds it’s so obvious
8cdnqhl		1642799372.0	s9l0si	/r/PoliticalCompassMemes/comments/s9l0si/return_to_monke_amirite_a_lot_of_you_regards/	Return to monke amirite? A lot of you regards really need to redo your flairs.
8cdnqhl		1642799449.0	s9l1y1	/r/PoliticalCompassMemes/comments/s9l1y1/return_to_monke_amirite_a_lot_of_you_retards_need/	Return to monke amirite? A lot of you retards need to redo your flair. What is it with all the libcenters with such clearly auth views lately?
6pb24g45		1642800115.0	s9lb7n	/r/PoliticalCompassMemes/comments/s9lb7n/those_weapons_wont_sell_themselves_you_know/	Those weapons won't sell themselves, you know...
863xvw6f		1642800199.0	s9lceo	/r/PoliticalCompassMemes/comments/s9lceo/authrightcenter_right_when/	Auth-right/center right when
8roirc37		1642803076.0	s9mfib	/r/PoliticalCompassMemes/comments/s9mfib/all_political_compass_memes/	All political compass memes
5irvx617		1642803665.0	s9mnki	/r/PoliticalCompassMemes/comments/s9mnki/muh_political_spectrum/	Muh political spectrum
1sz9hn		1642803756.0	s9mozg	/r/PoliticalCompassMemes/comments/s9mozg/live_look_at_tennessee/	Live look at tennessee
5hdim6r8		1642808123.0	s9oaot	/r/PoliticalCompassMemes/comments/s9oaot/their_based_countis_over_9000/	Their based count...IS OVER 9000!!!
7b7xj6ne		1642808465.0	s9of3f	/r/PoliticalCompassMemes/comments/s9of3f/each_quadrants_favorite_movie/	Each quadrant’s favorite movie
db0kt6ph		1642810174.0	s9p1k0	/r/PoliticalCompassMemes/comments/s9p1k0/he_did_it_he_figured_out_the_compass/	He did it... he figured out the compass
db0kt6ph		1642811621.0	s9pk1j	/r/PoliticalCompassMemes/comments/s9pk1j/unpack_this_one_libtards/	Unpack this one, libtards
23oxl1l1		1642812204.0	s9pri2	/r/PoliticalCompassMemes/comments/s9pri2/reverend_jim_jones_radical_centrist/	Reverend Jim Jones, radical centrist
7t1raqxy		1642815496.0	s9qumg	/r/PoliticalCompassMemes/comments/s9qumg/step_to_it_mods_the_clock_is_running/	Step to it mods, the clock is running
23oxl1l1		1642815768.0	s9qxuq	/r/PoliticalCompassMemes/comments/s9qxuq/im_calling_about_your_vehicles_extended_warranty/	“I’m calling about your vehicles extended warranty”
5ope7		1642816633.0	s9r7mb	/r/PoliticalCompassMemes/comments/s9r7mb/usa_vs_china/	USA vs China
23oxl1l1		1642819689.0	s9s6w7	/r/PoliticalCompassMemes/comments/s9s6w7/preferred_law_enforcement_on_the_compass/	Preferred law enforcement on the compass
5vx4zcoe		1642819873.0	s9s999	/r/PoliticalCompassMemes/comments/s9s999/political_compass_ideology_elimination_day_10/	Political Compass Ideology Elimination (Day 10: Keeping Up With the Kims) Juche Eliminated
es9wvz77		1642821257.0	s9sovg	/r/PoliticalCompassMemes/comments/s9sovg/lib_right_cant_run_from_itself/	Lib Right can't run from itself.
g66ywmo3		1642823693.0	s9tg2u	/r/PoliticalCompassMemes/comments/s9tg2u/beat_them_at_their_own_game/	Beat them at their own game
dpel6skr		1642824789.0	s9ts43	/r/PoliticalCompassMemes/comments/s9ts43/look_i_love_you_all_go_fuck_yourselves_the_same/	Look, I love you all, go fuck yourselves the same. This decaying bitch of social media is going public soon. Jokes are all we got…(saw this and thought of you, fuck my life)
gv1nsp0j		1642829140.0	s9v23h	/r/PoliticalCompassMemes/comments/s9v23h/i_dont_get_crypto/	I don't get crypto
4n2l3cq9		1642829344.0	s9v426	/r/PoliticalCompassMemes/comments/s9v426/it_really_is_that_simple/	It really is that simple
3k2ksfyj	what discord	1642836151.0	s9wylp	/r/PoliticalCompassMemes/comments/s9wylp/what_discord/	what discord
9v0ex		1642836227.0	s9wz8n	/r/PoliticalCompassMemes/comments/s9wz8n/authright_moment/	Authright moment
2u367r7m		1642838166.0	s9xg3p	/r/PoliticalCompassMemes/comments/s9xg3p/the_structure_of_government_in_america_makes_it/	🦀🦀 The structure of government in America makes it impossible for any real change to occur 🦀🦀
5qd2qes		1642845331.0	s9z6ay	/r/PoliticalCompassMemes/comments/s9z6ay/a_study_came_out_asking_people_what_fethishes/	A study came out asking people what fethishes they have and their political compass position.
4veuvae0		1642846679.0	s9zi1r	/r/PoliticalCompassMemes/comments/s9zi1r/gnashing_of_teeth_on_the_left_eternal_fire_and/	"Gnashing of teeth" on the left, "eternal fire" and "relentless worms" on the right — fresco from St. Cyril's Church (Kiev, 19th century)
ik86b4ol		1642849961.0	sa0bw8	/r/PoliticalCompassMemes/comments/sa0bw8/i_have_a_business_idea/	i have a business idea
g6iirvhz		1642852550.0	sa0ywp	/r/PoliticalCompassMemes/comments/sa0ywp/certified_libright_moment/	Certified Libright Moment
1cvs4ho	&#x200B;  https://preview.redd.it/vnxq67nob8d81.png?width=1272&format=png&auto=webp&s=e124728a58e67accb7ea1a34c58ce456cbf58e52	1642852924.0	sa12qc	/r/PoliticalCompassMemes/comments/sa12qc/lib_right_loves_mlk_day/	Lib right loves MLK day
ik86b4ol		1642853963.0	sa1c4v	/r/PoliticalCompassMemes/comments/sa1c4v/an_interesting_poster/	an interesting poster
ik86b4ol		1642854382.0	sa1g4i	/r/PoliticalCompassMemes/comments/sa1g4i/repent/	REPENT
9b5lddot		1642854460.0	sa1gu8	/r/PoliticalCompassMemes/comments/sa1gu8/how_to_tomfool_authright/	How to tomfool AuthRight
9b5lddot		1642856198.0	sa1y5c	/r/PoliticalCompassMemes/comments/sa1y5c/libleft_having_a_sad_day/	LibLeft having a sad day
6e940xkc		1642860948.0	sa3exq	/r/PoliticalCompassMemes/comments/sa3exq/fuck_left_unity_mls_only_want_it_because_they/	Fuck Left Unity. MLs only want it because they irrelavant.
6e940xkc		1642861386.0	sa3k59	/r/PoliticalCompassMemes/comments/sa3k59/mls_ending_sentences_with_left_unity_again_so_the/	MLs ending sentences with " left unity " again so the can remain in relevant pack.
65ed29ra		1642862881.0	sa41b4	/r/PoliticalCompassMemes/comments/sa41b4/man_falls_to_death_after_jumping_nyc_subway/	Man falls to death after jumping NYC subway turnstile (what's your quadrant's typical comments?)
bxn1h5do		1642863575.0	sa49d4	/r/PoliticalCompassMemes/comments/sa49d4/rebuttal_to_that_recent_attempt_by_libleft_to/	Rebuttal to that recent attempt by Libleft to claim Terry Pratchett as their own...
kpn4s		1642864045.0	sa4ff5	/r/PoliticalCompassMemes/comments/sa4ff5/part_ii_of_how_to_fuck_your_states_residents_in_a/	Part II of "How to Fuck Your State's Residents in a Few Easy Steps" (New Jersey edition)
64o36b67		1642864354.0	sa4jc9	/r/PoliticalCompassMemes/comments/sa4jc9/they_will_remember/	They will remember
64o36b67		1642864550.0	sa4lpj	/r/PoliticalCompassMemes/comments/sa4lpj/haha_you_literally_colorblind/	HaHa, YoU LiTeRaLlY CoLoRbLiNd
23oxl1l1		1642864600.0	sa4mb4	/r/PoliticalCompassMemes/comments/sa4mb4/what_the_quadrants_reach_for_when_they_hear_a/	What the quadrants reach for when they hear a bump in the night
2qvgsc3i		1642864567.0	sa4lwi	/r/PoliticalCompassMemes/comments/sa4lwi/when_youre_middle_eastern_and_discuss_health_care/	When you're Middle Eastern and discuss health care with Americans libright
e1y8kif0		1642867010.0	sa5gc2	/r/PoliticalCompassMemes/comments/sa5gc2/darn_you_libright_your_ruining_the_free_market/	Darn you libright! Your ruining the free market
brpiveje		1642867253.0	sa5ji2	/r/PoliticalCompassMemes/comments/sa5ji2/my_family_on_the_political_compass/	my family on the political compass
e1y8kif0		1642867452.0	sa5m3s	/r/PoliticalCompassMemes/comments/sa5m3s/lobbying_is_the_greatest_threat_to_the_free_market/	Lobbying is the greatest threat to the free market
e1y8kif0		1642867792.0	sa5qf6	/r/PoliticalCompassMemes/comments/sa5qf6/lobbying_is_just_bribing_the_government_to_fuck/	Lobbying is just bribing the government to fuck the free market over
e1y8kif0		1642868276.0	sa5wh5	/r/PoliticalCompassMemes/comments/sa5wh5/lobbying_is_shit/	Lobbying is shit
5vx4zcoe		1642868571.0	sa6043	/r/PoliticalCompassMemes/comments/sa6043/political_compass_ideology_elimination_day_11/	Political Compass Ideology Elimination (Day 11: Counter Revolution) Marxism Eliminated
15ttd9		1642870202.0	sa6kig	/r/PoliticalCompassMemes/comments/sa6kig/yall_gotta_chill/	y'all gotta chill
e1y8kif0		1642870344.0	sa6me1	/r/PoliticalCompassMemes/comments/sa6me1/not_the_smartest_in_economics_but_this_is_how_it/	Not the smartest in economics but this is how it looks like from the outside
h7w8xfy5	&#x200B;  https://preview.redd.it/2af6etdgr9d81.png?width=905&format=png&auto=webp&s=8e6047785880cff6368f202ab31dae18dc282dae	1642870684.0	sa6qnj	/r/PoliticalCompassMemes/comments/sa6qnj/im_neber_buying_again/	I'M NEBER BUYING AGAIN !
1hod1znf		1642871325.0	sa6zha	/r/PoliticalCompassMemes/comments/sa6zha/the_unflaireds_have_no_place_here/	The unflaireds have no place here
4z9x21cf		1642871363.0	sa6zz1	/r/PoliticalCompassMemes/comments/sa6zz1/nohomicus_si_activus/	Nohomicus si Activus
a7noxfdt		1642872120.0	sa7a3n	/r/PoliticalCompassMemes/comments/sa7a3n/cos_indiahk_immigrants_are_their_competition_not/	Cos India/HK immigrants are their competition, not their cheap baristas or cleaners unlike EU immigrants
dhtzd37q		1642872395.0	sa7dvz	/r/PoliticalCompassMemes/comments/sa7dvz/i_feel_like_the_recruiter_dodged_a_bullet/	I Feel Like The Recruiter Dodged A Bullet
a7noxfdt		1642873108.0	sa7nf3	/r/PoliticalCompassMemes/comments/sa7nf3/uk_farleftists_need_to_stop_this_larp_cos_nobodys/	UK far-leftists need to stop this larp cos nobody's buying it
db0kt6ph		1642873311.0	sa7q1f	/r/PoliticalCompassMemes/comments/sa7q1f/a_guide_to_fascism_on_the_compass/	A guide to Fascism on the compass
g0d0ywbz		1642873466.0	sa7s3i	/r/PoliticalCompassMemes/comments/sa7s3i/ohhhh_nooo_that_is_totally_not_what_i_wanted/	Ohhhh nooo!.... That is totally not what I wanted...
e1y8kif0		1642874171.0	sa815u	/r/PoliticalCompassMemes/comments/sa815u/they_are_libright_so_stop_crying/	They are libright so stop crying
9ex9szne		1642874316.0	sa8325	/r/PoliticalCompassMemes/comments/sa8325/had_to_make_sure_this_wasnt_an_onion_article_the/	Had to make sure this wasn't an onion article the first time I saw the headline. (Article linked in comments is a PCM goldmine that reads like satire as well)
15qwnm		1642874538.0	sa866c	/r/PoliticalCompassMemes/comments/sa866c/til_you_can_get_measles_through_the_internet/	TIL: You can get measles through the internet
db0kt6ph		1642875276.0	sa8fw1	/r/PoliticalCompassMemes/comments/sa8fw1/californian_archetypes/	Californian Archetypes
g1u7pesn		1642875494.0	sa8im6	/r/PoliticalCompassMemes/comments/sa8im6/just_a_picture_of_me_recommending_pcm_to_my_based/	Just a picture of me recommending PCM to my based grandpa
23oxl1l1		1642875829.0	sa8mwr	/r/PoliticalCompassMemes/comments/sa8mwr/least_violent_authleft_infighting/	Least violent Authleft infighting
db0kt6ph		1642876385.0	sa8u68	/r/PoliticalCompassMemes/comments/sa8u68/god_bless_murica/	God Bless 'Murica
e8lc01vv		1642879024.0	sa9sec	/r/PoliticalCompassMemes/comments/sa9sec/europe_depending_on_the_us_for_military_might/	Europe depending on the US for military might after decades and realizing they might have to spend more on theirs
hqoxcdkx		1642881539.0	saaoox	/r/PoliticalCompassMemes/comments/saaoox/equality_in_the_tweets_traditional_in_the_streets/	Equality in the tweets, traditional in the streets. Have your cake and eat the f out of it too.
9c55cn15		1642882099.0	saawbm	/r/PoliticalCompassMemes/comments/saawbm/rainbow_capitalism/	Rainbow Capitalism 🌈 🤑
ialh4ah9		1642882362.0	saazs9	/r/PoliticalCompassMemes/comments/saazs9/bro_they_got_me_laughing/	Bro they got me laughing
23oxl1l1		1642882707.0	sab41v	/r/PoliticalCompassMemes/comments/sab41v/authleft_infighting_part_2/	Authleft infighting, part 2
23oxl1l1		1642884712.0	sabtfl	/r/PoliticalCompassMemes/comments/sabtfl/a_good_day_for_libcenter/	A good day for libcenter
23oxl1l1		1642884933.0	sabw5t	/r/PoliticalCompassMemes/comments/sabw5t/a_good_day_for_libcenter/	A good day for libcenter
23oxl1l1		1642885053.0	sabxu1	/r/PoliticalCompassMemes/comments/sabxu1/a_good_day_for_libcenter/	A good day for libcenter
4u8i8yvq		1642885605.0	sac5lq	/r/PoliticalCompassMemes/comments/sac5lq/i_had_to_do_it/	I had to do it
1hod1znf		1642885697.0	sac6r6	/r/PoliticalCompassMemes/comments/sac6r6/despite_costing_just_3_to_make_insulin_often/	Despite costing just $3 to make, insulin often costs Americans hundreds each month
3vedzoa5		1642888708.0	sad8x3	/r/PoliticalCompassMemes/comments/sad8x3/flag_of_libright_farms_karma_on_a_karma_farming/	Flag of Lib-right farms karma on a karma farming subreddit based on a low-quality karma farming PCM meme
dbsqpfxw		1642889559.0	sadkf6	/r/PoliticalCompassMemes/comments/sadkf6/i_know_i_want_to_sign_up/	I know I want to sign up.
9x4kx1m6		1642892020.0	saegp2	/r/PoliticalCompassMemes/comments/saegp2/why_do_you_think_it_is_called_bangkok/	Why do you think it is called "Bang-kok" ?
8roirc37		1642892130.0	saei73	/r/PoliticalCompassMemes/comments/saei73/the_bell_curves_of_facts/	The bell curves of facts.
2fia6s7w		1642894098.0	saf84x	/r/PoliticalCompassMemes/comments/saf84x/reactions_may_vary_depending_on_urban_or_rural/	Reactions may vary depending on Urban or Rural setting.
5vpxz7w4		1642895934.0	safv1w	/r/PoliticalCompassMemes/comments/safv1w/political_compass_of_my_immediate_family/	Political compass of my immediate family. Literally no one my immediate or extended family is AuthLeft. Might do extended family sometime.
8roirc37		1642898422.0	sagqhp	/r/PoliticalCompassMemes/comments/sagqhp/massive_chimp_energy/	Massive chimp energy.
8roirc37		1642899591.0	sah4pe	/r/PoliticalCompassMemes/comments/sah4pe/the_mms_are_just_like_us/	The M&Ms are just like us!
6e940xkc		1642900214.0	sahccx	/r/PoliticalCompassMemes/comments/sahccx/authleft_and_rightcenter_fighting_over_who_is/	Authleft and Rightcenter fighting over who is more out of touch again
8roirc37		1642906694.0	sajfhy	/r/PoliticalCompassMemes/comments/sajfhy/lib_centers_be_like/	Lib centers be like:
9o9w0csj		1642913210.0	salfny	/r/PoliticalCompassMemes/comments/salfny/converting_an_orange_libleft/	Converting an orange libleft
1zus6pai		1642917056.0	samj6j	/r/PoliticalCompassMemes/comments/samj6j/my_familys_political_compass_lol/	My family's political compass lol
9gk15g6x		1642920942.0	sanl5j	/r/PoliticalCompassMemes/comments/sanl5j/political_compass_but_the_leftright_axis/	Political Compass but the left-right axis represents both economics and culture. (I did this cuz I was bored)
9gk15g6x		1642921175.0	sannae	/r/PoliticalCompassMemes/comments/sannae/the_political_compass_but_the_leftright_axis/	The Political Compass but the Left-Right axis represents both Culture and Economics.
96gr9t46		1642921231.0	sannzl	/r/PoliticalCompassMemes/comments/sannzl/lets_fucking_goooooo/	LETS FUCKING GOOOOOO
96gr9t46		1642922224.0	sanxa9	/r/PoliticalCompassMemes/comments/sanxa9/we_do_a_rather_modest_amount_of_tomfoolery/	We do a rather modest amount of tomfoolery
1h67q7ok		1642923191.0	sao65r	/r/PoliticalCompassMemes/comments/sao65r/the_compass_favorite_lyrics_from_we_will_rise/	The compass' favorite lyrics from We Will Rise Again
8iwww2qy		1642923449.0	sao8c1	/r/PoliticalCompassMemes/comments/sao8c1/countries_that_each_quadrant_defends_despite_them/	Countries that each quadrant defends despite them not being their quadrant
3lmtvmdh		1642925807.0	saou1m	/r/PoliticalCompassMemes/comments/saou1m/which_fetishes_and_how_taboo_they_are_correlating/	Which Fetishes and how taboo they are; Correlating to which quadrant of the compass
96gr9t46		1642931127.0	saq4ob	/r/PoliticalCompassMemes/comments/saq4ob/libright_in_shambles/	Libright in shambles
9soebexh		1642933078.0	saqloq	/r/PoliticalCompassMemes/comments/saqloq/gay_commie_posters/	Gay Commie Posters
d998eq29		1642937870.0	sartiq	/r/PoliticalCompassMemes/comments/sartiq/color_already_included/	Color already included
96gr9t46		1642938122.0	sarvz2	/r/PoliticalCompassMemes/comments/sarvz2/virgin_us_political_science_students_vs_chad/	Virgin US political science students vs Chad superstitious Europeans
1rxxugj5		1642939226.0	sas68f	/r/PoliticalCompassMemes/comments/sas68f/pcm_reaction_to_maw/	PCM Reaction to MAW
9b5lddot		1642939474.0	sas8x0	/r/PoliticalCompassMemes/comments/sas8x0/authright_moment/	AuthRight moment
96gr9t46		1642941616.0	sastec	/r/PoliticalCompassMemes/comments/sastec/no_double_standards_over_here/	No double standards over here
5d25vihp		1642942203.0	sasz22	/r/PoliticalCompassMemes/comments/sasz22/kitchen_nightmares_cumpiss_1_explanation_in/	Kitchen Nightmares cumpiss #1 (explanation in comments)
96gr9t46		1642943045.0	sat83l	/r/PoliticalCompassMemes/comments/sat83l/the_duality_of_man/	The duality of man
96gr9t46		1642943903.0	satgte	/r/PoliticalCompassMemes/comments/satgte/orange_is_going_for_the_home_run/	Orange is going for the home run
96gr9t46		1642944313.0	satl8i	/r/PoliticalCompassMemes/comments/satl8i/guy_looks_like_a_penis/	Guy looks like a penis
96gr9t46		1642945176.0	satv2l	/r/PoliticalCompassMemes/comments/satv2l/libleft_is_when_geese_and_gays/	Libleft is when geese and gays
96gr9t46		1642945545.0	satzh0	/r/PoliticalCompassMemes/comments/satzh0/adolfies/	Adolfies?!?!
b12qpjs6		1642946158.0	sau6d1	/r/PoliticalCompassMemes/comments/sau6d1/checkmate_atheists/	Checkmate atheists
8roirc37		1642947057.0	sauhbf	/r/PoliticalCompassMemes/comments/sauhbf/touch_grass/	Touch grass
96gr9t46		1642947204.0	sauj6x	/r/PoliticalCompassMemes/comments/sauj6x/unnecessarily_chad/	Unnecessarily Chad
96gr9t46		1642947718.0	sauoz0	/r/PoliticalCompassMemes/comments/sauoz0/literally_4891/	Literally 4891
96gr9t46		1642948148.0	sautxt	/r/PoliticalCompassMemes/comments/sautxt/cmon_man/	C’mon, man!
96gr9t46		1642948825.0	sav25j	/r/PoliticalCompassMemes/comments/sav25j/damn/	Damn
96gr9t46		1642949511.0	savajd	/r/PoliticalCompassMemes/comments/savajd/well_thats_a_new_orangeyellow_take/	Well that’s a new orange-yellow take
96gr9t46		1642952228.0	saw8pe	/r/PoliticalCompassMemes/comments/saw8pe/have_fun_with_your_new_accounts_i_guess/	Have fun with your new accounts I guess
96gr9t46		1642952944.0	sawhp9	/r/PoliticalCompassMemes/comments/sawhp9/pcm_reacts_to_modern_eugenics/	PCM reacts to modern eugenics
3srjofbe		1642955206.0	saxcd4	/r/PoliticalCompassMemes/comments/saxcd4/1000_for_an_xray/	$1000 for an x-ray?
96gr9t46		1642958227.0	sayi3y	/r/PoliticalCompassMemes/comments/sayi3y/the_average_pro_ancapistan_argument/	The average pro Ancapistan argument
8j475rz6		1642959759.0	saz3pc	/r/PoliticalCompassMemes/comments/saz3pc/duality_of_auth_left/	duality of auth left
ialh4ah9		1642961345.0	sazqn8	/r/PoliticalCompassMemes/comments/sazqn8/adab/	ADAB
5x1e1hke		1642961457.0	sazsdp	/r/PoliticalCompassMemes/comments/sazsdp/topics_about_my_roman_literature_course_offered/	Topics about my Roman literature course offered by Classics department
96gr9t46		1642961744.0	sazwkw	/r/PoliticalCompassMemes/comments/sazwkw/summoning_the_comment_spirits/	Summoning the comment spirits
c6o8jalu		1642961746.0	sazwlr	/r/PoliticalCompassMemes/comments/sazwlr/title/	Title
10742b		1642961733.0	sazwf7	/r/PoliticalCompassMemes/comments/sazwf7/well_they_shouldnt_have_thrown_their_votes_away/	Well, they shouldn't have thrown their votes away 😅
db0kt6ph		1642962401.0	sb0615	/r/PoliticalCompassMemes/comments/sb0615/those_stupid_lefties_trying_to_make_the_world/	"Those stupid lefties trying to make the world better, don't they know how good they have it?"
bvv5il1g		1642963116.0	sb0g8y	/r/PoliticalCompassMemes/comments/sb0g8y/left_bad/	Left bad
96gr9t46		1642965425.0	sb1d6v	/r/PoliticalCompassMemes/comments/sb1d6v/noice/	Noice
db0kt6ph		1642965901.0	sb1jx8	/r/PoliticalCompassMemes/comments/sb1jx8/yee_yee_ass_haircut/	Yee Yee Ass Haircut
23oxl1l1		1642966060.0	sb1m0q	/r/PoliticalCompassMemes/comments/sb1m0q/the_quadrants_mourn_fallen_corners_of_the_internet/	The quadrants mourn fallen corners of the internet
5vx4zcoe		1642967808.0	sb2a2n	/r/PoliticalCompassMemes/comments/sb2a2n/political_compass_ideology_elimination_day_12/	Political Compass Ideology Elimination (Day 12: Absolutely Haram) Theocracy Eliminated
eqh5hnu2		1642968166.0	sb2fcg	/r/PoliticalCompassMemes/comments/sb2fcg/lets_go_on_a_crusade/	Let's go on a Crusade.
96gr9t46		1642968830.0	sb2ob4	/r/PoliticalCompassMemes/comments/sb2ob4/the_rest_of_us_cant_understand_what_a_sane/	The rest of us can’t understand what a sane libleft goes through. Salute
hiou59xs	If it takes me 2 hours to build a tool then I should sell this tool at exactly the value that it took me to make. This value should be tied to how much I personally value my work.  You shouldn't ask for cheap things, you should work hard and increase your value to society and increase the value of your hard work.  Things that don't have tangible value should not be used as a means of living.	1642972893.0	sb48yy	/r/PoliticalCompassMemes/comments/sb48yy/money_should_translate_labour_value_and_not/	Money should translate labour value and not speculation value.
9qudtxge		1642973909.0	sb4n0y	/r/PoliticalCompassMemes/comments/sb4n0y/why_would_you_think_that_saying_something_like/	Why would you think that saying something like this is funny?
96gr9t46		1642974887.0	sb510d	/r/PoliticalCompassMemes/comments/sb510d/lets_start_the_purple_crusade_already/	Let’s start the purple crusade already
96gr9t46		1642975672.0	sb5cam	/r/PoliticalCompassMemes/comments/sb5cam/reddit_moment/	Reddit moment
23oxl1l1		1642975989.0	sb5h25	/r/PoliticalCompassMemes/comments/sb5h25/libright_on_intellectual_property/	Libright on intellectual property
96gr9t46		1642976391.0	sb5ml6	/r/PoliticalCompassMemes/comments/sb5ml6/pcm_is_when_funny_joke/	PCM is when funny joke
db0kt6ph		1642976558.0	sb5p5n	/r/PoliticalCompassMemes/comments/sb5p5n/the_inner_thoughts_of_the_compass_exposed/	The inner thoughts of the compass exposed
5xfqycjk		1642978639.0	sb6h7g	/r/PoliticalCompassMemes/comments/sb6h7g/if_its_so_unsuccessful_why_was_the_us_so_afraid/	If it's so unsuccessful, why was the US so afraid of it?
d2qypdqu		1642979688.0	sb6vev	/r/PoliticalCompassMemes/comments/sb6vev/le_progressive_sexism_has_arrived/	Le progressive sexism has arrived
aedp1t4h		1642980661.0	sb7893	/r/PoliticalCompassMemes/comments/sb7893/_/	?
ik86b4ol		1642982906.0	sb8129	/r/PoliticalCompassMemes/comments/sb8129/i_was_funny_in_the_beginning_now_they_are_just/	i was funny in the beginning now they are just everywhere
23oxl1l1		1642984759.0	sb8oh9	/r/PoliticalCompassMemes/comments/sb8oh9/why_the_quadrants_hate_mondays/	Why the quadrants hate Mondays
g80eu1av		1642984927.0	sb8qv8	/r/PoliticalCompassMemes/comments/sb8qv8/i_found_authrights_online_education/	I found authrights online education
96ku48tk		1642986036.0	sb94u1	/r/PoliticalCompassMemes/comments/sb94u1/how_are_these_people_real_bro_what/	How are these people real bro what 💀
ialh4ah9		1642986416.0	sb99rd	/r/PoliticalCompassMemes/comments/sb99rd/i_hate_these_memes_if_you_even_call_them_that/	I hate these "memes" if you even call them that
6zrthj7o		1642987922.0	sb9s28	/r/PoliticalCompassMemes/comments/sb9s28/malt_wash_on_dr_phil_was_hillarious/	Malt Wash on Dr. Phil was hillarious
ct0wjcdu	&#x200B;  https://preview.redd.it/ki5fhavpkjd81.png?width=480&format=png&auto=webp&s=f0d8ba7325304dc20c7662556ff6c1815855715a	1642989142.0	sba6zp	/r/PoliticalCompassMemes/comments/sba6zp/so_like_i_took_the_test_iim_still_centrist_right/	So like, I took the test.. I-I'm still centrist, right ? RIGHT !?
ct0wjcdu	&#x200B;  https://preview.redd.it/omyissz0ljd81.png?width=480&format=png&auto=webp&s=c8da6767d0d445a9355ceb11ce2b815a3d5b752c	1642989241.0	sba82x	/r/PoliticalCompassMemes/comments/sba82x/so_like_i_took_the_test_iim_still_centrist_right/	So like, I took the test... I-I'm still centrist, right ? RIGHT !?
y0j06xq		1642989290.0	sba8nj	/r/PoliticalCompassMemes/comments/sba8nj/the_tables_have_turned/	The tables have turned
ct0wjcdu	&#x200B;  https://preview.redd.it/fuytrus5ljd81.png?width=480&format=png&auto=webp&s=1edc8734c75db80a6cf3d7010ffdce7b872d9980	1642989293.0	sba8p0	/r/PoliticalCompassMemes/comments/sba8p0/so_like_i_took_the_test_iim_still_centrist_right/	So like, I took the test... I-I'm still centrist, right ? RIGHT !?
d6601rnm		1643008576.0	sbg8lp	/r/PoliticalCompassMemes/comments/sbg8lp/every_extreme_is_on_the_same_teamcrying_about_jreg/	EVERY EXTREME IS ON THE SAME TEAM!(crying about JrEg)
7ky1ux2g		1643021817.0	sbjlj6	/r/PoliticalCompassMemes/comments/sbjlj6/two_kinds_of_socialist/	Two kinds of socialist
3jncwegk		1643023009.0	sbjwxq	/r/PoliticalCompassMemes/comments/sbjwxq/people_in_my_school_all_my_homies_hate_libleft/	People in my school, all my homies hate libleft chick
96gr9t46		1643023207.0	sbjyv0	/r/PoliticalCompassMemes/comments/sbjyv0/the_pc_picks_monopoly_pieces/	The PC picks monopoly pieces
a7noxfdt		1643024860.0	sbkekl	/r/PoliticalCompassMemes/comments/sbkekl/ting_ngi_ling_ngi_ling_ting_ngi_ling_ngi_ling/	Ting ngi ling ngi ling ting ngi ling ngi ling
a7noxfdt		1643024910.0	sbkezp	/r/PoliticalCompassMemes/comments/sbkezp/things_can_go_south_real_quick/	Things can go south real quick
a7noxfdt		1643025560.0	sbkm2g	/r/PoliticalCompassMemes/comments/sbkm2g/climate_change_is_just_a_sign_judgement_day_is/	Climate change is just a sign judgement day is near inshallah ☝️
31pdgkwj		1643027440.0	sbl5vv	/r/PoliticalCompassMemes/comments/sbl5vv/sexual_political_compass_just_dropped/	Sexual Political Compass just dropped.
96gr9t46		1643027770.0	sbl9dp	/r/PoliticalCompassMemes/comments/sbl9dp/ancient_athens_ultimate_centrism/	Ancient Athens : ultimate centrism
96gr9t46		1643028444.0	sblgkn	/r/PoliticalCompassMemes/comments/sblgkn/us_authright_about_to_have_an_identity_crisis/	US AuthRight about to have an identity crisis
kpn4s		1643029626.0	sbltk4	/r/PoliticalCompassMemes/comments/sbltk4/how_to_fuck_your_states_residents_part_2_new/	How to fuck your state’s residents (Part 2: New Jersey)
6lwhnby4		1643030664.0	sbm58h	/r/PoliticalCompassMemes/comments/sbm58h/re_that_very_cringe_feature_twitter_just_rolled/	Re: That very cringe feature Twitter just rolled out
6lwhnby4		1643030910.0	sbm7w4	/r/PoliticalCompassMemes/comments/sbm7w4/re_that_very_cringe_new_twitter_feature/	Re: That very cringe new Twitter feature
8roirc37		1643031720.0	sbmhmk	/r/PoliticalCompassMemes/comments/sbmhmk/its_only_censorship_if_i_dont_like_it/	It’s only censorship if I don’t like it.
96gr9t46		1643032799.0	sbmu2o	/r/PoliticalCompassMemes/comments/sbmu2o/most_libright_thing_ive_ever_red/	Most libright thing I’ve ever red
6go7y4cd		1643033507.0	sbn3ic	/r/PoliticalCompassMemes/comments/sbn3ic/just_curious/	Just curious
8hm3lylx		1643034647.0	sbnhjz	/r/PoliticalCompassMemes/comments/sbnhjz/my_result_what_am_i/	my result, what am i?
eny49z5c	&#x200B;  https://preview.redd.it/nc5cy11idnd81.png?width=700&format=png&auto=webp&s=174a232fd20a594f55d3ee0c4745a5e2bf3c5457	1643035171.0	sbnny2	/r/PoliticalCompassMemes/comments/sbnny2/new_compass_just_dropped_introducing_qwerp/	New Compass Just Dropped! Introducing Qwerp
6mv0huue		1643036350.0	sbo2q1	/r/PoliticalCompassMemes/comments/sbo2q1/its_blue_green_i_think/	It's blue green i think
5mlnjgvm		1643036880.0	sbo9vn	/r/PoliticalCompassMemes/comments/sbo9vn/authoritarianism_is_when_government_taxes_my/	Authoritarianism is when government taxes my banana
ik86b4ol		1643037246.0	sboedl	/r/PoliticalCompassMemes/comments/sboedl/matt_walsh_is_based/	matt walsh is based
fx6q6		1643044850.0	sbr99n	/r/PoliticalCompassMemes/comments/sbr99n/looks_good_on_em/	Looks good on em
db0kt6ph		1643045126.0	sbrd1r	/r/PoliticalCompassMemes/comments/sbrd1r/in_an_alternate_universe/	In an alternate universe
77rs5z9c		1643047735.0	sbsdtp	/r/PoliticalCompassMemes/comments/sbsdtp/the_four_political_systems/	the four political systems
db3c9nl3		1643052744.0	sbub91	/r/PoliticalCompassMemes/comments/sbub91/and_here_we_are_few_years_later_mods_deleting/	And here we are few years later, mods deleting posts for no reason
cm54rrbg		1643056264.0	sbvp71	/r/PoliticalCompassMemes/comments/sbvp71/based_obama/	Based Obama??
d8bex0xj		1643061407.0	sbxpbn	/r/PoliticalCompassMemes/comments/sbxpbn/lib_right_tucker_was_not_in_my_bingo_card_for_2022/	Lib Right Tucker was not in my bingo card for 2022
8ek14m1s		1643062515.0	sby50c	/r/PoliticalCompassMemes/comments/sby50c/kids_promising/	Kid's promising
23oxl1l1		1643085470.0	sc58ug	/r/PoliticalCompassMemes/comments/sc58ug/im_not_saying_it_happened_im_suggesting_it_could/	I’m not saying it happened, I’m suggesting it COULD HAVE happened
db0kt6ph		1643130076.0	scid01	/r/PoliticalCompassMemes/comments/scid01/just_a_low_effort_anti_libright_meme_to_balance/	Just a low effort anti libright meme to balance the scales in this sub
23oxl1l1		1643133798.0	scjsa9	/r/PoliticalCompassMemes/comments/scjsa9/countries_i_have_an_issue_with_on_the_compass/	Countries I have an issue with on the compass
e1y8kif0		1643135140.0	sckb9o	/r/PoliticalCompassMemes/comments/sckb9o/the_comments_on_it_hurt_to_read/	The comments on it hurt to read
12o7rb		1643138256.0	sclhph	/r/PoliticalCompassMemes/comments/sclhph/most_polite_authcenter/	Most polite Authcenter
77rs5z9c		1643139093.0	sclt4r	/r/PoliticalCompassMemes/comments/sclt4r/i_wish_owning_guns_was_legal_so_i_can_shoot_myself/	i wish owning guns was legal so I can shoot myself
1hod1znf		1643140701.0	scmed0	/r/PoliticalCompassMemes/comments/scmed0/theyre_basically_the_same_thing/	They’re basically the same thing
1hod1znf		1643140971.0	scmi4r	/r/PoliticalCompassMemes/comments/scmi4r/the_oranges_cant_tell_the_difference/	The oranges can’t tell the difference
63dbyvrb		1643147176.0	scotg5	/r/PoliticalCompassMemes/comments/scotg5/i_didnt_know_dogs_could_be_authright/	I didn’t know dogs could be authright
es6bsa53		1643152548.0	scqrzr	/r/PoliticalCompassMemes/comments/scqrzr/just_let_me_grill_my_veal_in_peace_assholes/	Just let me grill my veal in peace assholes
3spmfwnn		1643155147.0	scrq3q	/r/PoliticalCompassMemes/comments/scrq3q/a_second_smuggy_of_my_friend/	A second smuggy of my friend
b3ft6u98		1643161965.0	scu5gk	/r/PoliticalCompassMemes/comments/scu5gk/never_change_medium_never_change/	Never change, medium. Never change.
hshui9l9		1643162528.0	scucc4	/r/PoliticalCompassMemes/comments/scucc4/i_cant_hold_on_for_too_long/	I can't hold on for too long
hshui9l9		1643163359.0	scumkj	/r/PoliticalCompassMemes/comments/scumkj/this_is_my_career_plan_b_incase_my_career_plan_b/	This is my career plan b Incase my career plan b fails wdyt
3ewtjj1p		1643163424.0	scunc2	/r/PoliticalCompassMemes/comments/scunc2/i_enjoy_these_so_i_decided_to_make_my_own/	I enjoy these so i decided to make my own: Political Compass for Portugal ( No wojaks tho ): )
37lrtale		1643165026.0	scv6yb	/r/PoliticalCompassMemes/comments/scv6yb/the_end_to_a_long_argument/	The end to a long argument
3kflscjg		1643168480.0	scwdcw	/r/PoliticalCompassMemes/comments/scwdcw/go_share_your_based_counts_with_the_townspeople/	Go share your based counts with the townspeople
6cpfd5wu		1643169001.0	scwjh6	/r/PoliticalCompassMemes/comments/scwjh6/bad_quadrants/	Bad Quadrants >:(
23oxl1l1		1643170770.0	scx3vz	/r/PoliticalCompassMemes/comments/scx3vz/nazis_of_the_compass/	Nazis of the compass
4ue0es7b		1643171396.0	scxayb	/r/PoliticalCompassMemes/comments/scxayb/secret_ingredients_to_a_bad_time/	Secret ingredients to a bad time
ao2yihg3		1643174194.0	scy5ks	/r/PoliticalCompassMemes/comments/scy5ks/muslim_majority_races/	Muslim majority races
9wxio52g		1643175259.0	scygqb	/r/PoliticalCompassMemes/comments/scygqb/alright_im_gonna_chug_the_traumapilled_bottle/	Alright, I’m gonna chug the trauma-pilled bottle, black is reasons I got bullied from elementary to HS, white is reasons I bullied others
d6601rnm		1643176085.0	scyp4d	/r/PoliticalCompassMemes/comments/scyp4d/once_again_are_the_rich_failling_and_the_working/	Once again are the rich failling, and the working man hass to suffer. I say enough!
dk1xtou3		1643186410.0	sd1dbv	/r/PoliticalCompassMemes/comments/sd1dbv/happy_73rd_republic_day_and_fuck_the_social/	Happy 73rd republic day and fuck the Social Democratic Party of India
a857epv8		1643186488.0	sd1e02	/r/PoliticalCompassMemes/comments/sd1e02/added_thee_funny_colours/	Added thee funny colours
hvo28jd2		1643192687.0	sd2vgi	/r/PoliticalCompassMemes/comments/sd2vgi/go_on_mates/	Go on, mates.
hvo28jd2		1643194995.0	sd3glo	/r/PoliticalCompassMemes/comments/sd3glo/each_quadrants_ideal_woman/	Each quadrant's ideal woman
2uhl5wmv		1643195721.0	sd3n8d	/r/PoliticalCompassMemes/comments/sd3n8d/emily_tips/	EMILY TIPS
2uhl5wmv		1643196031.0	sd3q4j	/r/PoliticalCompassMemes/comments/sd3q4j/emily_tips/	EMILY TIPS
