author	selftext	created_at	s_id	permalink	title
301a81iv		1642738096.0	s91nw2	/r/PoliticalHumor/comments/s91nw2/dueling_bozos/	Dueling Bozos
68exmtvd		1643116295.0	scdeed	/r/PoliticalHumor/comments/scdeed/redundant_spell_dunno_what_the_big_deal_is_biden/	Redundant spell... Dunno what the big deal is, Biden was just speaking the truth
e7z6qy59		1643119548.0	sceiom	/r/PoliticalHumor/comments/sceiom/пристал_как_банный_лист/	Пристал, как банный лист!
i5db0c3f		1643119874.0	scemrb	/r/PoliticalHumor/comments/scemrb/reminder_that_if_you_are_a_white_person_it_is/	Reminder that if you are a white person it is your duty to dodge the draft
15p8sc		1643127230.0	schaba	/r/PoliticalHumor/comments/schaba/maybe_compromising_photos_with_the_brown_mm/	Maybe compromising photos with the brown m&m
f1rrw9zt		1643127705.0	schgxa	/r/PoliticalHumor/comments/schgxa/clinton_bush_obama_and_trump_all_saw_their_party/	Clinton, Bush, Obama, and Trump all saw their party lose control of the Congress. If you want to keep it, pretend you don't have the White House. Which honestly, should feel kinda easy right now.
130vg9		1643130773.0	scim5e	/r/PoliticalHumor/comments/scim5e/das_rite_liberal_whiteboi_trump_is_based_fingol/	Das rite liberal whiteboi. Trump is based FINGOL BIPOC. Deal with it 8)
4bxi11t9		1643132693.0	scjcrc	/r/PoliticalHumor/comments/scjcrc/10_year_challenge/	10 year challenge
3u6pqaen		1643134266.0	scjyzn	/r/PoliticalHumor/comments/scjyzn/maybe_later/	Maybe later
35u17m0q		1643136564.0	sckuhb	/r/PoliticalHumor/comments/sckuhb/this_is_what_kelli_stavast_heard/	This is what Kelli Stavast heard.
gauueg77		1643140583.0	scmcs7	/r/PoliticalHumor/comments/scmcs7/food_rights_that_is_socialism_eat_your_bootstraps/	Food rights?! That is socialism! Eat your bootstraps!
gtertj3d		1643144491.0	scntv5	/r/PoliticalHumor/comments/scntv5/idiocracy_2_the_documentary/	Idiocracy 2 The Documentary
f1rrw9zt		1643144494.0	scntwi	/r/PoliticalHumor/comments/scntwi/some_of_you_thought_i_was_exaggerating_but_i_told/	Some of you thought I was exaggerating but I told you this is how they think.
11l8gh8j		1643145492.0	sco7el	/r/PoliticalHumor/comments/sco7el/round_and_round/	Round and round
gauueg77		1643145773.0	scob7k	/r/PoliticalHumor/comments/scob7k/not_my_problem/	Not my problem
ajvcev1l		1643145946.0	scodhh	/r/PoliticalHumor/comments/scodhh/tucker_just_cant_help_himself/	Tucker just can’t help himself.
gtertj3d		1643146943.0	scoqlo	/r/PoliticalHumor/comments/scoqlo/idiocracy_2_the_documentary/	Idiocracy 2 The Documentary
afz0c6qp		1643147936.0	scp2m3	/r/PoliticalHumor/comments/scp2m3/pointing_spiderman_template/	Pointing Spider-Man template
gstak7b5		1643148427.0	scp8yc	/r/PoliticalHumor/comments/scp8yc/the_ultimate_snowflakes/	The ultimate snowflakes
c0nftp2e		1643148920.0	scpfcq	/r/PoliticalHumor/comments/scpfcq/vladimir_putin_in_2035/	Vladimir Putin in 2035
uhc3d7i		1643151483.0	scqdvx	/r/PoliticalHumor/comments/scqdvx/russia_stay_away/	Russia, stay away
156vk		1643152262.0	scqo3k	/r/PoliticalHumor/comments/scqo3k/isnt_it_awesome/	Isn't It Awesome?!
3gcfkhy1		1643152804.0	scqvf3	/r/PoliticalHumor/comments/scqvf3/she_did_not_deserve_the_insult/	She did not deserve the insult.
156vk		1643153600.0	scr5s6	/r/PoliticalHumor/comments/scr5s6/the_old_creating_the_world_the_young_will_live_in/	The Old Creating the World the Young Will Live In
8tb3fmmt		1643153636.0	scr68o	/r/PoliticalHumor/comments/scr68o/make_candy_sexy_again/	Make Candy Sexy Again
156vk		1643155062.0	scrp0x	/r/PoliticalHumor/comments/scrp0x/mission_fking_accomplished/	Mission F**king Accomplished!
30ijprsk		1643159388.0	sct991	/r/PoliticalHumor/comments/sct991/it_never_hurts_to_ask/	It never hurts to ask
gtertj3d		1643159939.0	sctg6s	/r/PoliticalHumor/comments/sctg6s/idiocracy_2_the_documentary/	Idiocracy 2 The Documentary
dloxz856		1643162080.0	scu6uf	/r/PoliticalHumor/comments/scu6uf/how_tucker_spends_his_free_time/	How Tucker spends his free time
i15yf		1643162221.0	scu8i0	/r/PoliticalHumor/comments/scu8i0/nat_1/	Nat 1
z8gyi		1643163035.0	scuiih	/r/PoliticalHumor/comments/scuiih/russia_if_youre_listening_to_fuck_yourself/	Russia, if you’re listening, to fuck yourself
e5vikqoy		1643168600.0	scwerm	/r/PoliticalHumor/comments/scwerm/your_move_biden/	Your move Biden
6f1m5kn5		1643168696.0	scwfxa	/r/PoliticalHumor/comments/scwfxa/any_different_between_biden_and/	Any different between Biden and….
7xjeg		1643169201.0	scwlvt	/r/PoliticalHumor/comments/scwlvt/our_kennedy_curse/	Our Kennedy Curse...
hkcf4fg		1643180276.0	sczudp	/r/PoliticalHumor/comments/sczudp/the_dream_for_my_kids/	the dream for my kids
1m13bvi		1643186738.0	sd1g6b	/r/PoliticalHumor/comments/sd1g6b/burisma_and_then_some/	Burisma and then some.
