author	selftext	created_at	s_id	permalink	title
3kd3yfdw	Sorry if this feels like the laziest post, am in a hurry and couldn't think of any other place to go for assistance :)   The story is as follows:  В конфликтный ситуации, не надо раздражаться.    Должен выражаться спокойно и ясно, не нужно ссориться.    Если конфликт начал, нужно общаться.    Не говорить во время конфликта: "ты виноват, я прав!"    Надо обсуждать с другим человеком, чтобы узнать, в чём дело.    Надо стараться слушать с другим человеком, признаться в своих ошибках и извиняться.    Тогда можно предлагать решение или найти компромисс.    Надо отстоять своё мнение, но тоже прийти к общему мнению и мириться.	1642694215.0	s8m41b	/r/russian/comments/s8m41b/is_this_short_story_grammatically_correct_tysm/	Is this short story grammatically correct? TYSM!
8wwxjcdc	Hii, I'm looking for someone kind whose native language is Russian and would like to tell me if my pronunciation in the song I recorded is okay or not. I'd like to do my best with recording this song. It's "детство" (Rauf & Faik). If someone is willing to help let me know, I'll be really grateful!  хорошего дня!	1642701630.0	s8owvl	/r/russian/comments/s8owvl/a_native_needed_to_check_the_song/	A native needed to check the song
36xmcflk		1642792532.0	s9ifvv	/r/russian/comments/s9ifvv/can_someone_please_translate_this_letter_im_sure/	Can someone please translate this letter? I'm sure it's not good
atbtheq4	For example:  * Мне тридцать четыре года.  * Мне двенадцать лет.  What's the difference? When do I use лет instead of года, and vice versa?	1642854521.0	sa1hdd	/r/russian/comments/sa1hdd/when_do_i_use_лет_instead_of_года_to_express_my/	When do I use лет instead of года to express my age and vice versa? Is there a rule for this?
bikgden7		1642857545.0	sa2cnu	/r/russian/comments/sa2cnu/почему_звучит_33_мужчины_странно_а_33_дедушки/	Почему звучит "33 мужчины" странно, а "33 дедушки" нормально?
cn7yq2ul		1642860145.0	sa35ru	/r/russian/comments/sa35ru/what_is_the_meaning_of_шaлaй_вaлaй/	What is the meaning of шaлaй вaлaй?
2y5iebtw	I'm still pretty fresh into learning. I use Memrise and Busuu in tandem and both use "А вы?" when responding to either "Как дела?" or "Как поживаешь?". I'm confused as to why it wouldn't be a singular "А ты"? My only guess is that I've noticed plurals are used when a sense of respect is trying to be addressed to someone, but that doesn't seem right.	1642910539.0	sakm7u	/r/russian/comments/sakm7u/а_вы/	А вы?
4izqwn1a	Hi! I'm from the northwest in America and I work at a float spa. Recently, we've seen a lot of new Russian clients, as I suppose the word is spreading in the community about our services. I find it very interesting that almost all of our Russian clients seem particularly interested and curious regarding our sanitization process and the cleanliness of the facility. We have top notch filters and clean each room extensively between client use, so we've been able to satisfy most questions, but one woman says her brother will have nothing to do with us anyway, since he assumes it simply can't be cleanly enough! I find it amusing and somewhat endearing, that each time I show a room, I am asked question after question about our cleaning process. It has me wondering whether this is a shared concern for people back in Russia? And whether cleanliness is something everybody discusses or is concerned about all the time there? I don't know very much about Russian culture at all, to be honest, and I am so curious. Please inform me!	1642922386.0	sanyms	/r/russian/comments/sanyms/question_about_cultural_values_surrounding/	Question about cultural values surrounding cleanly public places.
e4lo1	Hi, everyone! I've got a question about nuance in Russian. I have no knowledge of Russian at all, so I figured I'd ask the native speakers here. Here we go:  Recently, a Russian speaker started following me on Twitter. They left a comment on one of my screenshots which I felt was kind of uncalled for: "too simple". I told them that the way they phrased their answer could be seen as rude, and they responded with "\[paraphrased: I've taken a lot of these screenshots myself.\] **I'm sorry if I offended you**". Pushing aside the fact that I wasn't asking for critique or feedback, simply posting an image I liked, my question here is about the last line.  If this were an English speaker - either native or near-native- I wouldn't consider this much of an apology since they're not apologising for what they've done. The meaning of this way of phrasing an 'apology' is closer to: "Gosh, you feel that way, huh? Too bad". I don't know how this works in Russian, however, so I would love to know: does the Russian equivalent of the phrase carry the same connotation?  The reason I'm asking is that the person in question says they use Google Translate for a lot of their English communication, so this kind of nuance would be lost on them, but if the same connotation exists in Russian, it may be a different story.  I hope they mean well, but I was a bit stressed out this morning so this comment did not sit well with me. Thanks in advance for any replies and I hope you're all having a lovely weekend. \^\_\^	1642947026.0	saugvr	/r/russian/comments/saugvr/question_about_nuance_im_sorry_if_i_offended_you/	Question about nuance: I'm sorry if I offended you
ithh407i	If I'm a woman and my father's name is Matthew. Thanks in advance!	1642985369.0	sb8w3a	/r/russian/comments/sb8w3a/what_would_my_russian_middle_name_be/	What would my Russian middle name be?
65jn8oog		1642987725.0	sb9phf	/r/russian/comments/sb9phf/translation_help_please_ну_будешь_непосредственно/	Translation help please! ну, будешь непосредственно в самой москве, пиши! хулЕ.... ибо во внуково, с таким твоим поведением, я ебал ехать!
8mla2afz		1643002233.0	sbef41	/r/russian/comments/sbef41/critique_my_cursive_learned_it_for_the_first_time/	Critique my cursive? Learned it for the first time over the weekend and it still doesn't look right to me...
