author	selftext	created_at	s_id	permalink	title
1bf418yx	I am thinking of moving to Saudia with iqama. I have 10+ years experience in AI and data science. But I don't have computer science related degree or diploma. I did graduation in finance and accounting more than a decade ago. I also did a 1 year certification course 8 year ago in data analytics. I have also authored book in my area of work.  Just wondering if someone has been in same situation and were able to get valid iqama. In some countries for example in Germany, if you have 5+ years of experience in your job as a software or Tech industry professional, they consider it as compensating factor for lack of degree in same subject as your work. I am wondering if there is any such option in Saudia also.   Also, I saw in the website towards the end, there is a section for "Register without diploma". Does it mean we can apply for iqama even without degree in relevant subject?  https://www.saudieng.sa/English/Eservices/Accreditation/Pages/Guidelines-for-Registration-of-Technicians.aspx	1643101162.0	sc9dqu	/r/saudiarabia/comments/sc9dqu/iqama_without_diploma_for_it_jobs/	Iqama without diploma for IT jobs
doy2ivdf		1643134844.0	sck76b	/r/saudiarabia/comments/sck76b/who_else_thought_this_was_the_most_gourmet_shit/	Who else thought this was the most gourmet shit growing up
d8zr1tjn	Hey I’m 23 year old female  Looking to make new friends:)  In ((Jeddah))	1643143228.0	scncvy	/r/saudiarabia/comments/scncvy/looking_for_friends/	Looking for friends
96w5wyt9		1643168165.0	scw9pq	/r/saudiarabia/comments/scw9pq/somehow_it_has_other_meaning/	somehow it has other meaning
hhob96lw	Question from a native English speaker	1643169932.0	scwuec	/r/saudiarabia/comments/scwuec/what_does_نبض_متنقل_mean/	What does نبض متنقل mean?
