author	selftext	created_at	s_id	permalink	title
4bms149b	Curious as to what you do for money in this capitalist society. Do you like or hate your job? If we lived in a socialist society where you can have a high standard of living no matter what job you work, would you switch to something else?   I personally wouldn’t bother with education and just work some general labour job that contributes to society, and I’d be quite happy overall. I don’t really have a lot of passions. Most people only go to college to make a higher and more secure salary. Under socialism, there would be less incentive to do that and people would only pursue higher education if it was for something they enjoyed. I think we’d see a much smaller number of people pursuing a post secondary education if we didn’t live in capitalism.	1642648013.0	s88hcq	/r/socialism/comments/s88hcq/what_is_your_current_job_would_you_do_something/	What is your current job? Would you do something else if we lived in socialism?
7ipzlmzg		1642791153.0	s9hwx8	/r/socialism/comments/s9hwx8/how_corporations_took_over_farming/	How Corporations took over Farming?
i3l4zew7		1642794643.0	s9j83o	/r/socialism/comments/s9j83o/i_feel_that_the_left_suffer_because_they_dont/	I feel that the left suffer because they don’t stand up to the right wing when they stomp on us. True or not?
u1psu		1642795342.0	s9jhxq	/r/socialism/comments/s9jhxq/on_chinas_belt_and_road_initiative/	On China’s Belt and Road Initiative
5rc91lv2		1642806839.0	s9nu9h	/r/socialism/comments/s9nu9h/a_new_antibolshevik_bloc_of_nations_idelural_and/	A New Anti-Bolshevik Bloc of Nations? "Idel-Ural" and Banderite Foreign Policy
ruf4f		1642813400.0	s9q654	/r/socialism/comments/s9q654/on_the_death_of_lenin/	On The Death Of Lenin
5rc91lv2		1642823635.0	s9tfgw	/r/socialism/comments/s9tfgw/a_new_antibolshevik_bloc_of_nations_idelural_and/	A New Anti-Bolshevik Bloc of Nations? "Idel-Ural" and Banderite Foreign Policy
71e47odx	So i remember that i saw someone saying that Fidel Castro used to say how a long time ago if you were to ask a slave if he ever believed that the current system would change they wouldn't believe it, and then later when it did change if you were to ask a serf if he thought that the system would change and he would also say no. And so if you ask a proletariat if now he thinks the system would change he would also say no therefore the system would probably also change. I clearly remember seeing a quote just phrased differently and I'm pretty sure that i read that it was from Fidel Castro. So does anyone know how exactly the quote went?	1642836098.0	s9wy2i	/r/socialism/comments/s9wy2i/help_with_finding_a_quote/	Help with finding a quote
i4zqbo87	In the context of their material conditions. Buddha rejected hierarchies and brahmin traditions (like priesthood and sacrifice), allowed women to join sangha (community) and teach anyone who was willing, Jesus basically fucking despite rich people and said we should share our possessions. I'm not religious btw but given the historical time period they were kind of radical, it reminds me that we have struggled for egalitarianism and equality since dawn of time.	1642849137.0	sa03ye	/r/socialism/comments/sa03ye/buddha_and_jesus_were_both_revolutionary/	Buddha and Jesus were both revolutionary
151bl8		1642866924.0	sa5f9y	/r/socialism/comments/sa5f9y/state_duma_to_hash_over_communist_partysubmitted/	State Duma to hash over Communist Party-submitted draft appeal to president on recognizing Donetsk People's Republic and Luhansk People's Republic, says speaker
89cq1o0m	Either for news, memes, other forms of media?   I use Instagram more than Reddit but don’t know of any pages that would be an equivalent of this subreddit.  Thanks	1642876040.0	sa8po2	/r/socialism/comments/sa8po2/any_good_socialist_instagram_pages/	Any good Socialist Instagram pages?
57qvejz1		1642878516.0	sa9lyr	/r/socialism/comments/sa9lyr/holy_based_ceo/	HOLY BASED CEO???
inbxjswa		1642918420.0	samwtq	/r/socialism/comments/samwtq/join_a_union_today_and_enjoy_a_better_tomorrow/	Join a union today and enjoy a better tomorrow
5rc91lv2		1642918727.0	samzoi	/r/socialism/comments/samzoi/is_russia_imperialist/	Is Russia Imperialist?
5rc91lv2		1642922120.0	sanweb	/r/socialism/comments/sanweb/why_the_democratic_party_can_not_and_will_not_be/	Why The Democratic Party Can Not and Will Not Be “Pushed to the Left”
es9698oe		1642928578.0	sapimo	/r/socialism/comments/sapimo/this_cartoon_is_about_russia_but_i_think_you_can/	This cartoon is about Russia but I think you can find some moments which are similar to country you live in.
12pgr6	In today's world, we're still incentivized to compete with each other, to see others as our opponents. We haven't differentiated ourselves from other animals in this regard. Individual's gain is always at the cost of someone else's loss. There is no sense of community. Why can't we thrive together?  Additionaly, competition doesn't make sense from a deterministic standpoint, either. A person is born with certain dispositions which, together with events that occur in his life, decide how capable the person is going to be. Competing in anything is really no different from competing in dice rolling, yet it's the singular thing that decides one's quality of life.  "We're all going to die, all of us, what a circus! That alone should make us love each other but it doesn't. We are terrorized and flattened by trivialities, we are eaten up by nothing." -- Charles Bukowski  I'm just an ignorant kid with a pipe dream, but socialism still feels like the most reasonable way of going about things, yet many people seem to repudiate it without a moment's hesitation.	1642930101.0	sapvnu	/r/socialism/comments/sapvnu/isnt_socialism_the_first_step_towards_making/	Isn't socialism the first step towards making people care for each other?
iezv82da		1642945519.0	satz7p	/r/socialism/comments/satz7p/sex_workers_need_unions_to/	Sex workers need unions to
inbxjswa		1642945725.0	sau1ee	/r/socialism/comments/sau1ee/sex_workers_need_unions_as_well/	Sex workers need unions as well
bm4msyz1		1642956740.0	saxxiy	/r/socialism/comments/saxxiy/people_misunderstand_totalitarianism_because_they/	People misunderstand totalitarianism because they imagine that it must be a cruel, top-down phenomenon; they imagine thugs with guns and torture camps... They do not imagine a society in which many people share the vision of the tyrants and actively work to promote their ideology.
7ginf	I think it's safe bet that most people in this group knows that Freedom House is tied to the US State Department.  Does anybody know of an organization that is not tied or funded by any government agency?	1642969290.0	sb2uq8	/r/socialism/comments/sb2uq8/alternatives_to_freedom_house/	Alternatives to Freedom House
8w3sizma		1642969526.0	sb2xut	/r/socialism/comments/sb2xut/2024_ticket_confirmed/	2024 ticket confirmed
734uqdyp	I was walking campus when I saw a John Doyle sticker and thought "Oh dear god, these people are not just on the internet!" I immediately went back to my dorm and decided to start an organization. Today, I tore off that sticker and replaced it with something much better.	1642975688.0	sb5cib	/r/socialism/comments/sb5cib/praxis_baby_lets_go/	Praxis Baby, Let's Go!!!
fq3lpt7i		1642985838.0	sb921f	/r/socialism/comments/sb921f/neonazi_group_nsc131_standing_out_in_public_at_b/	Neo-Nazi group NSC131 standing out in public at B & W Hospital yesterday
bxvhbqde		1642986067.0	sb95bi	/r/socialism/comments/sb95bi/til_lenin_sent_the_army_to_suppress_a_workers/	TIL Lenin sent the army to suppress a worker's revolt and killed 3,000 workers, who were demanding wild things such as "the right to form a union" and "no armed bolshevik guards in the workplace"
fq3lpt7i		1642989531.0	sbabew	/r/socialism/comments/sbabew/neofascists_with_the_org_nsc131_stood_outside_b_w/	Neo-fascists with the org NSC131 stood outside B & W Hospital in Massachusetts yesterday
iticuphb	Hi I’m new to the socialist ideology and am starting to show interest in the idea but there is one thing that I’m still curious about, will I be able to enjoy sports cars?  Im not one of those dude bros who wants to buy a flashy car to show off in social media, I personally enjoy the art of speed and drifting, and even enjoy the amount of work and design put into the manufacturing of one. I consider it an art but I feel as if socialism is against cars and I’m violating the ideology by enjoying and learning about cars. Am I in the wrong? Or am I just misinformed?	1642995557.0	sbcbnj	/r/socialism/comments/sbcbnj/will_i_still_be_able_to_enjoy_cars/	Will I still be able to enjoy cars?
iticuphb	Are there any socialist car guys?	1642996157.0	sbciz6	/r/socialism/comments/sbciz6/weird_question/	Weird question
es9698oe		1643014889.0	sbhuzc	/r/socialism/comments/sbhuzc/mr_freeman_part_02_this_cartoon_was_made_about/	Mr Freeman - part 02 (This cartoon was made about Russia but I think you can find some interesting moments too)
aa25ujje		1643039415.0	sbp6c2	/r/socialism/comments/sbp6c2/sticker_i_made/	sticker I made
1mz6xlgr		1643042586.0	sbqdcc	/r/socialism/comments/sbqdcc/shirt_at_a_gift_shop_near_where_im_staying_in/	Shirt at a gift shop near where I’m staying in Flores, Guatemala
916aooqi		1643051295.0	sbtr3h	/r/socialism/comments/sbtr3h/hey_anticapitalism_in_one_of_my_favorite_subs/	Hey anti-capitalism in one of my favorite subs, that's cool lol
8w3sizma		1643057432.0	sbw4uk	/r/socialism/comments/sbw4uk/paid_leave_by_country/	Paid leave by country
eh5e2qz7		1643061767.0	sbxuix	/r/socialism/comments/sbxuix/whats_the_socialist_opinion_on_north_korea/	What's the socialist opinion on North Korea
inbxjswa		1643133288.0	scjkyr	/r/socialism/comments/scjkyr/we_support_amazon_workers/	We support Amazon workers
5rc91lv2		1643158747.0	sct0ym	/r/socialism/comments/sct0ym/us_and_russian_threats_over_ukrainewhat_theyre/	U.S. and Russian Threats Over Ukraine—What They’re About and Who’s the Aggressor
5rc91lv2		1643179856.0	sczqek	/r/socialism/comments/sczqek/roman_levine_ukrainian_jew_talks_about_his/	Roman Levine, Ukrainian Jew, talks about his conscientious objection from the israeli Forces, antisemitism, russophobia and war in Ukraine
5rc91lv2		1643182292.0	sd0cvw	/r/socialism/comments/sd0cvw/ches_last_soldier_chato_peredos_legacy_comes_to/	Che’s Last Soldier: Chato Peredo's legacy comes to the United States
5rc91lv2		1643185646.0	sd16yv	/r/socialism/comments/sd16yv/democrats_are_rushing_through_a_massive_ukraine/	Democrats Are Rushing Through a Massive Ukraine "Defense" Bill
5rc91lv2		1643191030.0	sd2g46	/r/socialism/comments/sd2g46/graphika_the_deep_states_beard_for_controlling/	Graphika: The Deep State’s Beard for Controlling the Information Age
